name;Noise;NoiseSuspect;SIG;w
com.google.common.reflect.TypeToken$SimpleTypeToken;0;0;0,419;0,006
com.google.common.collect.ImmutableMultimap$Itr;0;0;0,895;0,01
com.google.common.collect.HashBiMap$Inverse$1;0;0;0,912;0,011
com.google.common.collect.Maps$ValueDifferenceImpl;0;1;0,801;0,008
com.google.common.collect.ImmutableMultimap$FieldSettersHolder;0;0;0,9;0,01
com.google.common.collect.DenseImmutableTable$Column;0;0;0,94;0,012
com.google.common.collect.PeekingIterator;0;1;0,952;0,013
com.google.common.collect.FilteredKeyListMultimap;0;0;0,93;0,012
com.google.common.collect.MapMakerInternalMap$EvictionQueue$2;0;0;0,831;0,008
com.google.common.collect.ImmutableClassToInstanceMap$Builder;0;0;0,906;0,01
com.google.common.primitives.SignedBytes$LexicographicalComparator;0;0;0,465;0,006
com.google.common.base.Predicates$ContainsPatternPredicate;1;0;0,993;0,047
com.google.common.collect.MapMakerInternalMap$EvictionQueue$1;0;0;0,831;0,008
com.google.common.collect.LinkedListMultimap$3$1;0;0;0,859;0,009
com.google.common.collect.RegularImmutableMap;0;1;0,9;0,01
com.google.common.base.Objects$ToStringHelper;1;0;0,993;0,077
com.google.common.util.concurrent.ServiceManager$ListenerExecutorPair;0;0;0,311;0,006
com.google.common.reflect.ClassPath$1;0;0;0,455;0,006
com.google.common.collect.AbstractSortedKeySortedSetMultimap;0;0;0,958;0,014
com.google.common.collect.TreeTraverser$PostOrderIterator;0;0;0,646;0,007
com.google.common.collect.MultimapBuilder$SetMultimapBuilder;0;0;0,794;0,008
com.google.common.cache.CacheBuilderSpec;1;0;0,984;0,025
com.google.common.base.Joiner;1;0;0,994;0,083
com.google.common.hash.Hashing$ChecksumType$2;0;0;0,6;0,007
com.google.common.hash.Hashing$ChecksumType$1;0;0;0,601;0,007
com.google.common.collect.DenseImmutableTable$ColumnMap;0;0;0,94;0,012
com.google.common.collect.AbstractMultimap$Values;0;0;0,96;0,015
com.google.common.net.HostSpecifier;0;0;0,523;0,006
com.google.thirdparty.publicsuffix.PublicSuffixType;0;0;0,336;0,006
com.google.common.util.concurrent.AbstractIdleService$3;0;0;0,4;0,006
com.google.common.collect.Lists$Partition;0;0;0,853;0,009
com.google.common.hash.Hashing$SipHash24Holder;0;0;0,594;0,007
com.google.common.io.Resources$1;0;0;0,534;0,006
com.google.common.util.concurrent.AbstractScheduledService$Scheduler$1;0;0;0,394;0,006
com.google.common.util.concurrent.AbstractScheduledService$Scheduler$2;0;0;0,394;0,006
com.google.common.collect.Sets$PowerSet$1;0;0;0,745;0,007
com.google.common.util.concurrent.AbstractIdleService$1;0;0;0,402;0,006
com.google.common.util.concurrent.AbstractIdleService$2;0;0;0,401;0,006
com.google.common.base.Functions;0;0;0,0;0,006
com.google.common.collect.MapMakerInternalMap$Strength;0;0;0,946;0,013
com.google.common.math.DoubleUtils;0;0;0,532;0,006
com.google.common.collect.Constraints$ConstrainedListIterator;0;0;0,944;0,013
com.google.common.collect.ImmutableSortedSet$Builder;0;0;0,942;0,012
com.google.common.util.concurrent.Service;0;0;0,403;0,006
com.google.common.collect.Multimaps$UnmodifiableMultimap;0;0;0,784;0,008
com.google.common.cache.RemovalListeners;0;0;0,0;0,006
com.google.common.collect.Maps$FilteredEntryMap$EntrySet;0;0;0,811;0,008
com.google.common.collect.StandardTable;0;0;0,914;0,011
com.google.common.collect.ImmutableSortedMultiset$SerializedForm;0;0;0,881;0,009
com.google.common.cache.Striped64$Cell;0;0;0,972;0,017
com.google.common.base.Converter$1;1;0;0,999;0,155
com.google.common.collect.ImmutableEntry;0;1;0,913;0,011
com.google.common.base.Joiner$1;1;0;0,994;0,083
com.google.common.io.Closer$SuppressingSuppressor;0;0;0,557;0,007
com.google.common.base.Joiner$2;1;0;0,994;0,082
com.google.common.collect.StandardTable$1;0;0;0,712;0,007
com.google.common.util.concurrent.SimpleTimeLimiter;0;0;0,289;0,006
com.google.common.base.Joiner$3;1;0;0,993;0,082
com.google.common.collect.AbstractTable$1;0;0;0,957;0,014
com.google.common.primitives.Chars$CharArrayAsList;0;0;0,484;0,006
com.google.common.base.CharMatcher$BitSetMatcher;1;0;1,0;0,201
com.google.common.base.FinalizableReferenceQueue$SystemLoader;1;0;0,997;0,11
com.google.common.io.LineReader$1;0;0;0,539;0,007
com.google.common.collect.Lists$AbstractListWrapper;0;0;0,855;0,009
com.google.common.collect.AbstractMapBasedMultiset;0;0;0,961;0,015
com.google.common.collect.Multisets$FilteredMultiset$1;0;0;0,777;0,008
com.google.common.collect.DiscreteDomain$LongDomain;0;0;0,937;0,012
com.google.common.collect.SortedLists$1;0;0;0,724;0,007
com.google.common.hash.ChecksumHashFunction;0;0;0,612;0,007
com.google.common.base.Equivalence$Identity;1;0;0,998;0,121
com.google.common.collect.MapConstraints$ConstrainedEntries$1;0;0;0,846;0,009
com.google.common.collect.EnumBiMap;0;0;0,934;0,012
com.google.common.collect.AbstractNavigableMap$1;0;0;0,959;0,014
com.google.common.base.AbstractIterator$1;1;0;1,0;0,83
com.google.common.escape.Platform;0;0;0,638;0,007
com.google.common.collect.ImmutableSortedMultisetFauxverideShim;0;0;0,88;0,009
com.google.common.collect.EmptyImmutableListMultimap;0;0;0,936;0,012
com.google.common.collect.Collections2$FilteredCollection;0;0;0,95;0,013
com.google.common.collect.ImmutableMultiset$SerializedForm;0;0;0,89;0,01
com.google.common.reflect.TypeResolver$1;0;0;0,444;0,006
com.google.common.collect.RegularImmutableTable$CellSet$1;0;0;0,754;0,007
com.google.common.collect.FluentIterable$1;0;0;0,927;0,011
com.google.common.collect.Maps$FilteredEntrySortedMap;0;1;0,808;0,008
com.google.common.cache.CacheBuilderSpec$KeyStrengthParser;1;0;0,983;0,024
com.google.common.collect.ArrayTable$ColumnMap;0;0;0,954;0,014
com.google.common.collect.Iterators$PeekingImpl;0;1;0,863;0,009
com.google.common.hash.Funnels$IntegerFunnel;0;0;0,609;0,007
com.google.common.collect.ForwardingList;0;0;0,944;0,013
com.google.common.collect.Multimaps$Keys$1;0;0;0,788;0,008
com.google.common.escape.Escapers$Builder;0;0;0,635;0,007
com.google.common.cache.LocalCache$Segment;0;1;0,98;0,021
com.google.common.collect.HashBiMap;0;0;0,913;0,011
com.google.common.collect.Maps$EntryTransformer;0;1;0,819;0,008
com.google.common.collect.Ordering;0;1;0,957;0,014
com.google.common.io.ByteSource$ConcatenatedByteSource;0;0;0,574;0,007
com.google.common.collect.ForwardingNavigableSet$StandardDescendingSet;0;0;0,919;0,011
com.google.common.collect.EnumMultiset;0;0;0,934;0,012
com.google.common.cache.CacheBuilderSpec$ConcurrencyLevelParser;1;0;0,982;0,023
com.google.common.collect.AllEqualOrdering;0;0;0,956;0,014
com.google.common.util.concurrent.CheckedFuture;0;1;0,406;0,006
com.google.common.io.GwtWorkarounds$6;0;0;0,544;0,007
com.google.common.reflect.Types$JavaVersion$3;0;0;0,41;0,006
com.google.common.reflect.Types$JavaVersion$1;0;0;0,41;0,006
com.google.common.reflect.Types$JavaVersion$2;0;0;0,411;0,006
com.google.common.util.concurrent.Striped$2;0;0;0,287;0,006
com.google.common.io.GwtWorkarounds$1;0;0;0,547;0,007
com.google.common.util.concurrent.Striped$1;0;0;0,288;0,006
com.google.common.collect.ConcurrentHashMultiset$FieldSettersHolder;0;0;0,945;0,013
com.google.common.io.GwtWorkarounds$4;0;0;0,545;0,007
com.google.common.collect.Lists$TwoPlusArrayList;0;0;0,849;0,009
com.google.common.io.GwtWorkarounds$5;0;0;0,545;0,007
com.google.common.collect.ForwardingImmutableMap;0;0;0,0;0,006
com.google.common.io.GwtWorkarounds$2;0;0;0,546;0,007
com.google.common.io.GwtWorkarounds$3;0;0;0,546;0,007
com.google.common.io.ByteSource$1;0;0;0,575;0,007
com.google.common.collect.Cut$1;0;0;0,942;0,012
com.google.common.cache.LocalCache$Values;0;1;0,974;0,018
com.google.common.cache.LocalCache$WeakValueReference;0;0;0,976;0,019
com.google.common.collect.MapConstraints$ConstrainedMap;0;0;0,846;0,009
com.google.common.util.concurrent.Futures$ChainingListenableFuture;0;1;0,36;0,006
com.google.common.collect.TreeRangeSet$ComplementRangesByLowerBound$2;0;0;0,653;0,007
com.google.common.collect.RegularImmutableMap$1;0;0;0,762;0,007
com.google.common.util.concurrent.Striped$PaddedSemaphore;0;0;0,287;0,006
com.google.common.collect.SortedLists$KeyPresentBehavior$2;0;0;0,72;0,007
com.google.common.collect.SortedLists$KeyPresentBehavior$1;0;0;0,72;0,007
com.google.common.util.concurrent.ServiceManager$1;0;0;0,313;0,006
com.google.common.collect.SortedLists$KeyPresentBehavior$4;0;0;0,72;0,007
com.google.common.base.Equivalence$1;1;0;0,998;0,119
com.google.common.collect.SortedLists$KeyPresentBehavior$3;0;0;0,72;0,007
com.google.common.collect.SortedLists$KeyPresentBehavior$5;0;0;0,72;0,007
com.google.common.base.FinalizableReferenceQueue;1;0;0,998;0,116
com.google.common.collect.Multimaps$UnmodifiableMultimap$1;0;0;0,784;0,008
com.google.common.collect.Cut$BelowValue;0;0;0,941;0,012
com.google.common.collect.ImmutableSetMultimap$Builder;0;0;0,884;0,01
com.google.common.collect.ImmutableMapEntrySet;0;0;0,94;0,012
com.google.common.collect.Multimaps;0;0;0,96;0,015
com.google.common.collect.ClassToInstanceMap;0;0;0,906;0,01
com.google.common.collect.ImmutableMultiset;0;0;0,893;0,01
com.google.common.util.concurrent.Futures$ChainingListenableFuture$1;0;0;0,36;0,006
com.google.common.collect.ImmutableMultimap$Keys;0;0;0,893;0,01
com.google.common.collect.Multisets$AbstractEntry;0;0;0,961;0,015
com.google.common.util.concurrent.UncheckedTimeoutException;0;0;0,288;0,006
com.google.common.collect.AbstractMapBasedMultimap$AsMap$AsMapIterator;0;0;0,965;0,016
com.google.common.hash.Hasher;0;0;0,621;0,007
com.google.common.io.ByteSource;0;0;0,584;0,007
com.google.common.collect.ComputingConcurrentHashMap$ComputedReference;0;0;0,947;0,013
com.google.common.primitives.UnsignedBytes;0;0;0,59;0,007
com.google.common.collect.Maps$FilteredEntryMap$EntrySet$1$1;0;0;0,811;0,008
com.google.common.util.concurrent.AbstractScheduledService$1$4;0;0;0,397;0,006
com.google.common.base.CharMatcher$And;1;0;1,0;0,207
com.google.common.util.concurrent.AbstractScheduledService$1$3;0;0;0,398;0,006
com.google.common.util.concurrent.AbstractScheduledService$1$2;0;0;0,398;0,006
com.google.common.collect.ForwardingNavigableMap;0;0;0,92;0,011
com.google.common.util.concurrent.AbstractScheduledService$1$1;0;0;0,399;0,006
com.google.common.util.concurrent.Striped$5;0;0;0,286;0,006
com.google.common.util.concurrent.Striped$4;0;0;0,286;0,006
com.google.common.util.concurrent.Striped$3;0;0;0,287;0,006
com.google.common.collect.Sets$FilteredSortedSet;0;0;0,748;0,007
com.google.common.collect.TreeRangeSet$1;0;0;0,654;0,007
com.google.common.reflect.TypeResolver$TypeMappingIntrospector;0;0;0,444;0,006
com.google.common.collect.ImmutableMap$MapViewOfValuesAsSingletonSets;0;1;0,899;0,01
com.google.common.base.FinalizablePhantomReference;0;0;0,0;0,006
com.google.common.collect.RegularImmutableBiMap$Inverse$InverseEntrySet$1;0;0;0,765;0,007
com.google.common.io.MultiInputStream;0;0;0,574;0,007
com.google.common.base.Objects$ToStringHelper$ValueHolder;1;0;0,993;0,078
com.google.common.collect.Maps$EntryFunction;0;1;0,813;0,008
com.google.common.collect.AbstractTable$CellSet;0;0;0,957;0,014
com.google.common.hash.Hashing$Sha256Holder;0;0;0,595;0,007
com.google.common.collect.EmptyImmutableSortedSet;0;0;0,936;0,012
com.google.common.collect.ImmutableEnumSet;0;0;0,902;0,01
com.google.common.collect.AbstractMultimap$Entries;0;0;0,96;0,015
com.google.common.collect.HashBiMap$EntrySet$1;0;0;0,913;0,011
com.google.common.primitives.Doubles$LexicographicalComparator;0;0;0,481;0,006
com.google.common.collect.ArrayTable;0;0;0,956;0,014
com.google.common.base.Converter;1;0;1,0;0,372
com.google.common.collect.LinkedListMultimap;0;0;0,86;0,009
com.google.common.io.ByteSource$SlicedByteSource;0;0;0,573;0,007
com.google.common.base.Suppliers$SupplierFunction;1;0;0,988;0,028
com.google.common.io.CharSource$CharSequenceCharSource$1$1;0;0;0,565;0,007
com.google.common.primitives.Doubles;0;0;0,483;0,006
com.google.common.reflect.Types$WildcardTypeImpl;0;0;0,442;0,006
com.google.common.collect.MapConstraints$ConstrainedEntrySet;0;0;0,842;0,009
com.google.common.collect.ImmutableList$Builder;0;1;0,951;0,013
com.google.common.util.concurrent.ThreadFactoryBuilder;0;0;0,349;0,006
com.google.common.collect.DenseImmutableTable$RowMap;0;0;0,939;0,012
com.google.common.collect.AbstractMultiset;0;0;0,961;0,015
com.google.common.io.LineBuffer;0;0;0,54;0,007
com.google.common.primitives.Shorts;0;0;0,468;0,006
com.google.common.collect.AbstractTable$Values;0;0;0,957;0,014
com.google.common.collect.CompoundOrdering;0;0;0,948;0,013
com.google.common.collect.Iterators;1;0;0,98;0,022
com.google.common.cache.AbstractCache$SimpleStatsCounter;1;0;0,985;0,026
com.google.common.collect.MapMakerInternalMap$WeakEntry;0;0;0,834;0,008
com.google.common.collect.HashBiMap$Inverse$InverseKeySet$1;0;0;0,911;0,011
com.google.common.collect.Ordering$IncomparableValueException;0;0;0,933;0,012
com.google.common.collect.ImmutableMultiset$1;0;0;0,892;0,01
com.google.common.collect.TreeRangeSet$ComplementRangesByLowerBound$1;0;0;0,653;0,007
com.google.common.collect.Maps$TransformedEntriesMap$1;0;0;0,804;0,008
com.google.common.collect.Synchronized$SynchronizedMap;0;0;0,7;0,007
com.google.common.hash.Murmur3_32HashFunction$Murmur3_32Hasher;0;0;0,589;0,007
com.google.common.cache.Striped64$1;0;0;0,969;0,017
com.google.common.util.concurrent.UncaughtExceptionHandlers;0;0;0,0;0,006
com.google.common.primitives.Doubles$DoubleConverter;0;0;0,482;0,006
com.google.common.io.BaseEncoding$StandardBaseEncoding;0;0;0,581;0,007
com.google.common.reflect.ImmutableTypeToInstanceMap;0;0;0,45;0,006
com.google.common.base.CaseFormat$StringConverter;1;0;1,0;0,372
com.google.common.collect.StandardTable$Column$EntrySet;0;0;0,711;0,007
com.google.common.util.concurrent.ExecutionList$RunnableExecutorPair;0;0;0,373;0,006
com.google.common.collect.Tables$UnmodifiableTable;0;0;0,672;0,007
com.google.common.cache.CacheBuilder$1;1;0;0,984;0,025
com.google.common.cache.CacheBuilder$3;1;0;0,984;0,025
com.google.common.collect.Iterators$MergingIterator;0;1;0,864;0,009
com.google.common.cache.CacheBuilder$2;1;0;0,984;0,026
com.google.common.base.Functions$ForMapWithDefault;1;0;0,995;0,09
com.google.common.collect.ArrayTable$1$1;0;0;0,956;0,014
com.google.common.collect.Collections2$OrderedPermutationIterator;0;0;0,95;0,013
com.google.common.collect.Lists$RandomAccessPartition;0;0;0,849;0,009
com.google.common.collect.Lists$RandomAccessReverseList;0;0;0,849;0,009
com.google.common.collect.Multimaps$TransformedEntriesMultimap;0;0;0,785;0,008
com.google.common.collect.SortedLists;0;0;0,888;0,01
com.google.common.reflect.Types$ClassOwnership$1LocalClass;0;0;0,414;0,006
com.google.common.collect.ImmutableRangeSet;0;0;0,888;0,01
com.google.common.collect.StandardTable$ColumnMap$ColumnMapEntrySet$1;0;0;0,707;0,007
com.google.common.collect.AbstractSortedSetMultimap;0;0;0,958;0,014
com.google.common.base.Functions$FunctionForMapNoDefault;1;0;0,995;0,088
com.google.common.collect.ImmutableMultimap$Values;0;0;0,892;0,01
com.google.common.base.Converter$1$1;1;0;0,999;0,155
com.google.common.collect.ByFunctionOrdering;0;0;0,951;0,013
com.google.common.cache.ForwardingLoadingCache;1;0;0,981;0,022
com.google.common.collect.EmptyImmutableBiMap;0;0;0,936;0,012
com.google.common.collect.ImmutableListMultimap$Builder;0;0;0,9;0,01
com.google.common.collect.ImmutableSortedMap$SerializedForm;0;0;0,882;0,01
com.google.common.collect.ForwardingSortedMap;0;0;0,919;0,011
com.google.common.collect.Serialization;0;0;0,956;0,014
com.google.common.collect.Tables$UnmodifiableRowSortedMap;0;0;0,672;0,007
com.google.common.collect.ForwardingBlockingDeque;0;0;0,927;0,011
com.google.common.collect.StandardTable$ColumnMap$ColumnMapValues;0;0;0,706;0,007
com.google.common.collect.Synchronized$SynchronizedMultimap;0;0;0,694;0,007
com.google.common.primitives.UnsignedLong;0;0;0,457;0,006
com.google.common.util.concurrent.ExecutionError;0;1;0,976;0,019
com.google.common.io.CharSequenceReader;0;0;0,566;0,007
com.google.common.primitives.UnsignedInts;0;0;0,605;0,007
com.google.common.base.Enums;0;0;0,0;0,006
com.google.common.collect.TreeTraverser$PreOrderIterator;0;0;0,644;0,007
com.google.common.collect.Multisets$2$1;0;0;0,781;0,008
com.google.common.collect.UnmodifiableListIterator;0;1;0,966;0,016
com.google.common.collect.LinkedHashMultimap$ValueSet;0;0;0,861;0,009
com.google.common.collect.DenseImmutableTable;0;0;0,94;0,012
com.google.common.collect.ArrayTable$ArrayMap$1$1$1;0;0;0,955;0,014
com.google.common.collect.MinMaxPriorityQueue;0;0;0,801;0,008
com.google.common.base.Preconditions;1;0;1,0;1,0
com.google.common.collect.AbstractRangeSet;0;0;0,958;0,014
com.google.common.collect.BinaryTreeTraverser$InOrderIterator;0;0;0,953;0,014
com.google.common.collect.Collections2$OrderedPermutationCollection;0;0;0,95;0,013
com.google.common.collect.AbstractMultimap$EntrySet;0;0;0,96;0,015
com.google.common.util.concurrent.SettableFuture;0;0;0,977;0,02
com.google.common.base.Predicates$AssignableFromPredicate;1;0;0,993;0,048
com.google.common.collect.ImmutableMultiset$EntrySet$1;0;0;0,891;0,01
com.google.common.cache.LocalCache$AccessQueue;0;0;0,98;0,021
com.google.common.collect.TreeMultiset;0;0;0,881;0,009
com.google.common.util.concurrent.UncaughtExceptionHandlers$Exiter;0;0;0,281;0,006
com.google.common.util.concurrent.MoreExecutors$Application;0;0;0,348;0,006
com.google.common.cache.CacheBuilderSpec$MaximumWeightParser;1;0;0,982;0,023
com.google.common.collect.HashMultimap;0;0;0,909;0,011
com.google.common.net.PercentEscaper;0;0;0,518;0,006
com.google.common.collect.LinkedListMultimap$KeyList;0;0;0,86;0,009
com.google.common.collect.Lists$OnePlusArrayList;0;0;0,854;0,009
com.google.common.collect.Synchronized$SynchronizedNavigableSet;0;0;0,692;0,007
com.google.common.util.concurrent.AbstractCheckedFuture;0;0;0,406;0,006
com.google.common.util.concurrent.AtomicLongMap;0;0;0,385;0,006
com.google.common.util.concurrent.ExecutionList;0;0;0,402;0,006
com.google.common.collect.DescendingMultiset;0;0;0,958;0,014
com.google.common.collect.Maps$AsMapView;0;1;0,815;0,008
com.google.common.io.ByteSink$1;0;0;0,577;0,007
com.google.common.collect.ImmutableSet;0;1;0,958;0,014
com.google.common.primitives.Chars$LexicographicalComparator;0;0;0,484;0,006
com.google.common.collect.StandardTable$Column$KeySet;0;0;0,709;0,007
com.google.common.reflect.ClassPath$ResourceInfo;0;0;0,454;0,006
com.google.common.util.concurrent.AbstractFuture$Sync;0;0;0,402;0,006
com.google.common.collect.ForwardingNavigableMap$StandardNavigableKeySet;0;0;0,92;0,011
com.google.common.cache.CacheLoader;1;0;0,984;0,025
com.google.common.collect.MapMakerInternalMap$KeySet;0;0;0,828;0,008
com.google.common.collect.Cut$AboveValue;0;0;0,942;0,012
com.google.common.cache.LocalCache$SoftValueReference;0;0;0,976;0,019
com.google.common.collect.Maps$FilteredEntryBiMap;0;1;0,811;0,008
com.google.common.base.Splitter$Strategy;1;0;0,991;0,04
com.google.common.primitives.Longs$LexicographicalComparator;0;0;0,474;0,006
com.google.common.cache.Striped64$HashCode;0;0;0,972;0,017
com.google.common.util.concurrent.AbstractScheduledService$1;0;0;0,399;0,006
com.google.common.util.concurrent.AbstractScheduledService$3;0;0;0,396;0,006
com.google.common.util.concurrent.AbstractScheduledService$2;0;0;0,396;0,006
com.google.common.collect.ArrayTable$ArrayMap$1;0;0;0,955;0,014
com.google.common.collect.Sets$CartesianSet$1;0;0;0,749;0,007
com.google.common.base.Predicates$ObjectPredicate$1;1;0;0,992;0,044
com.google.common.cache.LocalCache$WeakEntry;0;0;0,979;0,021
com.google.common.hash.Hashing;0;0;0,614;0,007
com.google.common.reflect.TypeToken;0;0;0,63;0,007
com.google.common.collect.AbstractSequentialIterator;0;0;0,98;0,021
com.google.common.collect.EmptyImmutableSet;0;0;0,935;0,012
com.google.common.collect.MapDifference$ValueDifference;0;1;0,841;0,009
com.google.common.collect.TreeTraverser;0;0;0,952;0,013
com.google.common.collect.AbstractMapBasedMultimap$SortedAsMap;0;0;0,964;0,015
com.google.common.io.Files;0;0;0,55;0,007
com.google.common.collect.ForwardingCollection;0;0;0,944;0,013
com.google.common.collect.MapMakerInternalMap$StrongEvictableEntry;0;0;0,834;0,008
com.google.common.base.Functions$1;1;0;0,995;0,086
com.google.common.collect.FilteredEntryMultimap$Keys$1$1;0;0;0,932;0,012
com.google.common.collect.FilteredKeyMultimap$AddRejectingList;0;0;0,93;0,012
com.google.common.reflect.Types$JavaVersion;0;0;0,418;0,006
com.google.common.hash.HashCode$BytesHashCode;0;0;0,605;0,007
com.google.common.base.Predicates$ObjectPredicate$4;1;0;0,992;0,044
com.google.common.base.Predicates$ObjectPredicate$3;1;0;0,992;0,044
com.google.common.base.Predicates$ObjectPredicate$2;1;0;0,992;0,044
com.google.common.collect.ImmutableTable;0;0;0,879;0,009
com.google.common.cache.LoadingCache;1;0;0,985;0,026
com.google.common.collect.ImmutableList$SubList;0;1;0,901;0,01
com.google.common.base.FunctionalEquivalence;1;0;0,998;0,117
com.google.common.collect.DenseImmutableTable$Row;0;0;0,939;0,012
com.google.common.collect.SortedLists$KeyAbsentBehavior;0;0;0,888;0,01
com.google.common.base.Suppliers$SupplierFunctionImpl;1;0;0,988;0,028
com.google.common.hash.ChecksumHashFunction$1;0;0;0,612;0,007
com.google.common.collect.ImmutableSortedMap$Builder;0;0;0,882;0,01
com.google.common.collect.Multimaps$MapMultimap$1;0;0;0,786;0,008
com.google.thirdparty.publicsuffix.PublicSuffixPatterns;0;0;0,521;0,006
com.google.common.base.Predicates$ObjectPredicate;1;0;0,992;0,045
com.google.common.collect.WellBehavedMap$EntrySet;0;0;0,642;0,007
com.google.common.cache.CacheBuilderSpec$DurationParser;1;0;0,984;0,025
com.google.common.reflect.TypeToken$InterfaceSet;0;0;0,433;0,006
com.google.common.collect.Sets$SubSet$1;0;0;0,744;0,007
com.google.common.collect.Maps$KeySet;0;0;0,964;0,015
com.google.common.collect.Maps$NavigableAsMapView;0;1;0,806;0,008
com.google.common.collect.AbstractIterator$1;0;0;0,966;0,016
com.google.common.cache.LongAddables$1;0;1;0,972;0,018
com.google.common.io.CountingInputStream;0;0;0,556;0,007
com.google.common.cache.LongAddables$2;0;1;0,972;0,017
com.google.common.collect.HashBiMap$Inverse$1$1;0;0;0,912;0,011
com.google.common.collect.AbstractMapBasedMultimap$1;0;0;0,965;0,016
com.google.common.collect.MultimapBuilder$1;0;0;0,799;0,008
com.google.common.collect.AbstractMapBasedMultimap$2;0;0;0,965;0,016
com.google.common.collect.MultimapBuilder$2;0;0;0,798;0,008
com.google.common.collect.FilteredEntryMultimap$AsMap$3;0;0;0,932;0,012
com.google.common.collect.ImmutableMultimap$1;0;0;0,895;0,01
com.google.common.collect.MultimapBuilder$3;0;0;0,798;0,008
com.google.common.collect.MultimapBuilder$4;0;0;0,798;0,008
com.google.common.util.concurrent.AbstractService$9;0;0;0,388;0,006
com.google.common.util.concurrent.AbstractService$8;0;0;0,389;0,006
com.google.common.base.Present;1;0;0,993;0,074
com.google.common.util.concurrent.AbstractService$7;0;0;0,389;0,006
com.google.common.collect.FilteredEntryMultimap$AsMap$1;0;0;0,933;0,012
com.google.common.collect.FilteredEntryMultimap$AsMap$2;0;0;0,933;0,012
com.google.common.collect.ImmutableMultimap$2;0;0;0,895;0,01
com.google.common.util.concurrent.AbstractService$2;0;0;0,391;0,006
com.google.common.util.concurrent.AbstractService$1;0;0;0,392;0,006
com.google.common.collect.SortedLists$KeyPresentBehavior;0;0;0,888;0,01
com.google.common.util.concurrent.AbstractService$6;0;0;0,389;0,006
com.google.common.util.concurrent.AbstractService$5;0;0;0,39;0,006
com.google.common.reflect.Types$TypeVariableImpl;0;0;0,408;0,006
com.google.common.util.concurrent.AbstractService$4;0;0;0,39;0,006
com.google.common.util.concurrent.AbstractService$3;0;0;0,391;0,006
com.google.common.primitives.UnsignedBytes$LexicographicalComparatorHolder$PureJavaComparator;0;0;0,464;0,006
com.google.common.collect.StandardTable$Row$RowEntrySet$1;0;0;0,705;0,007
com.google.common.io.Files$FilePredicate$1;0;0;0,55;0,007
com.google.common.collect.Lists$TransformingSequentialList;0;0;0,85;0,009
com.google.common.io.Files$FilePredicate$2;0;0;0,549;0,007
com.google.common.util.concurrent.Striped$PaddedLock;0;0;0,288;0,006
com.google.common.collect.ForwardingIterator;0;0;0,945;0,013
com.google.common.reflect.Types$GenericArrayTypeImpl;0;0;0,412;0,006
com.google.common.util.concurrent.Striped$PowerOfTwoStriped;0;0;0,285;0,006
com.google.common.base.CharMatcher$NegatedMatcher;1;0;1,0;0,187
com.google.common.math.DoubleMath$MeanAccumulator;0;0;0,531;0,006
com.google.common.collect.TreeRangeMap$SubRangeMap$SubRangeMapAsMap$2$1;0;0;0,659;0,007
com.google.common.collect.RegularImmutableBiMap$Inverse$InverseEntrySet;0;0;0,765;0,007
com.google.common.eventbus.AnnotatedSubscriberFinder$MethodIdentifier;0;0;0,63;0,007
com.google.common.collect.MapMakerInternalMap$NullEntry;0;0;0,831;0,008
com.google.common.primitives.Floats$FloatArrayAsList;0;0;0,48;0,006
com.google.common.collect.FilteredEntryMultimap;0;0;0,933;0,012
com.google.common.collect.TreeRangeMap$RangeMapEntry;0;0;0,661;0,007
com.google.common.io.Files$2;0;0;0,551;0,007
com.google.common.collect.Maps$UnmodifiableNavigableMap;0;1;0,801;0,008
com.google.common.io.Files$1;0;0;0,552;0,007
com.google.common.collect.AbstractMapBasedMultimap$KeySet;0;0;0,964;0,015
com.google.common.collect.Lists$RandomAccessListWrapper;0;0;0,855;0,009
com.google.common.collect.MapMakerInternalMap$ValueIterator;0;0;0,822;0,008
com.google.common.reflect.TypeToken$3;0;0;0,435;0,006
com.google.common.reflect.TypeToken$4;0;0;0,434;0,006
com.google.common.collect.ComputingConcurrentHashMap$ComputingSerializationProxy;0;0;0,946;0,013
com.google.common.reflect.TypeToken$1;0;0;0,436;0,006
com.google.common.reflect.TypeToken$2;0;0;0,436;0,006
com.google.common.collect.Multimaps$MapMultimap$1$1;0;0;0,786;0,008
com.google.common.io.CharStreams;0;0;0,566;0,007
com.google.common.collect.MapMakerInternalMap$SoftExpirableEvictableEntry;0;0;0,826;0,008
com.google.common.eventbus.AllowConcurrentEvents;0;0;0,0;0,006
com.google.common.reflect.AbstractInvocationHandler;0;0;0,455;0,006
com.google.common.util.concurrent.Futures$3;0;1;0,362;0,006
com.google.common.util.concurrent.Runnables$1;0;0;0,334;0,006
com.google.common.collect.ForwardingSortedSetMultimap;0;0;0,916;0,011
com.google.common.util.concurrent.Futures$2;0;1;0,363;0,006
com.google.common.util.concurrent.Futures$5;0;1;0,361;0,006
com.google.common.collect.Multimaps$TransformedEntriesMultimap$1;0;0;0,785;0,008
com.google.common.util.concurrent.Futures$4;0;1;0,362;0,006
com.google.common.util.concurrent.Futures$6;0;1;0,36;0,006
com.google.common.cache.LocalCache$Segment$1;0;0;0,976;0,019
com.google.common.collect.AbstractIndexedListIterator;0;0;0,966;0,016
com.google.common.util.concurrent.AbstractService$StateSnapshot;0;0;0,387;0,006
com.google.common.collect.CollectPreconditions;0;1;0,967;0,016
com.google.common.util.concurrent.Futures$1;0;1;0,363;0,006
com.google.common.reflect.TypeCapture;0;0;0,445;0,006
com.google.common.util.concurrent.CycleDetectingLockFactory$Policy;0;0;0,378;0,006
com.google.common.eventbus.AsyncEventBus;0;0;0,629;0,007
com.google.common.reflect.TypeVisitor;0;0;0,444;0,006
com.google.common.collect.Lists$TransformingRandomAccessList$1;0;0;0,851;0,009
com.google.common.collect.BinaryTreeTraverser$PostOrderIterator;0;0;0,953;0,013
com.google.common.collect.MapConstraints$ConstrainedListMultimap;0;0;0,845;0,009
com.google.common.base.Splitter$1$1;1;0;0,991;0,041
com.google.common.util.concurrent.RateLimiter$SleepingTicker;0;0;0,337;0,006
com.google.common.base.Suppliers$ExpiringMemoizingSupplier;1;0;0,988;0,029
com.google.common.base.AbstractIterator$State;1;0;1,0;0,83
com.google.common.base.PairwiseEquivalence;1;0;0,998;0,117
com.google.common.base.Suppliers;1;0;0,984;0,025
com.google.common.math.DoubleMath;0;0;0,532;0,006
com.google.common.util.concurrent.AbstractScheduledService$CustomScheduler;0;0;0,396;0,006
com.google.common.collect.AbstractMapBasedMultimap$WrappedList$WrappedListIterator;0;0;0,963;0,015
com.google.common.collect.DenseImmutableTable$ImmutableArrayMap$1;0;0;0,94;0,012
com.google.common.collect.Tables$TransformedTable;0;0;0,675;0,007
com.google.common.collect.MapMakerInternalMap$WeakEvictableEntry;0;0;0,833;0,008
com.google.common.collect.Constraint;0;0;0,944;0,013
com.google.thirdparty.publicsuffix.TrieParser;0;0;0,336;0,006
com.google.common.collect.Maps$FilteredEntryNavigableMap$1;0;0;0,809;0,008
com.google.common.base.AbstractIterator;1;0;1,0;0,628
com.google.common.collect.ForwardingImmutableList;0;0;0,0;0,006
com.google.common.primitives.Longs$LongArrayAsList;0;0;0,473;0,006
com.google.common.collect.LinkedListMultimap$NodeIterator;0;0;0,859;0,009
com.google.common.collect.MultimapBuilder$HashSetSupplier;0;0;0,796;0,008
com.google.common.collect.Table;0;0;0,956;0,014
com.google.common.collect.Sets$CartesianSet;0;0;0,748;0,007
com.google.common.primitives.Longs$LongConverter;0;0;0,472;0,006
com.google.common.base.Suppliers$SupplierOfInstance;1;0;0,988;0,028
com.google.common.cache.AbstractCache$StatsCounter;1;0;0,985;0,026
com.google.common.primitives.Booleans$LexicographicalComparator;0;0;0,515;0,006
com.google.common.collect.MapConstraints$2$1;0;0;0,848;0,009
com.google.common.math.LongMath$1;0;0;0,527;0,006
com.google.common.hash.MessageDigestHashFunction$1;0;0;0,592;0,007
com.google.common.collect.MapConstraints;0;0;0,847;0,009
com.google.common.hash.BloomFilter$Strategy;0;0;0,615;0,007
com.google.common.util.concurrent.Futures$ImmediateFailedFuture;0;1;0,353;0,006
com.google.common.collect.AbstractMapBasedMultiset$1;0;0;0,961;0,015
com.google.common.collect.MultimapBuilder$EnumSetSupplier;0;0;0,797;0,008
com.google.common.collect.Multimaps$CustomSortedSetMultimap;0;0;0,788;0,008
com.google.common.collect.Platform;0;1;0,8;0,008
com.google.common.collect.ForwardingImmutableCollection;0;0;0,0;0,006
com.google.common.collect.ImmutableEnumMap$EnumSerializedForm;0;0;0,903;0,01
com.google.common.cache.LocalCache$LocalManualCache;1;0;0,984;0,025
com.google.common.collect.ArrayTable$Row;0;0;0,954;0,014
com.google.common.collect.ForwardingMapEntry;0;0;0,968;0,016
com.google.common.collect.TreeBasedTable$Factory;0;0;0,669;0,007
com.google.common.collect.MinMaxPriorityQueue$1;0;0;0,801;0,008
com.google.common.util.concurrent.ExecutionQueue$RunnableExecutorPair;0;0;0,372;0,006
com.google.common.cache.LocalCache$WeakWriteEntry;0;0;0,979;0,021
com.google.common.collect.NullsFirstOrdering;0;0;0,774;0,008
com.google.common.net.InternetDomainName;0;0;0,523;0,006
com.google.common.cache.CacheBuilderSpec$LongParser;1;0;0,983;0,024
com.google.common.collect.ForwardingSortedMultiset$StandardElementSet;0;0;0,917;0,011
com.google.common.reflect.TypeToken$InterfaceSet$1;0;0;0,433;0,006
com.google.common.cache.LocalCache$ValueReference;1;0;0,981;0,022
com.google.common.collect.StandardRowSortedTable;0;0;0,713;0,007
com.google.common.primitives.Ints$IntArrayAsList;0;0;0,477;0,006
com.google.common.collect.Multisets$ImmutableEntry;0;0;0,776;0,008
com.google.common.escape.UnicodeEscaper;0;0;0,639;0,007
com.google.common.base.Absent;1;0;1,0;1,0
com.google.common.base.Functions$ConstantFunction;1;0;0,995;0,092
com.google.common.hash.Funnels$SinkAsStream;0;0;0,608;0,007
com.google.common.io.Files$FilePredicate;0;0;0,55;0,007
com.google.common.collect.Maps$DescendingMap$1;0;0;0,814;0,008
com.google.common.base.Throwables;1;0;0,988;0,027
com.google.common.io.FileWriteMode;0;0;0,552;0,007
com.google.common.base.Equivalence$Equals;1;0;0,998;0,124
com.google.common.collect.ForwardingNavigableMap$StandardDescendingMap$1;0;0;0,92;0,011
com.google.common.base.CharMatcher$5;1;0;0,999;0,168
com.google.common.base.CharMatcher$4;1;0;0,999;0,168
com.google.common.base.CharMatcher$3;1;0;0,999;0,168
com.google.common.collect.Synchronized$SynchronizedBiMap;0;0;0,697;0,007
com.google.common.base.CharMatcher$2;1;0;0,999;0,168
com.google.common.cache.ForwardingCache;1;0;0,981;0,022
com.google.common.base.CharMatcher$9;1;0;1,0;0,213
com.google.common.base.CharMatcher$8;1;0;1,0;0,22
com.google.common.base.CharMatcher$7;1;0;1,0;0,227
com.google.common.collect.Sets$ImprovedAbstractSet;0;0;0,861;0,009
com.google.common.collect.StandardTable$Column$EntrySetIterator;0;0;0,711;0,007
com.google.common.base.CharMatcher$6;1;0;0,999;0,168
com.google.common.collect.RegularImmutableSortedMap$EntrySet;0;0;0,76;0,007
com.google.common.base.FinalizableReferenceQueue$DecoupledLoader;1;0;0,997;0,114
com.google.common.base.CharMatcher$1;1;0;1,0;0,201
com.google.common.collect.ImmutableMapValues;0;1;0,898;0,01
com.google.common.reflect.ImmutableTypeToInstanceMap$Builder;0;0;0,45;0,006
com.google.common.util.concurrent.CycleDetectingLockFactory;0;0;0,38;0,006
com.google.common.collect.AbstractNavigableMap;0;0;0,959;0,014
com.google.common.collect.MapMakerInternalMap$StrongValueReference;0;0;0,825;0,008
com.google.common.collect.GwtTransient;0;0;0,0;0,006
com.google.common.util.concurrent.RateLimiter$WarmingUp;0;0;0,335;0,006
com.google.common.collect.MapMakerInternalMap$EvictionQueue;0;0;0,831;0,008
com.google.common.util.concurrent.ForwardingListeningExecutorService;0;0;0,365;0,006
com.google.common.eventbus.SynchronizedEventSubscriber;0;0;0,63;0,007
com.google.common.util.concurrent.CycleDetectingLockFactory$Policies$1;0;0;0,377;0,006
com.google.common.util.concurrent.CycleDetectingLockFactory$Policies$3;0;0;0,377;0,006
com.google.common.util.concurrent.CycleDetectingLockFactory$Policies$2;0;0;0,377;0,006
com.google.common.reflect.TypeToken$TypeCollector$ForwardingTypeCollector;0;0;0,43;0,006
com.google.common.collect.Interners$1;0;0;0,878;0,009
com.google.common.util.concurrent.Futures$CombinedFuture;0;1;0,359;0,006
com.google.common.collect.ForwardingSet;0;0;0,967;0,016
com.google.common.base.Functions$ToStringFunction;1;0;0,994;0,084
com.google.common.collect.MapConstraints$ConstrainedSortedSetMultimap;0;0;0,843;0,009
com.google.common.base.Functions$FunctionComposition;1;0;0,995;0,089
com.google.common.collect.MultimapBuilder$TreeSetSupplier;0;0;0,793;0,008
com.google.common.collect.StandardTable$RowMap$EntrySet$1;0;0;0,702;0,007
com.google.common.base.Ticker$1;1;0;0,987;0,027
com.google.common.collect.ImmutableSetMultimap$EntrySet;0;0;0,883;0,01
com.google.common.collect.Multiset;0;0;0,96;0,015
com.google.common.collect.TreeRangeMap$AsMapOfRanges$1;0;0;0,661;0,007
com.google.common.collect.ImmutableEnumSet$1;0;0;0,903;0,01
com.google.common.collect.Maps$TransformedEntriesNavigableMap;0;1;0,804;0,008
com.google.common.hash.BloomFilter$SerialForm;0;0;0,615;0,007
com.google.common.primitives.UnsignedInts$LexicographicalComparator;0;0;0,459;0,006
com.google.common.reflect.Types$ClassOwnership;0;0;0,415;0,006
com.google.common.util.concurrent.AbstractService$11;0;0;0,392;0,006
com.google.common.collect.Table$Cell;0;0;0,957;0,014
com.google.common.hash.MessageDigestHashFunction$MessageDigestHasher;0;0;0,591;0,007
com.google.common.util.concurrent.AbstractService$10;0;0;0,392;0,006
com.google.common.util.concurrent.RateLimiter$Bursty;0;0;0,337;0,006
com.google.common.util.concurrent.CycleDetectingLockFactory$CycleDetectingReentrantReadWriteLock;0;0;0,38;0,006
com.google.common.collect.Synchronized$1;0;0;0,698;0,007
com.google.common.collect.MapMakerInternalMap$Values;0;0;0,822;0,008
com.google.common.collect.ArrayTable$ArrayMap$1$1;0;0;0,955;0,014
com.google.common.collect.ForwardingMultimap;0;0;0,922;0,011
com.google.common.collect.MapMaker$1;0;0;0,84;0,009
com.google.common.cache.LocalCache$EntryIterator;0;0;0,978;0,02
com.google.common.collect.TreeMultiset$Aggregate$2;0;0;0,664;0,007
com.google.common.collect.TreeRangeSet$SubRangeSet;0;0;0,65;0,007
com.google.common.collect.TreeMultiset$Aggregate$1;0;0;0,664;0,007
com.google.common.util.concurrent.ForwardingFuture$SimpleForwardingFuture;0;0;0,368;0,006
com.google.common.io.ByteStreams$1;0;0;0,569;0,007
com.google.common.util.concurrent.Futures$FallbackFuture$1;0;0;0,358;0,006
com.google.common.io.ByteStreams$4;0;0;0,57;0,007
com.google.common.io.ByteStreams$2;0;0;0,571;0,007
com.google.common.io.ByteStreams$3;0;0;0,57;0,007
com.google.common.collect.StandardTable$RowMap;0;0;0,713;0,007
com.google.common.collect.LinkedListMultimap$DistinctKeyIterator;0;0;0,859;0,009
com.google.common.cache.CacheBuilderSpec$AccessDurationParser;1;0;0,982;0,023
com.google.common.collect.ForwardingMap$StandardValues;0;0;0,922;0,011
com.google.common.collect.ImmutableMap$SerializedForm;0;1;0,907;0,01
com.google.common.base.Optional;1;0;1,0;1,0
com.google.common.io.Closeables;0;0;0,559;0,007
com.google.common.collect.TreeBasedTable$TreeRow;0;0;0,668;0,007
com.google.common.reflect.TypeParameter;0;0;0,444;0,006
com.google.common.base.CharMatcher$NegatedFastMatcher;1;0;1,0;0,195
com.google.common.collect.Range;0;0;0,958;0,014
com.google.common.util.concurrent.ForwardingListenableFuture;0;0;0,369;0,006
com.google.common.primitives.UnsignedBytes$LexicographicalComparatorHolder$UnsafeComparator;0;0;0,462;0,006
com.google.common.collect.MapMakerInternalMap$SoftExpirableEntry;0;0;0,826;0,008
com.google.common.collect.FilteredSetMultimap;0;0;0,93;0,012
com.google.common.collect.TreeRangeMap$SubRangeMap$SubRangeMapAsMap;0;0;0,66;0,007
com.google.common.io.FileBackedOutputStream;0;0;0,555;0,007
com.google.common.io.CharSource$CharSequenceCharSource;0;0;0,565;0,007
com.google.common.collect.ContiguousSet;0;0;0,942;0,012
com.google.common.escape.CharEscaperBuilder;0;0;0,637;0,007
com.google.common.util.concurrent.Striped$CompactStriped;0;0;0,285;0,006
com.google.common.cache.LocalCache$HashIterator;0;0;0,978;0,02
com.google.common.collect.RegularImmutableAsList;0;0;0,905;0,01
com.google.common.io.Resources$UrlByteSource;0;0;0,534;0,006
com.google.common.collect.Constraints$ConstrainedCollection;0;0;0,944;0,013
com.google.common.util.concurrent.ServiceManager$ServiceListener;0;0;0,31;0,006
com.google.common.base.Functions$IdentityFunction;1;0;0,995;0,087
com.google.common.util.concurrent.ForwardingListenableFuture$SimpleForwardingListenableFuture;0;0;0,406;0,006
com.google.common.util.concurrent.ListeningScheduledExecutorService;0;0;0,345;0,006
com.google.common.collect.ImmutableSortedMap;0;1;0,935;0,012
com.google.common.util.concurrent.ForwardingBlockingQueue;0;0;0,37;0,006
com.google.common.io.BaseEncoding;0;0;0,585;0,007
com.google.common.collect.ForwardingSetMultimap;0;0;0,918;0,011
com.google.common.collect.GenericMapMaker;0;0;0,915;0,011
com.google.common.collect.Multimaps$AsMap$EntrySet$1;0;0;0,791;0,008
com.google.common.collect.ImmutableList$1;0;1;0,902;0,01
com.google.common.hash.BloomFilter$1;0;0;0,616;0,007
com.google.common.collect.AbstractMapBasedMultimap$RandomAccessWrappedList;0;0;0,964;0,015
com.google.common.net.InetAddresses;0;0;0,523;0,006
com.google.common.util.concurrent.JdkFutureAdapters$ListenableFutureAdapter$1;0;0;0,35;0,006
com.google.common.collect.StandardTable$Column$Values;0;0;0,709;0,007
com.google.common.collect.TreeMultiset$Aggregate;0;0;0,665;0,007
com.google.common.collect.MapMaker$RemovalCause;0;0;0,947;0,013
com.google.common.collect.ImmutableMapKeySet$1;0;0;0,897;0,01
com.google.common.collect.AbstractMapBasedMultimap$WrappedCollection$WrappedIterator;0;0;0,963;0,015
com.google.common.collect.MapMakerInternalMap$KeyIterator;0;0;0,829;0,008
com.google.common.reflect.Types$1;0;0;0,417;0,006
com.google.common.reflect.Types$2;0;0;0,416;0,006
com.google.common.util.concurrent.Service$State;0;0;0,403;0,006
com.google.common.collect.AbstractBiMap$ValueSet;0;0;0,967;0,016
com.google.common.base.Function;1;0;1,0;1,0
com.google.common.collect.ImmutableMap;1;0;0,985;0,026
com.google.common.collect.ImmutableAsList$SerializedForm;0;0;0,908;0,01
com.google.common.io.ByteStreams$LimitedInputStream;0;0;0,567;0,007
com.google.common.primitives.Bytes;0;0;0,486;0,006
com.google.common.util.concurrent.ForwardingFuture;0;0;0,396;0,006
com.google.common.collect.MinMaxPriorityQueue$Builder;0;0;0,801;0,008
com.google.common.util.concurrent.TimeLimiter;0;0;0,371;0,006
com.google.common.collect.ImmutableSortedMapFauxverideShim;0;0;0,882;0,01
com.google.common.util.concurrent.Futures$ImmediateFailedCheckedFuture;0;1;0,353;0,006
com.google.common.cache.CacheBuilder;1;0;0,985;0,026
com.google.common.collect.Range$4;0;0;0,769;0,007
com.google.common.collect.EmptyImmutableSortedMultiset;0;0;0,935;0,012
com.google.common.collect.Range$2;0;0;0,769;0,007
com.google.common.collect.Range$3;0;0;0,769;0,007
com.google.common.cache.LocalCache$NullEntry;0;1;0,98;0,021
com.google.common.collect.Range$1;0;0;0,77;0,007
com.google.common.base.Stopwatch;1;0;0,989;0,036
com.google.common.collect.StandardTable$Column;0;0;0,711;0,007
com.google.common.collect.RegularContiguousSet$SerializedForm;0;0;0,766;0,007
com.google.common.util.concurrent.CycleDetectingLockFactory$Policies;0;0;0,378;0,006
com.google.common.collect.Interners$WeakInterner;0;0;0,877;0,009
com.google.common.cache.LocalCache$AbstractCacheSet;1;0;0,98;0,022
com.google.common.collect.ImmutableMultiset$Builder;0;0;0,891;0,01
com.google.common.escape.Escapers$1;0;0;0,635;0,007
com.google.common.cache.LocalCache$LocalLoadingCache;1;0;0,984;0,025
com.google.common.collect.SingletonImmutableBiMap;0;0;0,907;0,01
com.google.common.collect.MapConstraints$2;0;0;0,848;0,009
com.google.common.collect.MinMaxPriorityQueue$MoveDesc;0;0;0,8;0,008
com.google.common.collect.Multisets$EntrySet;0;0;0,959;0,015
com.google.common.collect.MapConstraints$1;0;0;0,848;0,009
com.google.common.escape.Escapers$2;0;0;0,635;0,007
com.google.common.util.concurrent.AbstractIdleService;0;0;0,402;0,006
com.google.common.escape.Platform$1;0;0;0,633;0,007
com.google.common.cache.RemovalNotification;1;0;0,984;0,025
com.google.common.base.Equivalence;1;0;0,998;0,124
com.google.common.cache.LocalCache$WriteQueue$1;0;0;0,973;0,018
com.google.common.cache.LocalCache$LoadingValueReference;0;0;0,977;0,02
com.google.common.cache.LocalCache$WriteQueue$2;0;0;0,973;0,018
com.google.common.collect.Maps;1;0;0,985;0,026
com.google.common.cache.Striped64;0;0;0,972;0,017
com.google.common.collect.SetMultimap;0;0;0,96;0,015
com.google.common.collect.ImmutableSet$SerializedForm;0;0;0,885;0,01
com.google.common.collect.TransformedIterator;0;0;0,957;0,014
com.google.common.collect.DescendingImmutableSortedSet;0;0;0,938;0,012
com.google.common.collect.FilteredKeyMultimap$AddRejectingSet;0;0;0,929;0,012
com.google.common.util.concurrent.Futures$FallbackFuture;0;1;0,358;0,006
com.google.common.collect.Synchronized$SynchronizedObject;0;0;0,696;0,007
com.google.common.util.concurrent.WrappingExecutorService;0;0;0,349;0,006
com.google.common.collect.AbstractMapBasedMultimap$WrappedNavigableSet;0;0;0,962;0,015
com.google.common.collect.Cut$AboveAll;0;0;0,942;0,012
com.google.common.util.concurrent.AbstractFuture;0;0;0,402;0,006
com.google.common.collect.RegularContiguousSet;0;0;0,942;0,012
com.google.common.collect.RangeSet;0;0;0,958;0,014
com.google.common.util.concurrent.CycleDetectingLockFactory$CycleDetectingReentrantWriteLock;0;0;0,379;0,006
com.google.common.escape.CharEscaper;0;0;0,64;0,007
com.google.common.annotations.GwtCompatible;0;0;0,0;0,006
com.google.common.collect.RegularContiguousSet$2;0;0;0,767;0,007
com.google.common.collect.RegularContiguousSet$1;0;0;0,767;0,007
com.google.common.collect.LinkedHashMultiset;0;0;0,891;0,01
com.google.common.cache.LocalCache$WriteThroughEntry;0;0;0,978;0,02
com.google.common.collect.Sets$2;0;0;0,749;0,007
com.google.common.collect.Sets$3;0;0;0,749;0,007
com.google.common.io.CharStreams$NullWriter;0;0;0,56;0,007
com.google.common.collect.Sets$1;0;0;0,75;0,007
com.google.common.collect.Maps$Values;0;0;0,932;0,012
com.google.common.collect.LinkedListMultimap$ValueForKeyIterator;0;0;0,86;0,009
com.google.common.collect.Synchronized$SynchronizedAsMapEntries$1$1;0;0;0,699;0,007
com.google.common.primitives.Booleans$BooleanArrayAsList;0;0;0,516;0,006
com.google.common.collect.Constraints;0;0;0,944;0,013
com.google.common.escape.ArrayBasedUnicodeEscaper;0;0;0,639;0,007
com.google.common.base.FinalizableReference;1;0;0,998;0,116
com.google.common.collect.ImmutableEnumMap$1;0;0;0,904;0,01
com.google.common.collect.ImmutableEnumMap$2;0;0;0,904;0,01
com.google.common.reflect.TypeToken$TypeCollector;0;0;0,434;0,006
com.google.common.util.concurrent.MoreExecutors$ListeningDecorator;0;0;0,347;0,006
com.google.common.collect.FilteredEntryMultimap$ValuePredicate;0;0;0,933;0,012
com.google.common.collect.HashBasedTable$Factory;0;0;0,914;0,011
com.google.common.collect.MapConstraints$ConstrainedAsMapValues$1;0;0;0,847;0,009
com.google.common.collect.AbstractListMultimap;0;0;0,966;0,016
com.google.common.io.MultiReader;0;0;0,564;0,007
com.google.common.base.Predicates$InstanceOfPredicate;1;0;0,992;0,046
com.google.common.cache.CacheBuilderSpec$RefreshDurationParser;1;0;0,982;0,023
com.google.common.collect.DiscreteDomain$BigIntegerDomain;0;0;0,938;0,012
com.google.common.io.Closer$LoggingSuppressor;0;0;0,558;0,007
com.google.common.util.concurrent.ServiceManager$Listener;0;0;0,312;0,006
com.google.common.collect.Lists$ReverseList$1;0;0;0,852;0,009
com.google.common.collect.ForwardingTable;0;0;0,916;0,011
com.google.common.collect.TreeMultiset$1;0;0;0,667;0,007
com.google.common.io.ByteArrayDataInput;0;0;0,57;0,007
com.google.common.collect.TreeMultiset$4;0;0;0,665;0,007
com.google.common.collect.TreeMultiset$3;0;0;0,666;0,007
com.google.common.collect.TreeMultiset$2;0;0;0,666;0,007
com.google.common.cache.LocalCache$KeySet;0;1;0,978;0,02
com.google.common.collect.MapMakerInternalMap$Segment;0;0;0,947;0,013
com.google.common.base.CharMatcher;1;0;1,0;0,509
com.google.common.collect.FilteredKeyMultimap;0;0;0,93;0,012
com.google.common.collect.Sets$UnmodifiableNavigableSet;0;0;0,743;0,007
com.google.common.primitives.AndroidInteger;0;0;0,517;0,006
com.google.common.util.concurrent.AbstractIdleService$2$1;0;0;0,401;0,006
com.google.common.util.concurrent.AbstractIdleService$2$2;0;0;0,401;0,006
com.google.common.collect.Synchronized$SynchronizedSortedMap;0;0;0,692;0,007
com.google.common.collect.Maps$FilteredEntryBiMap$1;0;0;0,811;0,008
com.google.common.collect.RegularImmutableTable$Values;0;0;0,753;0,007
com.google.common.collect.MapMaker;0;1;0,946;0,013
com.google.common.collect.ForwardingDeque;0;0;0,927;0,011
com.google.common.util.concurrent.WrappingExecutorService$1;0;0;0,327;0,006
com.google.common.collect.MapMakerInternalMap$EntryIterator;0;0;0,832;0,008
com.google.common.collect.AbstractBiMap;0;0;0,968;0,016
com.google.common.collect.Sets$FilteredSet;0;0;0,747;0,007
com.google.common.collect.EmptyImmutableSortedMap;0;0;0,935;0,012
com.google.common.base.Predicates$1;1;0;0,993;0,048
com.google.common.collect.Multisets$3$1;0;0;0,78;0,008
com.google.common.collect.Maps$FilteredEntryMap$KeySet;0;0;0,81;0,008
com.google.common.collect.FilteredKeySetMultimap$EntrySet;0;0;0,929;0,011
com.google.common.util.concurrent.CycleDetectingLockFactory$CycleDetectingLock;0;0;0,381;0,006
com.google.common.io.ByteArrayDataOutput;0;0;0,569;0,007
com.google.common.collect.Iterators$6;0;1;0,865;0,009
com.google.common.collect.BiMap;0;1;0,967;0,016
com.google.common.collect.Iterators$7;0;1;0,865;0,009
com.google.common.collect.Iterators$8;0;1;0,865;0,009
com.google.common.collect.TreeRangeMap$SubRangeMap;0;0;0,659;0,007
com.google.common.collect.Iterators$9;0;1;0,864;0,009
com.google.common.escape.Escaper;0;0;0,638;0,007
com.google.common.collect.HashBiMap$EntrySet$1$MapEntry;0;0;0,913;0,011
com.google.common.collect.Iterators$1;0;0;0,863;0,009
com.google.common.math.LongMath;0;0;0,95;0,013
com.google.common.collect.Iterators$2;0;0;0,863;0,009
com.google.common.collect.Iterators$3;0;1;0,866;0,009
com.google.common.collect.Iterators$4;0;1;0,866;0,009
com.google.common.collect.Iterators$5;0;1;0,866;0,009
com.google.common.collect.RegularImmutableBiMap$Inverse;0;0;0,765;0,007
com.google.common.collect.ImmutableMultimap$Builder;0;0;0,9;0,01
com.google.common.base.Defaults;1;0;0,999;0,135
com.google.common.collect.AbstractMultimap;0;0;0,962;0,015
com.google.common.hash.SipHashFunction$SipHasher;0;0;0,587;0,007
com.google.common.hash.AbstractCompositeHashFunction;0;0;0,62;0,007
com.google.common.collect.StandardTable$Row$RowEntrySet;0;0;0,704;0,007
com.google.common.collect.Ordering$ArbitraryOrdering$1;0;0;0,772;0,008
com.google.common.collect.ComputingConcurrentHashMap$ComputingValueReference;0;0;0,947;0,013
com.google.common.collect.DescendingMultiset$1;0;0;0,938;0,012
com.google.common.base.FinalizableSoftReference;0;0;0,0;0,006
com.google.common.cache.LocalCache$Strength$3;0;0;0,976;0,019
com.google.common.cache.LocalCache$Strength$2;0;0;0,976;0,019
com.google.common.reflect.Invokable$ConstructorInvokable;0;0;0,449;0,006
com.google.common.cache.LocalCache$Strength$1;0;0;0,976;0,019
com.google.common.collect.MapConstraints$ConstrainedSetMultimap;0;0;0,843;0,009
com.google.common.collect.ImmutableMapKeySet$KeySetSerializedForm;0;0;0,896;0,01
com.google.common.collect.AbstractBiMap$1;0;0;0,967;0,016
com.google.common.collect.TreeRangeSet$Complement;0;0;0,654;0,007
com.google.common.util.concurrent.ServiceManager$ServiceManagerState$1;0;0;0,31;0,006
com.google.common.util.concurrent.ServiceManager$ServiceManagerState;0;0;0,31;0,006
com.google.common.util.concurrent.ServiceManager$ServiceManagerState$2;0;0;0,309;0,006
com.google.common.util.concurrent.AsyncFunction;0;1;0,364;0,006
com.google.common.util.concurrent.ServiceManager$ServiceManagerState$3;0;0;0,309;0,006
com.google.common.util.concurrent.ServiceManager$ServiceManagerState$4;0;0;0,309;0,006
com.google.common.util.concurrent.ServiceManager$ServiceManagerState$5;0;0;0,308;0,006
com.google.common.collect.Iterables$ConsumingQueueIterator;0;0;0,874;0,009
com.google.common.util.concurrent.ServiceManager$ServiceManagerState$6;0;0;0,308;0,006
com.google.common.collect.WellBehavedMap$EntrySet$1$1;0;0;0,642;0,007
com.google.common.util.concurrent.ServiceManager$ServiceManagerState$7;0;0;0,307;0,006
com.google.common.util.concurrent.AbstractExecutionThreadService;0;0;0,405;0,006
com.google.common.cache.CacheBuilderSpec$WriteDurationParser;1;0;0,982;0,023
com.google.common.cache.LocalCache$WeightedStrongValueReference;0;0;0,976;0,019
com.google.common.collect.TreeRangeSet$RangesByUpperBound$1;0;0;0,652;0,007
com.google.common.io.ByteStreams$FastByteArrayOutputStream;0;0;0,568;0,007
com.google.common.collect.TreeRangeSet$RangesByUpperBound$2;0;0;0,651;0,007
com.google.common.cache.CacheBuilderSpec$ValueStrengthParser;1;0;0,982;0,023
com.google.common.collect.StandardTable$CellIterator;0;0;0,711;0,007
com.google.common.collect.ComputationException;0;0;0,841;0,009
com.google.common.collect.StandardTable$ColumnKeySet;0;0;0,707;0,007
com.google.common.base.Splitter$2$1;1;0;0,991;0,04
com.google.common.collect.StandardRowSortedTable$RowSortedMap;0;0;0,713;0,007
com.google.common.collect.Lists$TransformingRandomAccessList;0;0;0,851;0,009
com.google.common.cache.CacheLoader$InvalidCacheLoadException;0;1;0,976;0,019
com.google.common.collect.RegularImmutableBiMap$NonTerminalBiMapEntry;0;0;0,763;0,007
com.google.common.hash.MessageDigestHashFunction$SerializedForm;0;0;0,591;0,007
com.google.common.hash.Hashing$1;0;0;0,601;0,007
com.google.common.collect.Multisets;0;0;0,959;0,014
com.google.common.collect.AbstractMultimap$1;0;0;0,96;0,015
com.google.common.collect.ComparisonChain;0;0;0,948;0,013
com.google.common.util.concurrent.AbstractScheduledService$CustomScheduler$ReschedulableCallable;0;0;0,396;0,006
com.google.common.collect.Synchronized$SynchronizedQueue;0;0;0,696;0,007
com.google.common.hash.AbstractCompositeHashFunction$1;0;0;0,62;0,007
com.google.common.collect.LinkedHashMultimap$ValueEntry;0;0;0,862;0,009
com.google.common.util.concurrent.AbstractScheduledService;0;0;0,399;0,006
com.google.common.util.concurrent.ServiceManager$EmptyServiceManagerWarning;0;0;0,312;0,006
com.google.common.io.ByteSink$AsCharSink;0;0;0,576;0,007
com.google.common.util.concurrent.AbstractExecutionThreadService$2;0;0;0,404;0,006
com.google.common.collect.Iterators$MergingIterator$1;0;0;0,864;0,009
com.google.common.collect.TreeRangeSet;0;0;0,889;0,01
com.google.common.util.concurrent.AbstractExecutionThreadService$1;0;0;0,405;0,006
com.google.common.collect.RegularImmutableSortedMap$EntrySet$1;0;0;0,76;0,007
com.google.common.collect.Maps$UnmodifiableEntries$1;0;0;0,802;0,008
com.google.common.base.Suppliers$ThreadSafeSupplier;1;0;0,988;0,028
com.google.common.collect.StandardTable$RowMap$EntrySet;0;0;0,702;0,007
com.google.common.hash.Funnels$UnencodedCharsFunnel;0;0;0,606;0,007
com.google.common.math.BigIntegerMath$1;0;0;0,533;0,006
com.google.common.base.Predicates;1;0;0,993;0,048
com.google.common.collect.EmptyContiguousSet;0;0;0,942;0,012
com.google.common.net.MediaType;0;0;0,52;0,006
com.google.common.collect.Synchronized$SynchronizedEntry;0;0;0,695;0,007
com.google.common.util.concurrent.Uninterruptibles;0;1;0,977;0,02
com.google.common.cache.LocalCache$LoadingValueReference$1;0;0;0,977;0,02
com.google.common.collect.ConcurrentHashMultiset$2;0;0;0,945;0,013
com.google.common.collect.ConcurrentHashMultiset$1;0;0;0,946;0,013
com.google.common.collect.ConcurrentHashMultiset$3;0;0;0,945;0,013
com.google.common.collect.Synchronized$SynchronizedSetMultimap;0;0;0,689;0,007
com.google.common.collect.MapMakerInternalMap$SoftValueReference;0;0;0,826;0,008
com.google.common.collect.StandardTable$Column$EntrySetIterator$1;0;0;0,71;0,007
com.google.common.base.CharMatcher$12;1;0;1,0;0,293
com.google.common.base.CharMatcher$11;1;0;1,0;0,305
com.google.common.base.CharMatcher$10;1;0;1,0;0,318
com.google.common.base.CharMatcher$15;1;0;0,999;0,168
com.google.common.base.CharMatcher$14;1;0;1,0;0,271
com.google.common.base.CharMatcher$13;1;0;1,0;0,281
com.google.common.util.concurrent.Futures$MappingCheckedFuture;0;1;0,35;0,006
com.google.common.primitives.Floats$FloatConverter;0;0;0,479;0,006
com.google.common.base.Platform;1;0;0,999;0,168
com.google.common.collect.ImmutableList$ReverseImmutableList;0;1;0,901;0,01
com.google.common.cache.Striped64$ThreadHashCode;0;0;0,972;0,017
com.google.common.util.concurrent.Service$Listener;0;0;0,403;0,006
com.google.common.collect.Collections2$PermutationCollection;0;0;0,949;0,013
com.google.common.hash.Funnels;0;0;0,607;0,007
com.google.common.io.GwtWorkarounds$ByteOutput;0;0;0,581;0,007
com.google.common.collect.AbstractMapBasedMultimap$NavigableAsMap;0;0;0,964;0,015
com.google.common.collect.ImmutableClassToInstanceMap$1;0;0;0,906;0,01
com.google.common.collect.BoundType;0;0;0,957;0,014
com.google.common.hash.Hashing$Sha512Holder;0;0;0,595;0,007
com.google.common.collect.Maps$DescendingMap;0;0;0,959;0,014
com.google.common.collect.ImmutableClassToInstanceMap;0;0;0,906;0,01
com.google.common.reflect.TypeToken$ClassSet;0;0;0,434;0,006
com.google.common.io.BaseEncoding$Alphabet;0;0;0,583;0,007
com.google.common.collect.Multimaps$UnmodifiableListMultimap;0;0;0,784;0,008
com.google.common.collect.RegularImmutableBiMap$InverseSerializedForm;0;0;0,764;0,007
com.google.common.collect.TreeRangeSet$ComplementRangesByLowerBound;0;0;0,654;0,007
com.google.common.collect.RegularImmutableBiMap$1;0;0;0,765;0,007
com.google.common.collect.MapMakerInternalMap$2;0;0;0,82;0,008
com.google.common.collect.MapMakerInternalMap$1;0;0;0,835;0,008
com.google.common.base.Platform$1;1;0;0,993;0,063
com.google.common.base.Splitter$3;1;0;0,99;0,039
com.google.common.base.Splitter$4;1;0;0,99;0,039
com.google.common.collect.ConcurrentHashMultiset$EntrySet;0;0;0,945;0,013
com.google.common.base.Splitter$5;1;0;0,99;0,038
com.google.common.cache.CacheBuilderSpec$InitialCapacityParser;1;0;0,982;0,023
com.google.common.eventbus.DeadEvent;0;0;0,628;0,007
com.google.common.primitives.Bytes$ByteArrayAsList;0;0;0,486;0,006
com.google.common.base.Enums$ValueOfFunction;1;0;0,999;0,128
com.google.common.hash.HashCode$IntHashCode;0;0;0,605;0,007
com.google.common.base.Splitter$1;1;0;0,991;0,041
com.google.common.base.Splitter$2;1;0;0,991;0,04
com.google.common.collect.MapMakerInternalMap$EntryFactory;0;0;0,835;0,008
com.google.common.collect.Serialization$1;0;0;0,751;0,007
com.google.common.collect.RegularImmutableSortedSet;0;0;0,888;0,01
com.google.common.escape.ArrayBasedEscaperMap;0;0;0,64;0,007
com.google.common.collect.ArrayListMultimap;0;0;0,956;0,014
com.google.common.collect.TreeRangeMap$AsMapOfRanges;0;0;0,661;0,007
com.google.common.collect.HashBasedTable;0;0;0,914;0,011
com.google.common.collect.LinkedHashMultimap$1;0;0;0,862;0,009
com.google.common.collect.MultimapBuilder$ArrayListSupplier;0;0;0,797;0,008
com.google.common.collect.Collections2;0;1;0,965;0,016
com.google.common.collect.ForwardingNavigableSet;0;0;0,919;0,011
com.google.common.math.IntMath;0;0;0,951;0,013
com.google.common.collect.ForwardingImmutableSet;0;0;0,0;0,006
com.google.common.collect.NullsLastOrdering;0;0;0,773;0,008
com.google.common.collect.RegularImmutableMultiset;0;0;0,89;0,01
com.google.common.collect.Maps$AsMapView$1;0;0;0,815;0,008
com.google.common.cache.LocalCache$EntryFactory$6;0;0;0,979;0,021
com.google.common.cache.LocalCache$EntryFactory$7;0;0;0,979;0,021
com.google.common.cache.LocalCache$EntryFactory$8;0;0;0,979;0,021
com.google.common.collect.AbstractSortedMultiset;0;0;0,958;0,014
com.google.common.cache.LocalCache$EntryFactory$2;0;0;0,979;0,021
com.google.common.collect.HashBiMap$1;0;0;0,913;0,011
com.google.common.util.concurrent.Futures$ImmediateSuccessfulFuture;0;1;0,351;0,006
com.google.common.cache.LocalCache$EntryFactory$3;0;0;0,979;0,021
com.google.common.cache.LocalCache$EntryFactory$4;0;0;0,979;0,021
com.google.common.cache.LocalCache$EntryFactory$5;0;0;0,979;0,021
com.google.common.base.Enums$1;1;0;0,999;0,128
com.google.common.cache.LocalCache$EntryFactory$1;0;0;0,979;0,021
com.google.common.collect.HashBiMap$KeySet$1;0;0;0,91;0,011
com.google.common.base.Strings;1;0;0,989;0,036
com.google.common.collect.AbstractMapBasedMultimap;0;0;0,966;0,016
com.google.common.collect.Constraints$ConstrainedRandomAccessList;0;0;0,943;0,012
com.google.common.collect.DiscreteDomain;0;0;0,942;0,012
com.google.common.util.concurrent.Atomics;0;0;0,0;0,006
com.google.common.collect.MapConstraints$ConstrainedAsMapValues;0;0;0,847;0,009
com.google.common.collect.TreeMultiset$AvlNode;0;0;0,667;0,007
com.google.common.collect.AbstractBiMap$EntrySet$1;0;0;0,968;0,016
com.google.common.collect.Cut;0;0;0,942;0,012
com.google.common.collect.FilteredEntryMultimap$Keys;0;0;0,931;0,012
com.google.common.io.Resources;0;0;0,533;0,006
com.google.common.cache.LocalCache$StrongValueReference;0;0;0,976;0,019
com.google.common.collect.MapConstraints$ConstrainedMultimap;0;0;0,845;0,009
com.google.common.util.concurrent.FutureCallback;0;1;0,362;0,006
com.google.common.io.CharSource$CharSequenceCharSource$1;0;0;0,565;0,007
com.google.common.reflect.Types$ParameterizedTypeImpl;0;0;0,409;0,006
com.google.common.collect.ImmutableSortedSetFauxverideShim;0;0;0,879;0,009
com.google.common.collect.Ordering$ArbitraryOrderingHolder;0;0;0,772;0,008
com.google.common.collect.ImmutableEnumMap;0;1;0,904;0,01
com.google.common.collect.MapConstraints$ConstrainedAsMapEntries;0;0;0,847;0,009
com.google.common.collect.MapMakerInternalMap$StrongExpirableEntry;0;0;0,835;0,008
com.google.common.reflect.TypeResolver$WildcardCapturer;0;0;0,444;0,006
com.google.common.collect.AbstractMapBasedMultimap$KeySet$1;0;0;0,964;0,015
com.google.common.collect.Collections2$TransformedCollection;0;0;0,949;0,013
com.google.common.collect.ArrayTable$RowMap;0;0;0,954;0,014
com.google.common.io.ByteStreams$ByteArrayDataOutputStream;0;0;0,569;0,007
com.google.common.util.concurrent.ExecutionQueue;0;0;0,386;0,006
com.google.common.collect.Synchronized$SynchronizedAsMap;0;0;0,7;0,007
com.google.common.collect.ImmutableSetMultimap;0;1;0,936;0,012
com.google.common.cache.LocalCache$EntrySet;0;1;0,978;0,02
com.google.common.escape.ArrayBasedCharEscaper;0;0;0,64;0,007
com.google.common.io.BaseEncoding$DecodingException;0;0;0,583;0,007
com.google.common.collect.DiscreteDomain$IntegerDomain;0;0;0,937;0,012
com.google.common.hash.Funnels$ByteArrayFunnel;0;0;0,61;0,007
com.google.common.reflect.Reflection;0;0;0,454;0,006
com.google.common.collect.Interner;0;0;0,878;0,009
com.google.common.net.MediaType$Tokenizer;0;0;0,519;0,006
com.google.common.collect.ImmutableMapValues$1;0;0;0,896;0,01
com.google.common.collect.ImmutableEnumMap$2$1;0;0;0,904;0,01
com.google.common.collect.TreeTraverser$1;0;0;0,648;0,007
com.google.common.collect.TreeTraverser$2;0;0;0,647;0,007
com.google.common.collect.TreeTraverser$3;0;0;0,647;0,007
com.google.common.collect.StandardTable$ColumnMap;0;0;0,707;0,007
com.google.common.collect.TreeRangeMap;0;0;0,889;0,01
com.google.common.base.Converter$ReverseConverter;1;0;0,999;0,144
com.google.common.reflect.Invokable;0;0;0,449;0,006
com.google.common.collect.Lists$2;0;0;0,855;0,009
com.google.common.hash.HashFunction;0;0;0,62;0,007
com.google.common.collect.AbstractMapBasedMultimap$NavigableKeySet;0;0;0,964;0,015
com.google.common.collect.Lists$1;0;0;0,855;0,009
com.google.common.hash.Hashing$Murmur3_128Holder;0;0;0,597;0,007
com.google.common.base.Supplier;1;0;1,0;1,0
com.google.common.collect.Maps$ImprovedAbstractMap;0;0;0,965;0,016
com.google.common.eventbus.EventBus;0;0;0,629;0,007
com.google.common.collect.ReverseOrdering;0;0;0,771;0,008
com.google.common.eventbus.AsyncEventBus$1;0;0;0,629;0,007
com.google.common.collect.HashBiMap$Inverse$InverseKeySet;0;0;0,911;0,011
com.google.common.eventbus.Subscribe;0;0;0,0;0,006
com.google.common.collect.Synchronized;0;1;0,8;0,008
com.google.common.io.CharSource;0;0;0,584;0,007
com.google.common.cache.CacheBuilder$NullListener;1;0;0,984;0,025
com.google.common.collect.MapMakerInternalMap$WeakExpirableEvictableEntry;0;0;0,833;0,008
com.google.common.collect.FilteredEntryMultimap$AsMap;0;0;0,933;0,012
com.google.common.collect.SortedMultisetBridge;0;0;0,718;0,007
com.google.common.collect.MapMakerInternalMap$ExpirationQueue;0;0;0,83;0,008
com.google.common.collect.Synchronized$SynchronizedSet;0;0;0,698;0,007
com.google.common.primitives.UnsignedLongs;0;0;0,462;0,006
com.google.common.primitives.Shorts$LexicographicalComparator;0;0;0,468;0,006
com.google.common.collect.Tables$TransformedTable$3;0;0;0,674;0,007
com.google.common.collect.Tables$TransformedTable$2;0;0;0,674;0,007
com.google.common.io.LineReader;0;0;0,559;0,007
com.google.common.collect.Tables$TransformedTable$1;0;0;0,675;0,007
com.google.common.collect.RegularImmutableTable;0;0;0,939;0,012
com.google.common.primitives.UnsignedBytes$LexicographicalComparatorHolder$UnsafeComparator$1;0;0;0,463;0,006
com.google.common.util.concurrent.AbstractService$ListenerExecutorPair;0;0;0,392;0,006
com.google.common.collect.Multimaps$CustomListMultimap;0;0;0,789;0,008
com.google.common.hash.HashCode$LongHashCode;0;0;0,604;0,007
com.google.common.collect.ImmutableMapEntrySet$EntrySetSerializedForm;0;0;0,897;0,01
com.google.common.math.IntMath$1;0;0;0,529;0,006
com.google.common.collect.Hashing;0;0;0,909;0,011
com.google.common.util.concurrent.CycleDetectingLockFactory$CycleDetectingReentrantLock;0;0;0,38;0,006
com.google.common.hash.HashingInputStream;0;0;0,593;0,007
com.google.common.collect.Synchronized$SynchronizedSortedSetMultimap;0;0;0,687;0,007
com.google.common.collect.BinaryTreeTraverser$1;0;0;0,953;0,014
com.google.common.collect.BinaryTreeTraverser$2;0;0;0,953;0,014
com.google.common.collect.Multimaps$AsMap;0;0;0,856;0,009
com.google.common.collect.ImmutableRangeMap;0;0;0,889;0,01
com.google.common.collect.SortedMultiset;0;0;0,958;0,014
com.google.common.collect.AbstractMapBasedMultiset$1$1;0;0;0,961;0,015
com.google.common.collect.SparseImmutableTable;0;0;0,878;0,009
com.google.common.hash.AbstractNonStreamingHashFunction;0;0;0,619;0,007
com.google.common.collect.FluentIterable;0;0;0,953;0,014
com.google.common.reflect.Element;0;0;0,451;0,006
com.google.common.collect.DescendingImmutableSortedMultiset;0;0;0,938;0,012
com.google.common.hash.AbstractNonStreamingHashFunction$BufferingHasher;0;0;0,619;0,007
com.google.common.collect.MapMakerInternalMap$EntryFactory$5;0;0;0,833;0,008
com.google.common.collect.MapMakerInternalMap$EntryFactory$4;0;0;0,834;0,008
com.google.common.collect.MapMakerInternalMap$EntryFactory$7;0;0;0,833;0,008
com.google.common.cache.CacheBuilderSpec$RecordStatsParser;1;0;0,982;0,023
com.google.common.collect.MapMakerInternalMap$EntryFactory$6;0;0;0,833;0,008
com.google.common.collect.MapMakerInternalMap$EntryFactory$1;0;0;0,833;0,008
com.google.common.math.DoubleMath$1;0;0;0,532;0,006
com.google.common.collect.MapMakerInternalMap$EntryFactory$3;0;0;0,834;0,008
com.google.common.collect.MapMakerInternalMap$EntryFactory$2;0;0;0,835;0,008
com.google.common.util.concurrent.CycleDetectingLockFactory$CycleDetectingReentrantReadLock;0;0;0,38;0,006
com.google.common.collect.ImmutableMap$MapViewOfValuesAsSingletonSets$1;0;0;0,899;0,01
com.google.common.collect.ImmutableMultiset$EntrySetSerializedForm;0;0;0,891;0,01
com.google.common.collect.MapMakerInternalMap$EntryFactory$8;0;0;0,833;0,008
com.google.common.collect.RegularImmutableTable$1;0;0;0,754;0,007
com.google.common.cache.CacheBuilderSpec$IntegerParser;1;0;0,984;0,025
com.google.common.collect.SortedMapDifference;0;1;0,805;0,008
com.google.common.collect.RegularImmutableSet;0;0;0,884;0,01
com.google.common.collect.FilteredEntrySetMultimap;0;0;0,93;0,012
com.google.common.collect.ForwardingSortedSet;0;0;0,943;0,012
com.google.common.collect.MapMaker$NullConcurrentMap;0;0;0,84;0,009
com.google.common.collect.ImmutableListMultimap;0;0;0,936;0,012
com.google.common.collect.AbstractMapBasedMultimap$WrappedSortedSet;0;0;0,962;0,015
com.google.common.eventbus.SubscriberFindingStrategy;0;0;0,63;0,007
com.google.common.util.concurrent.RateLimiter$1;0;0;0,337;0,006
com.google.common.cache.RemovalCause$4;0;0;0,971;0,017
com.google.common.cache.RemovalCause$5;0;0;0,971;0,017
com.google.common.hash.Hashing$ChecksumType;0;0;0,601;0,007
com.google.common.cache.RemovalCause$1;0;0;0,971;0,017
com.google.common.collect.ImmutableAsList;0;0;0,908;0,01
com.google.common.cache.RemovalCause$2;0;0;0,971;0,017
com.google.common.cache.RemovalCause$3;0;0;0,971;0,017
com.google.common.util.concurrent.AtomicDouble;0;0;0,386;0,006
com.google.common.collect.WellBehavedMap;0;0;0,934;0,012
com.google.common.collect.SingletonImmutableSet;0;0;0,884;0,01
com.google.common.collect.ImmutableList$SerializedForm;0;1;0,905;0,01
com.google.common.collect.MapMakerInternalMap$HashIterator;0;0;0,832;0,008
com.google.common.util.concurrent.ForwardingExecutorService;0;0;0,369;0,006
com.google.common.collect.MapMakerInternalMap$AbstractSerializationProxy;0;0;0,946;0,013
com.google.common.util.concurrent.AbstractListeningExecutorService;0;0;0,399;0,006
com.google.common.hash.PrimitiveSink;0;0;0,621;0,007
com.google.common.collect.FluentIterable$FromIterableFunction;0;0;0,927;0,011
com.google.common.collect.AbstractIterator;0;0;0,966;0,016
com.google.common.base.Suppliers$MemoizingSupplier;1;0;0,988;0,029
com.google.common.collect.MutableClassToInstanceMap;0;0;0,775;0,008
com.google.common.util.concurrent.Futures;1;0;0,981;0,023
com.google.common.collect.TreeBasedTable$1;0;0;0,67;0,007
com.google.common.collect.TreeBasedTable$2;0;0;0,669;0,007
com.google.common.cache.RemovalListener;1;0;0,984;0,025
com.google.common.collect.MapMaker$RemovalNotification;0;0;0,915;0,011
com.google.common.base.Functions$PredicateFunction;1;0;0,995;0,086
com.google.common.util.concurrent.RateLimiter$SleepingTicker$1;0;0;0,336;0,006
com.google.common.collect.AbstractMapBasedMultimap$WrappedList;0;0;0,964;0,015
com.google.common.collect.ImmutableMapValues$SerializedForm;0;0;0,895;0,01
com.google.common.collect.Maps$TransformedEntriesSortedMap;0;1;0,804;0,008
com.google.common.util.concurrent.AbstractService;0;0;0,404;0,006
com.google.common.io.BaseEncoding$SeparatedBaseEncoding;0;0;0,581;0,007
com.google.common.collect.MapMakerInternalMap$WeakValueReference;0;0;0,825;0,008
com.google.common.collect.Synchronized$SynchronizedNavigableMap;0;0;0,692;0,007
com.google.common.collect.AbstractSetMultimap;0;0;0,958;0,014
com.google.common.collect.ImmutableTable$Builder;0;0;0,879;0,009
com.google.common.primitives.UnsignedLongs$LexicographicalComparator;0;0;0,457;0,006
com.google.common.util.concurrent.JdkFutureAdapters$ListenableFutureAdapter;0;0;0,35;0,006
com.google.common.io.GwtWorkarounds$CharOutput;0;0;0,583;0,007
com.google.common.collect.MapMakerInternalMap$Strength$2;0;0;0,825;0,008
com.google.common.collect.MapMakerInternalMap$Strength$1;0;0;0,825;0,008
com.google.common.collect.Multiset$Entry;0;0;0,961;0,015
com.google.common.base.Predicates$NotPredicate;1;0;0,992;0,045
com.google.common.math.BigIntegerMath;0;0;0,532;0,006
com.google.common.collect.MapMakerInternalMap$Strength$3;0;0;0,825;0,008
com.google.common.collect.AbstractMultiset$ElementSet;0;0;0,959;0,015
com.google.common.collect.SortedMultisets$NavigableElementSet;0;0;0,957;0,014
com.google.common.collect.TreeMultiset$Reference;0;0;0,663;0,007
com.google.common.collect.EnumHashBiMap;0;0;0,934;0,012
com.google.common.cache.LocalCache$WeakAccessEntry;0;0;0,979;0,021
com.google.common.eventbus.AnnotatedSubscriberFinder;0;0;0,631;0,007
com.google.common.collect.ImmutableSortedSet$SerializedForm;0;0;0,88;0,009
com.google.common.collect.MultimapBuilder$LinkedHashSetSupplier;0;0;0,796;0,008
com.google.common.collect.SortedMultisets;0;0;0,72;0,007
com.google.common.collect.Multimaps$MapMultimap;0;0;0,786;0,008
com.google.common.util.concurrent.FakeTimeLimiter;0;0;0,0;0,006
com.google.common.collect.EvictingQueue;0;0;0,933;0,012
com.google.common.collect.ComparisonChain$InactiveComparisonChain;0;0;0,948;0,013
com.google.common.cache.LocalCache$AbstractReferenceEntry;1;0;0,98;0,021
com.google.common.cache.ForwardingCache$SimpleForwardingCache;1;0;0,981;0,022
com.google.common.collect.Cut$BelowAll;0;0;0,941;0,012
com.google.common.reflect.MutableTypeToInstanceMap$1;0;0;0,447;0,006
com.google.common.hash.Hashing$Adler32Holder;0;0;0,601;0,007
com.google.common.collect.ReverseNaturalOrdering;0;0;0,774;0,008
com.google.common.collect.MapConstraints$InverseConstraint;0;0;0,846;0,009
com.google.common.collect.BinaryTreeTraverser;0;0;0,953;0,014
com.google.common.collect.HashBiMap$BiEntry;0;0;0,913;0,011
com.google.common.util.concurrent.MoreExecutors$ScheduledListeningDecorator$NeverSuccessfulListenableFutureTask;0;0;0,345;0,006
com.google.common.annotations.VisibleForTesting;0;0;0,0;0,006
com.google.common.io.CharStreams$4;0;0;0,56;0,007
com.google.common.cache.AbstractLoadingCache;1;0;0,985;0,026
com.google.common.collect.AbstractMapBasedMultimap$AsMap$AsMapEntries;0;0;0,965;0,016
com.google.common.collect.MapMaker$NullComputingConcurrentMap;0;0;0,84;0,009
com.google.common.reflect.MutableTypeToInstanceMap;0;0;0,446;0,006
com.google.common.collect.ComputingConcurrentHashMap;0;0;0,946;0,013
com.google.common.collect.ImmutableRangeMap$2;0;0;0,889;0,01
com.google.common.hash.Murmur3_128HashFunction$Murmur3_128Hasher;0;0;0,59;0,007
com.google.common.escape.CharEscaperBuilder$CharArrayDecorator;0;0;0,638;0,007
com.google.common.collect.Multisets$MultisetIteratorImpl;0;0;0,776;0,008
com.google.common.collect.ImmutableRangeMap$1;0;0;0,889;0,01
com.google.common.collect.AbstractNavigableMap$DescendingMap;0;0;0,959;0,014
com.google.common.base.FinalizableReferenceQueue$DirectLoader;1;0;0,997;0,108
com.google.common.collect.ImmutableCollection$ArrayBasedBuilder;0;0;0,905;0,01
com.google.common.collect.RowSortedTable;0;0;0,713;0,007
com.google.common.collect.Iterables$UnmodifiableIterable;0;0;0,87;0,009
com.google.common.collect.Maps$UnmodifiableBiMap;0;1;0,803;0,008
com.google.common.collect.AbstractMapEntry;0;0;0,961;0,015
com.google.common.util.concurrent.Service$State$1;0;0;0,323;0,006
com.google.common.util.concurrent.Service$State$2;0;0;0,323;0,006
com.google.common.util.concurrent.Service$State$3;0;0;0,323;0,006
com.google.common.util.concurrent.Service$State$4;0;0;0,323;0,006
com.google.common.collect.Sets$PowerSet;0;0;0,745;0,007
com.google.common.util.concurrent.Service$State$5;0;0;0,323;0,006
com.google.common.util.concurrent.Service$State$6;0;0;0,323;0,006
com.google.common.collect.ImmutableRangeSet$ComplementRanges;0;0;0,886;0,01
com.google.common.io.CharStreams$2;0;0;0,561;0,007
com.google.common.collect.Maps$10;0;1;0,819;0,008
com.google.common.io.CharStreams$3;0;0;0,561;0,007
com.google.common.collect.Maps$11;0;1;0,818;0,008
com.google.common.io.CharStreams$1;0;0;0,562;0,007
com.google.common.collect.GeneralRange;0;0;0,915;0,011
com.google.common.collect.ImmutableRangeSet$SerializedForm;0;0;0,886;0,01
com.google.common.collect.Iterables$10;0;0;0,875;0,009
com.google.common.collect.Iterables$11;0;0;0,875;0,009
com.google.common.collect.Iterables$12;0;0;0,874;0,009
com.google.common.collect.Iterables$13;0;0;0,874;0,009
com.google.common.collect.Iterables$14;0;0;0,873;0,009
com.google.common.util.concurrent.RateLimiter;0;0;0,337;0,006
com.google.common.collect.Iterables$15;0;0;0,873;0,009
com.google.common.hash.Murmur3_32HashFunction;0;0;0,596;0,007
com.google.common.collect.Lists;0;1;0,956;0,014
com.google.common.reflect.Types;0;0;0,449;0,006
com.google.common.io.PatternFilenameFilter;0;0;0,535;0,006
com.google.common.collect.Maps$BiMapConverter;0;1;0,814;0,008
com.google.common.util.concurrent.Futures$ImmediateFuture;0;0;0,354;0,006
com.google.common.xml.XmlEscapers;0;0;0,336;0,006
com.google.common.collect.Interners$WeakInterner$Dummy;0;0;0,877;0,009
com.google.common.collect.ComputingConcurrentHashMap$ComputingSegment;0;0;0,947;0,013
com.google.common.base.Predicates$CompositionPredicate;1;0;0,993;0,047
com.google.common.collect.MapConstraints$ConstrainedAsMapEntries$1;0;0;0,847;0,009
com.google.common.collect.MapMaker$ComputingMapAdapter;0;0;0,84;0,009
com.google.common.util.concurrent.AbstractScheduledService$CustomScheduler$Schedule;0;0;0,396;0,006
com.google.common.collect.AbstractSortedMultiset$1;0;0;0,958;0,014
com.google.common.io.Files$FileByteSink;0;0;0,551;0,007
com.google.common.collect.Tables;0;0;0,956;0,014
com.google.common.cache.RemovalListeners$1$1;0;0;0,97;0,017
com.google.common.util.concurrent.ListenableFutureTask;0;0;0,399;0,006
com.google.common.cache.RemovalListeners$1;0;0;0,97;0,017
com.google.common.cache.LocalCache$WeightedWeakValueReference;0;0;0,976;0,019
com.google.common.collect.TreeRangeSet$SubRangeSetRangesByLowerBound;0;0;0,65;0,007
com.google.common.collect.TransformedListIterator;0;0;0,859;0,009
com.google.common.hash.Hashing$Sha1Holder;0;0;0,596;0,007
com.google.common.collect.TreeTraverser$PostOrderNode;0;0;0,646;0,007
com.google.common.collect.ImmutableMapEntry;0;0;0,898;0,01
com.google.common.io.LittleEndianDataInputStream;0;0;0,538;0,007
com.google.common.collect.Lists$ReverseList;0;0;0,852;0,009
com.google.common.base.Equivalence$EquivalentToPredicate;1;0;0,998;0,122
com.google.common.collect.AbstractIterator$State;0;0;0,966;0,016
com.google.common.collect.ImmutableMultimap$EntryCollection;0;0;0,894;0,01
com.google.common.collect.Lists$StringAsImmutableList;0;0;0,851;0,009
com.google.common.cache.CacheLoader$FunctionToCacheLoader;1;0;0,982;0,023
com.google.common.cache.LocalCache$WeightedSoftValueReference;0;0;0,976;0,019
com.google.common.collect.Multimaps$Entries;0;0;0,96;0,015
com.google.common.collect.Multimaps$AsMap$EntrySet;0;0;0,791;0,008
com.google.common.collect.Interners$InternerFunction;0;0;0,877;0,009
com.google.common.collect.MultimapBuilder$LinkedListSupplier;0;0;0,796;0,008
com.google.common.collect.AbstractBiMap$Inverse;0;0;0,967;0,016
com.google.common.util.concurrent.UncheckedExecutionException;1;0;0,985;0,026
com.google.common.collect.Multisets$4$1;0;0;0,779;0,008
com.google.common.cache.CacheBuilderSpec$MaximumSizeParser;1;0;0,982;0,023
com.google.common.cache.LocalCache$StrongEntry;0;0;0,98;0,021
com.google.common.eventbus.SubscriberExceptionContext;0;0;0,625;0,007
com.google.common.util.concurrent.Striped;0;0;0,284;0,006
com.google.common.collect.BinaryTreeTraverser$PreOrderIterator;0;0;0,952;0,013
com.google.common.collect.MapMakerInternalMap$ReferenceEntry;0;0;0,947;0,013
com.google.common.collect.Synchronized$SynchronizedAsMapEntries$1;0;0;0,699;0,007
com.google.common.util.concurrent.Futures$CombinedFuture$1;0;0;0,359;0,006
com.google.common.collect.Multimaps$UnmodifiableSortedSetMultimap;0;0;0,782;0,008
com.google.common.collect.MapMakerInternalMap$StrongEntry;0;0;0,835;0,008
com.google.common.collect.Multimaps$CustomSetMultimap;0;0;0,789;0,008
com.google.common.io.ByteSource$ByteArrayByteSource;0;0;0,574;0,007
com.google.common.util.concurrent.Futures$CombinedFuture$2;0;0;0,358;0,006
com.google.common.reflect.TypeResolver$TypeTable;0;0;0,443;0,006
com.google.common.util.concurrent.ForwardingCheckedFuture;0;0;0,37;0,006
com.google.common.collect.NaturalOrdering;0;0;0,774;0,008
com.google.common.hash.Funnels$StringCharsetFunnel$SerializedForm;0;0;0,607;0,007
com.google.common.util.concurrent.MoreExecutors$ScheduledListeningDecorator$ListenableScheduledTask;0;0;0,345;0,006
com.google.common.cache.Cache;1;0;0,985;0,026
com.google.common.collect.TreeTraverser$BreadthFirstIterator;0;0;0,647;0,007
com.google.common.collect.LinkedListMultimap$Node;0;0;0,858;0,009
com.google.common.collect.ListMultimap;0;0;0,966;0,016
com.google.common.collect.WellBehavedMap$EntrySet$1;0;0;0,642;0,007
com.google.common.collect.AbstractBiMap$EntrySet$1$1;0;0;0,968;0,016
com.google.common.collect.Maps$NavigableKeySet;0;0;0,958;0,014
com.google.common.net.HttpHeaders;0;0;0,0;0,006
com.google.common.reflect.ClassPath$ClassInfo;0;0;0,455;0,006
com.google.common.util.concurrent.CycleDetectingLockFactory$WithExplicitOrdering;0;0;0,375;0,006
com.google.common.primitives.ParseRequest;0;0;0,469;0,006
com.google.common.cache.CacheBuilder$OneWeigher;1;0;0,984;0,025
com.google.common.collect.Multimaps$TransformedEntriesListMultimap;0;0;0,785;0,008
com.google.common.escape.Escapers$Builder$1;0;0;0,635;0,007
com.google.common.primitives.Longs;0;0;0,948;0,013
com.google.common.collect.ForwardingListIterator;0;0;0,944;0,013
com.google.common.net.UrlEscapers;0;0;0,517;0,006
com.google.common.collect.MapConstraints$NotNullMapConstraint;0;0;0,842;0,009
com.google.common.collect.ImmutableBiMap$SerializedForm;0;0;0,907;0,01
com.google.common.collect.Multimaps$UnmodifiableSetMultimap;0;0;0,783;0,008
com.google.common.cache.CacheBuilderSpec$1;1;0;0,984;0,025
com.google.common.util.concurrent.ListeningExecutorService;0;1;0,976;0,019
com.google.common.hash.Hashing$Md5Holder;0;0;0,597;0,007
com.google.common.collect.Maps$FilteredEntryMap;0;1;0,811;0,008
com.google.common.collect.Synchronized$SynchronizedMultiset;0;0;0,693;0,007
com.google.common.collect.TreeRangeMap$SubRangeMap$SubRangeMapAsMap$1;0;0;0,66;0,007
com.google.common.io.FileBackedOutputStream$2;0;0;0,554;0,007
com.google.common.collect.TreeRangeMap$SubRangeMap$SubRangeMapAsMap$2;0;0;0,659;0,007
com.google.common.io.FileBackedOutputStream$1;0;0;0,555;0,007
com.google.common.collect.TreeRangeMap$SubRangeMap$SubRangeMapAsMap$3;0;0;0,658;0,007
com.google.common.base.Splitter$3$1;1;0;0,99;0,039
com.google.common.base.Stopwatch$1;1;0;0,989;0,036
com.google.common.collect.Synchronized$SynchronizedCollection;0;0;0,697;0,007
com.google.common.collect.Serialization$FieldSetter;0;0;0,945;0,013
com.google.common.collect.Maps$UnmodifiableEntrySet;0;0;0,801;0,008
com.google.common.base.CaseFormat$1;1;0;1,0;0,509
com.google.common.hash.HashCode;0;0;0,62;0,007
com.google.common.base.CaseFormat$2;1;0;1,0;0,473
com.google.common.base.CaseFormat$3;1;0;1,0;0,352
com.google.common.base.CaseFormat$4;1;0;1,0;0,352
com.google.common.base.CaseFormat$5;1;0;1,0;0,396
com.google.common.collect.Sets$FilteredNavigableSet;0;0;0,748;0,007
com.google.common.collect.UnmodifiableSortedMultiset;0;0;0,775;0,008
com.google.common.io.ByteSource$EmptyByteSource;0;0;0,573;0,007
com.google.common.hash.ChecksumHashFunction$ChecksumHasher;0;0;0,612;0,007
com.google.common.collect.MapMakerInternalMap$WriteThroughEntry;0;0;0,832;0,008
com.google.common.collect.ConcurrentHashMultiset;0;0;0,946;0,013
com.google.common.util.concurrent.Service$1;0;0;0,326;0,006
com.google.common.collect.ForwardingQueue;0;0;0,933;0,012
com.google.common.io.GwtWorkarounds;0;0;0,579;0,007
com.google.common.collect.AbstractMapBasedMultimap$WrappedSet;0;0;0,962;0,015
com.google.common.collect.Sets$SubSet;0;0;0,745;0,007
com.google.common.util.concurrent.MoreExecutors$ScheduledListeningDecorator;0;0;0,344;0,006
com.google.common.html.HtmlEscapers;0;0;0,586;0,007
com.google.common.collect.EmptyContiguousSet$SerializedForm;0;0;0,936;0,012
com.google.common.collect.ForwardingMultiset;0;0;0,938;0,012
com.google.common.collect.ImmutableRangeSet$AsSet$2;0;0;0,887;0,01
com.google.common.util.concurrent.ForwardingCheckedFuture$SimpleForwardingCheckedFuture;0;0;0,37;0,006
com.google.common.collect.ImmutableRangeSet$AsSet$1;0;0;0,888;0,01
com.google.common.collect.ImmutableMultiset$EntrySet;0;0;0,891;0,01
com.google.common.collect.TreeMultimap;0;0;0,667;0,007
com.google.common.hash.Funnels$LongFunnel;0;0;0,609;0,007
com.google.common.base.Splitter;1;0;0,991;0,041
com.google.common.collect.Maps$FilteredEntrySortedMap$SortedKeySet;0;0;0,808;0,008
com.google.common.collect.Maps$8;0;1;0,816;0,008
com.google.common.collect.ArrayTable$Column;0;0;0,955;0,014
com.google.common.collect.Maps$9;0;1;0,815;0,008
com.google.common.collect.Maps$6;0;1;0,816;0,008
com.google.common.util.concurrent.MoreExecutors$2;0;0;0,35;0,006
com.google.common.collect.Maps$7;0;1;0,816;0,008
com.google.common.util.concurrent.MoreExecutors$1;0;0;0,351;0,006
com.google.common.util.concurrent.MoreExecutors$4;0;0;0,349;0,006
com.google.common.util.concurrent.MoreExecutors$3;0;0;0,349;0,006
com.google.common.collect.ComparatorOrdering;0;0;0,949;0,013
com.google.common.collect.Maps$1;0;1;0,819;0,008
com.google.common.collect.Maps$4;0;1;0,817;0,008
com.google.common.collect.MapMakerInternalMap$AbstractReferenceEntry;0;0;0,832;0,008
com.google.common.collect.Maps$5;0;1;0,817;0,008
com.google.common.collect.Maps$2;0;1;0,818;0,008
com.google.common.collect.Maps$3;0;1;0,818;0,008
com.google.common.collect.ImmutableSortedMultiset$Builder;0;0;0,881;0,009
com.google.common.reflect.Invokable$MethodInvokable;0;0;0,449;0,006
com.google.common.collect.Queues;0;0;0,372;0,006
com.google.common.collect.FilteredKeyMultimap$Entries;0;0;0,929;0,011
com.google.common.hash.AbstractHasher;0;0;0,621;0,007
com.google.common.reflect.TypeResolver;0;0;0,444;0,006
com.google.common.base.Optional$1$1;1;0;0,993;0,075
com.google.common.collect.Ordering$ArbitraryOrdering;0;0;0,772;0,008
com.google.common.hash.SipHashFunction;0;0;0,594;0,007
com.google.common.primitives.Doubles$DoubleArrayAsList;0;0;0,483;0,006
com.google.common.collect.SortedLists$KeyAbsentBehavior$2;0;0;0,722;0,007
com.google.common.eventbus.EventBus$1;0;0;0,627;0,007
com.google.common.collect.SortedLists$KeyAbsentBehavior$1;0;0;0,722;0,007
com.google.common.eventbus.EventBus$2;0;0;0,627;0,007
com.google.common.collect.AbstractTable;0;0;0,957;0,014
com.google.common.collect.Tables$1;0;0;0,676;0,007
com.google.common.eventbus.EventBus$3;0;0;0,626;0,007
com.google.common.util.concurrent.ServiceManager;0;0;0,31;0,006
com.google.common.collect.SortedLists$KeyAbsentBehavior$3;0;0;0,722;0,007
com.google.common.collect.StandardRowSortedTable$1;0;0;0,713;0,007
com.google.common.cache.LocalCache$LoadingSerializationProxy;0;1;0,978;0,02
com.google.common.reflect.TypeToken$TypeFilter;0;0;0,434;0,006
com.google.common.collect.Multimap;0;0;0,96;0,015
com.google.common.io.CharSink;0;0;0,585;0,007
com.google.common.collect.AbstractMapBasedMultiset$MapBasedMultisetIterator;0;0;0,961;0,015
com.google.common.collect.ForwardingConcurrentMap;0;0;0,926;0,011
com.google.common.util.concurrent.CycleDetectingLockFactory$LockGraphNode;0;0;0,381;0,006
com.google.common.util.concurrent.ServiceManager$SynchronizedExecutor;0;0;0,306;0,006
com.google.common.base.StandardSystemProperty;1;0;0,989;0,037
com.google.common.hash.Hashing$Murmur3_32Holder;0;0;0,596;0,007
com.google.common.base.Suppliers$SupplierComposition;1;0;0,988;0,028
com.google.common.io.GwtWorkarounds$CharInput;0;0;0,584;0,007
com.google.common.collect.Tables$TransposeTable;0;0;0,672;0,007
com.google.common.hash.AbstractStreamingHashFunction$AbstractStreamingHasher;0;0;0,617;0,007
com.google.common.base.CharMatcher$Or;1;0;0,999;0,177
com.google.common.collect.ForwardingSortedMap$StandardKeySet;0;0;0,918;0,011
com.google.common.util.concurrent.MoreExecutors$Application$1;0;0;0,348;0,006
com.google.common.escape.Escaper$1;0;0;0,637;0,007
com.google.common.io.FileBackedOutputStream$MemoryOutput;0;0;0,554;0,007
com.google.common.collect.MultimapBuilder;0;0;0,795;0,008
com.google.common.collect.ForwardingNavigableMap$StandardDescendingMap;0;0;0,92;0,011
com.google.common.util.concurrent.SimpleTimeLimiter$1;0;0;0,289;0,006
com.google.common.util.concurrent.CycleDetectingLockFactory$1;0;0;0,381;0,006
com.google.common.collect.CartesianList$1;0;0;0,951;0,013
com.google.common.collect.Synchronized$SynchronizedRandomAccessList;0;0;0,687;0,007
com.google.common.base.FinalizableWeakReference;0;0;0,0;0,006
com.google.common.base.internal.Finalizer;1;0;0,985;0,027
com.google.common.base.Enums$StringConverter;1;0;0,999;0,131
com.google.common.collect.RegularImmutableBiMap;0;0;0,907;0,01
com.google.common.io.ByteSink;0;0;0,585;0,007
com.google.common.util.concurrent.CycleDetectingLockFactory$ExampleStackTrace;0;0;0,379;0,006
com.google.common.collect.ImmutableBiMap$Builder;0;0;0,907;0,01
com.google.common.hash.AbstractNonStreamingHashFunction$ExposedByteArrayOutputStream;0;0;0,619;0,007
com.google.common.collect.HashBiMap$KeySet;0;0;0,91;0,011
com.google.common.collect.StandardTable$Row$RowEntrySet$1$1;0;0;0,705;0,007
com.google.common.collect.ImmutableMapEntry$TerminalEntry;0;1;0,907;0,01
com.google.common.hash.BloomFilterStrategies$BitArray;0;0;0,615;0,007
com.google.common.collect.RegularImmutableTable$CellSet;0;0;0,754;0,007
com.google.common.collect.Maps$TransformedEntriesMap;0;1;0,804;0,008
com.google.common.collect.TreeRangeSet$AsRanges;0;0;0,654;0,007
com.google.common.primitives.Chars;0;0;0,484;0,006
com.google.common.cache.LongAdder;0;1;0,972;0,018
com.google.common.collect.WellBehavedMap$1;0;0;0,641;0,007
com.google.common.hash.MessageDigestHashFunction;0;0;0,597;0,007
com.google.common.util.concurrent.Runnables;0;0;0,334;0,006
com.google.common.collect.DenseImmutableTable$1;0;0;0,94;0,012
com.google.common.cache.LocalCache$StrongAccessEntry;0;0;0,979;0,021
com.google.common.collect.Count;0;0;0,961;0,015
com.google.common.collect.StandardTable$ColumnMap$ColumnMapEntrySet;0;0;0,707;0,007
com.google.common.cache.LocalCache$LocalManualCache$1;0;1;0,977;0,02
com.google.common.util.concurrent.Callables;0;0;0,383;0,006
com.google.common.primitives.Shorts$ShortConverter;0;0;0,466;0,006
com.google.common.io.ByteStreams$ByteArrayDataInputStream;0;0;0,569;0,007
com.google.common.net.HostAndPort;0;0;0,523;0,006
com.google.common.collect.TreeBasedTable;0;0;0,67;0,007
com.google.common.collect.DenseImmutableTable$ImmutableArrayMap$1$1;0;0;0,94;0,012
com.google.common.collect.MapConstraints$ConstrainedBiMap;0;0;0,846;0,009
com.google.common.base.Equivalence$Wrapper;1;0;0,998;0,119
com.google.common.util.concurrent.Monitor;0;0;0,392;0,006
com.google.common.base.CharMatcher$FastMatcher;1;0;1,0;0,318
com.google.common.collect.AbstractMapBasedMultimap$Itr;0;0;0,965;0,016
com.google.common.hash.Funnels$StringCharsetFunnel;0;0;0,607;0,007
com.google.common.collect.MapMakerInternalMap$ValueReference;0;0;0,947;0,013
com.google.common.base.Converter$ConverterComposition;1;0;0,999;0,149
com.google.common.collect.EmptyImmutableSetMultimap;0;0;0,935;0,012
com.google.common.collect.HashBiMap$EntrySet;0;0;0,913;0,011
com.google.common.base.Predicates$IsEqualToPredicate;1;0;0,992;0,046
com.google.common.collect.ImmutableCollection;0;1;0,935;0,012
com.google.common.cache.LocalCache$ManualSerializationProxy;0;1;0,978;0,02
com.google.common.hash.BloomFilterStrategies;0;0;0,614;0,007
com.google.common.collect.MapMakerInternalMap$WeakExpirableEntry;0;0;0,833;0,008
com.google.common.io.BaseEncoding$3;0;0;0,584;0,007
com.google.common.io.BaseEncoding$4;0;0;0,583;0,007
com.google.common.collect.ImmutableCollection$Builder;0;1;0,905;0,01
com.google.common.io.BaseEncoding$1;0;0;0,585;0,007
com.google.common.io.BaseEncoding$2;0;0;0,584;0,007
com.google.common.annotations.GwtIncompatible;0;0;0,0;0,006
com.google.common.collect.TreeRangeMap$1;0;0;0,661;0,007
com.google.common.collect.CartesianList;0;0;0,951;0,013
com.google.common.collect.Maps$FilteredKeyMap;0;1;0,807;0,008
com.google.common.util.concurrent.CycleDetectingLockFactory$PotentialDeadlockException;0;0;0,378;0,006
com.google.common.collect.ForwardingSortedMultiset$StandardDescendingMultiset;0;0;0,917;0,011
com.google.common.util.concurrent.AbstractScheduledService$Scheduler;0;0;0,398;0,006
com.google.common.collect.RegularImmutableMap$NonTerminalMapEntry;0;0;0,762;0,007
com.google.common.util.concurrent.ListenableFuture;1;0;0,981;0,023
com.google.common.collect.ImmutableEnumSet$EnumSerializedForm;0;0;0,902;0,01
com.google.common.io.CharSource$ConcatenatedCharSource;0;0;0,564;0,007
com.google.common.util.concurrent.JdkFutureAdapters;0;0;0,0;0,006
com.google.common.collect.ImmutableList;1;0;0,982;0,023
com.google.common.collect.ImmutableRangeSet$AsSet;0;0;0,888;0,01
com.google.common.escape.Escapers;0;0;0,633;0,007
com.google.common.io.Flushables;0;0;0,547;0,007
com.google.common.collect.Iterables$10$1;0;0;0,875;0,009
com.google.common.collect.SortedMultisets$ElementSet;0;0;0,72;0,007
com.google.common.collect.MapConstraints$ConstrainedEntries;0;0;0,846;0,009
com.google.common.reflect.TypeResolver$TypeTable$1;0;0;0,443;0,006
com.google.common.hash.HashingOutputStream;0;0;0,592;0,007
com.google.common.hash.BloomFilter;0;0;0,615;0,007
com.google.common.reflect.MutableTypeToInstanceMap$UnmodifiableEntry;0;0;0,447;0,006
com.google.common.util.concurrent.Callables$3;0;0;0,382;0,006
com.google.common.util.concurrent.Callables$2;0;0;0,383;0,006
com.google.common.cache.LongAddable;1;0;0,985;0,026
com.google.common.collect.MapMaker$RemovalListener;0;0;0,946;0,013
com.google.common.util.concurrent.Callables$1;0;0;0,383;0,006
com.google.common.hash.Hashing$ConcatenatedHashFunction;0;0;0,599;0,007
com.google.common.collect.ImmutableRangeMap$Builder;0;0;0,889;0,01
com.google.common.io.LineProcessor;0;0;0,564;0,007
com.google.common.collect.MapMakerInternalMap;0;0;0,947;0,013
com.google.common.collect.ForwardingSortedMultiset;0;0;0,917;0,011
com.google.common.collect.Multisets$ElementSet$1;0;0;0,778;0,008
com.google.common.collect.HashBiMap$Inverse$1$1$InverseEntry;0;0;0,912;0,011
com.google.common.collect.Maps$UnmodifiableEntries;0;0;0,802;0,008
com.google.common.collect.BoundType$2;0;0;0,952;0,013
com.google.common.collect.BoundType$1;0;0;0,952;0,013
com.google.common.io.Closer$Suppressor;0;0;0,558;0,007
com.google.common.collect.RegularImmutableSortedMultiset;0;0;0,88;0,009
com.google.common.collect.AbstractMapBasedMultimap$WrappedCollection;0;0;0,964;0,015
com.google.common.io.GwtWorkarounds$ByteInput;0;0;0,581;0,007
com.google.common.reflect.ClassPath;0;0;0,454;0,006
com.google.common.collect.LinkedHashMultimap;0;0;0,862;0,009
com.google.common.collect.Synchronized$SynchronizedList;0;0;0,695;0,007
com.google.common.base.FinalizableReferenceQueue$FinalizerLoader;1;0;0,997;0,114
com.google.common.cache.AbstractCache;1;0;0,985;0,026
com.google.common.collect.Maps$SortedKeySet;0;0;0,918;0,011
com.google.common.util.concurrent.AbstractService$Transition;0;0;0,39;0,006
com.google.common.collect.StandardTable$TableSet;0;0;0,707;0,007
com.google.common.collect.LexicographicalOrdering;0;0;0,863;0,009
com.google.common.util.concurrent.Futures$NonCancellationPropagatingFuture;0;1;0,349;0,006
com.google.common.collect.Multisets$5;0;0;0,778;0,008
com.google.common.collect.StandardTable$Row;0;0;0,704;0,007
com.google.common.collect.Multisets$3;0;0;0,78;0,008
com.google.common.collect.Multisets$4;0;0;0,779;0,008
com.google.common.collect.Multisets$1;0;0;0,781;0,008
com.google.common.cache.CacheStats;1;0;0,985;0,026
com.google.common.collect.Multisets$2;0;0;0,781;0,008
com.google.common.collect.Iterables;0;1;0,95;0,013
com.google.common.collect.LinkedListMultimap$1;0;0;0,86;0,009
com.google.common.collect.LinkedListMultimap$2;0;0;0,859;0,009
com.google.common.collect.GenericMapMaker$NullListener;0;0;0,915;0,011
com.google.common.io.CountingOutputStream;0;0;0,555;0,007
com.google.common.collect.LinkedListMultimap$3;0;0;0,859;0,009
com.google.common.collect.LinkedListMultimap$4;0;0;0,858;0,009
com.google.common.cache.CacheLoader$SupplierToCacheLoader;1;0;0,982;0,023
com.google.common.util.concurrent.ThreadFactoryBuilder$1;0;0;0,283;0,006
com.google.common.collect.HashBiMap$Itr;0;0;0,913;0,011
com.google.common.util.concurrent.Futures$ImmediateCancelledFuture;0;1;0,354;0,006
com.google.common.collect.ObjectArrays;0;1;0,926;0,011
com.google.common.collect.Synchronized$SynchronizedDeque;0;0;0,696;0,007
com.google.common.collect.Constraints$ConstrainedSet;0;0;0,943;0,013
com.google.common.util.concurrent.Monitor$Guard;0;0;0,392;0,006
com.google.common.io.OutputSupplier;0;0;0,576;0,007
com.google.common.collect.Constraints$ConstrainedSortedSet;0;0;0,943;0,012
com.google.common.collect.SortedIterable;0;0;0,883;0,01
com.google.common.collect.RangeMap;0;0;0,889;0,01
com.google.common.collect.UnmodifiableIterator;1;0;0,98;0,022
com.google.common.io.ByteSource$AsCharSource;0;0;0,575;0,007
com.google.common.base.Functions$SupplierFunction;1;0;0,995;0,085
com.google.common.collect.ImmutableSortedMultiset;0;0;0,938;0,012
com.google.common.eventbus.EventSubscriber;0;0;0,63;0,007
com.google.common.io.InputSupplier;0;0;0,572;0,007
com.google.common.collect.Maps$EntryFunction$2;0;0;0,813;0,008
com.google.common.collect.Maps$EntryFunction$1;0;0;0,813;0,008
com.google.common.io.BaseEncoding$StandardBaseEncoding$2;0;0;0,58;0,007
com.google.common.collect.MultimapBuilder$SortedSetMultimapBuilder;0;0;0,793;0,008
com.google.common.io.BaseEncoding$StandardBaseEncoding$1;0;0;0,581;0,007
com.google.common.io.AppendableWriter;0;0;0,585;0,007
com.google.common.util.concurrent.Futures$ImmediateSuccessfulCheckedFuture;0;1;0,351;0,006
com.google.common.collect.HashMultiset;0;0;0,949;0,013
com.google.common.cache.CacheBuilderSpec$ValueParser;1;0;0,984;0,025
com.google.common.base.SmallCharMatcher;1;0;0,999;0,168
com.google.common.base.CharMatcher$RangesMatcher;1;0;0,999;0,172
com.google.common.util.concurrent.Futures$NonCancellationPropagatingFuture$1;0;0;0,349;0,006
com.google.common.collect.SingletonImmutableList;0;1;0,9;0,01
com.google.common.base.Predicates$AndPredicate;1;0;0,993;0,048
com.google.common.collect.MapMakerInternalMap$SoftEvictableEntry;0;0;0,827;0,008
com.google.common.primitives.Floats;0;0;0,48;0,006
com.google.common.reflect.TypeToken$TypeCollector$1;0;0;0,431;0,006
com.google.common.collect.Maps$FilteredMapValues;0;0;0,815;0,008
com.google.common.collect.MinMaxPriorityQueue$QueueIterator;0;0;0,8;0,008
com.google.common.collect.ForwardingMap;0;0;0,967;0,016
com.google.common.collect.ForwardingListMultimap;0;0;0,922;0,011
com.google.common.collect.ExplicitOrdering;0;0;0,933;0,012
com.google.common.io.LittleEndianDataOutputStream;0;0;0,537;0,006
com.google.common.reflect.TypeToken$TypeCollector$3;0;0;0,43;0,006
com.google.common.reflect.TypeToken$TypeCollector$2;0;0;0,43;0,006
com.google.common.collect.MapMakerInternalMap$ExpirationQueue$1;0;0;0,83;0,008
com.google.common.reflect.TypeToken$TypeCollector$4;0;0;0,429;0,006
com.google.common.collect.MapMakerInternalMap$ExpirationQueue$2;0;0;0,83;0,008
com.google.common.util.concurrent.MoreExecutors$SameThreadExecutorService;0;0;0,346;0,006
com.google.common.cache.LocalCache$Strength;1;0;0,984;0,025
com.google.common.collect.MapMakerInternalMap$CleanupMapTask;0;0;0,835;0,008
com.google.common.hash.Murmur3_128HashFunction;0;0;0,597;0,007
com.google.common.util.concurrent.AtomicDoubleArray;0;0;0,385;0,006
com.google.common.collect.Synchronized$SynchronizedListMultimap;0;0;0,694;0,007
com.google.common.collect.ImmutableRangeSet$AsSetSerializedForm;0;0;0,887;0,01
com.google.common.hash.Funnels$SequentialFunnel;0;0;0,608;0,007
com.google.common.hash.AbstractByteHasher;0;0;0,621;0,007
com.google.common.reflect.MutableTypeToInstanceMap$UnmodifiableEntry$1;0;0;0,447;0,006
com.google.common.collect.Tables$AbstractCell;0;0;0,956;0,014
com.google.common.reflect.MutableTypeToInstanceMap$UnmodifiableEntry$2;0;0;0,447;0,006
com.google.common.base.CaseFormat;1;0;1,0;0,509
com.google.common.collect.Interners;0;0;0,0;0,006
com.google.common.primitives.Floats$LexicographicalComparator;0;0;0,479;0,006
com.google.common.cache.LocalCache$ValueIterator;0;0;0,975;0,019
com.google.common.primitives.Ints;0;1;0,972;0,018
com.google.common.annotations.Beta;0;0;0,0;0,006
com.google.common.collect.MapMakerInternalMap$SoftEntry;0;0;0,827;0,008
com.google.common.primitives.Primitives;0;0;0,906;0,01
com.google.common.base.Utf8;1;0;0,986;0,027
com.google.common.base.Splitter$SplittingIterator;1;0;0,991;0,041
com.google.common.collect.ImmutableMap$MapViewOfValuesAsSingletonSets$1$1$1;0;0;0,9;0,01
com.google.common.collect.RegularImmutableSortedMap$1;0;0;0,76;0,007
com.google.common.collect.Synchronized$SynchronizedAsMapValues;0;0;0,7;0,007
com.google.common.base.Predicates$InPredicate;1;0;0,993;0,047
com.google.common.collect.MapMakerInternalMap$EntrySet;0;0;0,832;0,008
com.google.common.collect.Maps$MapDifferenceImpl;0;1;0,806;0,008
com.google.common.net.MediaType$2;0;0;0,519;0,006
com.google.common.collect.LinkedHashMultimap$ValueSetLink;0;0;0,862;0,009
com.google.common.collect.Multisets$1$1;0;0;0,781;0,008
com.google.common.primitives.UnsignedInteger;0;0;0,459;0,006
com.google.common.collect.Multisets$FilteredMultiset;0;0;0,777;0,008
com.google.common.base.Splitter$MapSplitter;1;0;0,99;0,038
com.google.common.cache.Weigher;1;0;0,984;0,025
com.google.common.collect.ComputingConcurrentHashMap$ComputationExceptionReference;0;0;0,947;0,013
com.google.common.base.Converter$IdentityConverter;1;0;0,999;0,147
com.google.common.primitives.UnsignedBytes$LexicographicalComparatorHolder;0;0;0,462;0,006
com.google.common.collect.TreeRangeSet$RangesByUpperBound;0;0;0,653;0,007
com.google.common.collect.HashBiMap$Inverse;0;0;0,912;0,011
com.google.common.collect.ForwardingMap$StandardKeySet;0;0;0,922;0,011
com.google.common.collect.Iterators$10;0;1;0,869;0,009
com.google.common.cache.LocalCache$StrongAccessWriteEntry;0;0;0,979;0,021
com.google.common.collect.Iterators$12;0;1;0,868;0,009
com.google.common.collect.Iterators$11;0;1;0,868;0,009
com.google.common.collect.MapConstraint;0;0;0,849;0,009
com.google.common.base.Predicate;1;0;1,0;0,271
com.google.common.collect.ImmutableSetMultimap$BuilderMultimap;0;0;0,884;0,01
com.google.common.collect.Lists$CharSequenceAsList;0;0;0,854;0,009
com.google.common.eventbus.EventBus$EventWithSubscriber;0;0;0,629;0,007
com.google.common.cache.LocalCache$KeyIterator;0;0;0,978;0,02
com.google.common.net.InetAddresses$TeredoInfo;0;0;0,522;0,006
com.google.common.collect.Iterators$14;0;1;0,867;0,009
com.google.common.collect.Iterators$13;0;1;0,867;0,009
com.google.common.hash.AbstractStreamingHashFunction;0;0;0,62;0,007
com.google.common.cache.LocalCache;1;0;0,98;0,022
com.google.common.cache.LongAddables$PureJavaLongAddable;0;0;0,972;0,017
com.google.common.collect.ArrayTable$1;0;0;0,956;0,014
com.google.common.math.MathPreconditions;0;0;0,532;0,006
com.google.common.util.concurrent.Futures$FallbackFuture$1$1;0;0;0,358;0,006
com.google.common.collect.ImmutableMultimap;0;0;0,9;0,01
com.google.common.collect.HashBiMap$InverseSerializedForm;0;0;0,91;0,011
com.google.common.util.concurrent.WrappingScheduledExecutorService;0;0;0,349;0,006
com.google.common.collect.FilteredEntryMultimap$Keys$1;0;0;0,932;0,012
com.google.common.collect.ImmutableSortedSet;0;0;0,957;0,014
com.google.common.base.Charsets;1;0;0,999;0,158
com.google.common.util.concurrent.AbstractExecutionThreadService$1$2;0;0;0,405;0,006
com.google.common.util.concurrent.AbstractExecutionThreadService$1$1;0;0;0,405;0,006
com.google.common.collect.ImmutableRangeSet$Builder;0;0;0,886;0,01
com.google.common.hash.Hashing$LinearCongruentialGenerator;0;0;0,598;0,007
com.google.common.collect.ImmutableMap$MapViewOfValuesAsSingletonSets$1$1;0;0;0,9;0,01
com.google.common.collect.Multimaps$Keys;0;0;0,96;0,015
com.google.common.base.Joiner$MapJoiner;1;0;0,994;0,082
com.google.common.cache.ForwardingLoadingCache$SimpleForwardingLoadingCache;1;0;0,981;0,022
com.google.common.collect.BinaryTreeTraverser$1$1;0;0;0,953;0,014
com.google.common.collect.AbstractMultiset$EntrySet;0;0;0,959;0,015
com.google.common.collect.ImmutableMultimap$BuilderMultimap;0;0;0,894;0,01
com.google.common.base.Predicates$OrPredicate;1;0;0,991;0,043
com.google.common.collect.RegularImmutableSortedMap;0;0;0,888;0,01
com.google.common.base.Objects$1;1;0;0,993;0,078
com.google.common.base.Optional$1;1;0;0,993;0,075
com.google.common.collect.FilteredKeySetMultimap;0;0;0,929;0,011
com.google.common.base.Splitter$4$1;1;0;0,99;0,039
com.google.common.base.Objects;1;0;0,998;0,122
com.google.common.collect.SortedSetMultimap;0;0;0,957;0,014
com.google.common.util.concurrent.Striped$LazyStriped;0;0;0,285;0,006
com.google.common.collect.ImmutableSortedAsList;0;0;0,883;0,01
com.google.common.collect.TreeRangeSet$SubRangeSetRangesByLowerBound$2;0;0;0,649;0,007
com.google.common.collect.TreeRangeSet$SubRangeSetRangesByLowerBound$1;0;0;0,65;0,007
com.google.common.collect.DenseImmutableTable$ImmutableArrayMap;0;0;0,94;0,012
com.google.common.collect.AbstractBiMap$KeySet;0;0;0,967;0,016
com.google.common.collect.Maps$SortedMapDifferenceImpl;0;1;0,805;0,008
com.google.common.collect.Constraints$ConstrainedList;0;0;0,944;0,013
com.google.common.collect.Maps$EntrySet;0;0;0,965;0,016
com.google.common.util.concurrent.MoreExecutors;0;1;0,972;0,018
com.google.common.util.concurrent.Futures$FutureCombiner;0;1;0,36;0,006
com.google.common.io.CharSource$EmptyCharSource;0;0;0,563;0,007
com.google.common.cache.LocalCache$WeakAccessWriteEntry;0;0;0,979;0,021
com.google.common.collect.AbstractMapBasedMultimap$SortedKeySet;0;0;0,964;0,015
com.google.common.cache.LocalCache$2;0;0;0,973;0,018
com.google.common.collect.ForwardingMultiset$StandardElementSet;0;0;0,921;0,011
com.google.common.cache.LocalCache$1;0;1;0,98;0,021
com.google.common.hash.Hashing$Crc32Holder;0;0;0,599;0,007
com.google.common.collect.EmptyContiguousSet$1;0;0;0,937;0,012
com.google.common.cache.LongAddables;1;0;0,985;0,026
com.google.common.collect.ImmutableMap$Builder;1;0;0,982;0,023
com.google.common.cache.LocalCache$ReferenceEntry;1;0;0,981;0,022
com.google.common.collect.MutableClassToInstanceMap$1;0;0;0,775;0,008
com.google.common.collect.AbstractBiMap$EntrySet;0;0;0,968;0,016
com.google.common.reflect.TypeToken$TypeFilter$1;0;0;0,427;0,006
com.google.common.reflect.TypeToken$TypeFilter$2;0;0;0,427;0,006
com.google.common.collect.Multimaps$CustomMultimap;0;0;0,789;0,008
com.google.common.collect.RegularImmutableList;0;1;0,9;0,01
com.google.common.collect.Tables$TransposeTable$1;0;0;0,673;0,007
com.google.common.hash.BloomFilterStrategies$1;0;0;0,613;0,007
com.google.common.cache.CacheLoader$UnsupportedLoadingOperationException;1;0;0,982;0,023
com.google.common.reflect.Types$ClassOwnership$2;0;0;0,413;0,006
com.google.common.cache.LocalCache$EntryFactory;0;1;0,98;0,021
com.google.common.collect.Synchronized$SynchronizedAsMapEntries;0;0;0,7;0,007
com.google.common.reflect.Types$ClassOwnership$3;0;0;0,413;0,006
com.google.common.collect.SingletonImmutableTable;0;0;0,879;0,009
com.google.common.reflect.Types$ClassOwnership$1;0;0;0,413;0,006
com.google.common.util.concurrent.SimpleTimeLimiter$1$1;0;0;0,289;0,006
com.google.common.collect.ImmutableMapKeySet;0;1;0,898;0,01
com.google.common.collect.MultimapBuilder$MultimapBuilderWithKeys$4;0;0;0,794;0,008
com.google.common.collect.MultimapBuilder$MultimapBuilderWithKeys$3;0;0;0,794;0,008
com.google.common.collect.MultimapBuilder$MultimapBuilderWithKeys$2;0;0;0,794;0,008
com.google.common.collect.MultimapBuilder$MultimapBuilderWithKeys$1;0;0;0,795;0,008
com.google.common.util.concurrent.FutureFallback;0;1;0,358;0,006
com.google.common.collect.MultimapBuilder$MultimapBuilderWithKeys$6;0;0;0,793;0,008
com.google.common.collect.MultimapBuilder$MultimapBuilderWithKeys$5;0;0;0,793;0,008
com.google.common.base.Ticker;1;0;0,989;0,036
com.google.common.hash.Funnel;0;0;0,621;0,007
com.google.common.eventbus.SubscriberExceptionHandler;0;0;0,629;0,007
com.google.common.io.ByteStreams;0;0;0,576;0,007
com.google.common.collect.Maps$AbstractFilteredMap;0;1;0,815;0,008
com.google.common.collect.FilteredMultimap;0;0;0,93;0,012
com.google.common.collect.FilteredMultimapValues;0;0;0,93;0,012
com.google.common.io.ByteProcessor;0;0;0,575;0,007
com.google.common.collect.MapMakerInternalMap$SerializationProxy;0;0;0,827;0,008
com.google.common.collect.ImmutableSet$Builder;0;0;0,885;0,01
com.google.common.collect.Sets$SetView;0;0;0,781;0,008
com.google.common.collect.Synchronized$SynchronizedAsMapValues$1;0;0;0,698;0,007
com.google.common.collect.Synchronized$SynchronizedSortedSet;0;0;0,692;0,007
com.google.common.collect.Maps$SortedAsMapView;0;1;0,805;0,008
com.google.common.collect.MapMaker$RemovalCause$4;0;0;0,838;0,009
com.google.common.collect.Collections2$PermutationIterator;0;0;0,949;0,013
com.google.common.collect.MapMaker$RemovalCause$5;0;0;0,838;0,009
com.google.common.collect.MapMaker$RemovalCause$2;0;0;0,838;0,009
com.google.common.collect.MapMaker$RemovalCause$3;0;0;0,838;0,009
com.google.common.primitives.Shorts$ShortArrayAsList;0;0;0,467;0,006
com.google.common.io.Closer;0;0;0,576;0,007
com.google.common.collect.Tables$ImmutableCell;0;0;0,879;0,009
com.google.common.collect.UsingToStringOrdering;0;0;0,771;0,008
com.google.common.collect.ArrayTable$ArrayMap;0;0;0,955;0,014
com.google.common.collect.MapMaker$RemovalCause$1;0;0;0,838;0,009
com.google.common.reflect.TypeToken$TypeSet;0;0;0,63;0,007
com.google.common.util.concurrent.AtomicLongMap$1;0;0;0,385;0,006
com.google.common.collect.AbstractMapBasedMultimap$AsMap;0;0;0,965;0,016
com.google.common.collect.ForwardingMap$StandardEntrySet;0;0;0,922;0,011
com.google.common.cache.LocalCache$WriteQueue;0;0;0,976;0,019
com.google.common.collect.MapDifference;0;1;0,807;0,008
com.google.common.collect.MapMakerInternalMap$StrongExpirableEvictableEntry;0;0;0,834;0,008
com.google.common.primitives.Ints$LexicographicalComparator;0;0;0,476;0,006
com.google.common.collect.StandardTable$ColumnKeyIterator;0;0;0,708;0,007
com.google.common.collect.MinMaxPriorityQueue$Heap;0;0;0,8;0,008
com.google.common.collect.Maps$FilteredEntryNavigableMap;0;1;0,809;0,008
com.google.common.collect.FilteredEntryMultimap$AsMap$2$1;0;0;0,933;0,012
com.google.common.collect.MultimapBuilder$ListMultimapBuilder;0;0;0,795;0,008
com.google.common.eventbus.EventBus$LoggingSubscriberExceptionHandler;0;0;0,625;0,007
com.google.common.reflect.ClassPath$Scanner;0;0;0,453;0,006
com.google.common.eventbus.AnnotatedSubscriberFinder$1;0;0;0,631;0,007
com.google.common.collect.Sets$DescendingSet;0;0;0,919;0,011
com.google.common.collect.Sets;0;1;0,972;0,018
com.google.common.primitives.Ints$IntConverter;0;0;0,477;0,006
com.google.common.collect.Multisets$ElementSet;0;0;0,959;0,015
com.google.common.collect.ComparisonChain$1;0;0;0,948;0,013
com.google.common.cache.LocalCache$AccessQueue$1;0;0;0,98;0,021
com.google.common.cache.LocalCache$AccessQueue$2;0;0;0,98;0,021
com.google.common.collect.Iterables$2;0;0;0,873;0,009
com.google.common.collect.Lists$TransformingSequentialList$1;0;0;0,85;0,009
com.google.common.primitives.Booleans;0;0;0,948;0,013
com.google.common.collect.Iterables$3;0;0;0,872;0,009
com.google.common.collect.Iterables$4;0;0;0,872;0,009
com.google.common.collect.Iterables$5;0;0;0,872;0,009
com.google.common.collect.Iterables$6;0;0;0,871;0,009
com.google.common.collect.ForwardingObject;1;0;0,981;0,022
com.google.common.collect.Iterables$7;0;0;0,871;0,009
com.google.common.collect.Iterables$8;0;0;0,871;0,009
com.google.common.collect.Iterables$9;0;0;0,87;0,009
com.google.common.collect.MultimapBuilder$MultimapBuilderWithKeys;0;0;0,799;0,008
com.google.common.reflect.TypeToInstanceMap;0;0;0,45;0,006
com.google.common.collect.ImmutableBiMap;0;1;0,936;0,012
com.google.common.collect.Multisets$UnmodifiableMultiset;0;0;0,775;0,008
com.google.common.collect.Multimaps$Keys$1$1;0;0;0,788;0,008
com.google.common.util.concurrent.ServiceManager$NoOpService;0;0;0,311;0,006
com.google.common.io.Files$FileByteSource;0;0;0,55;0,007
com.google.common.collect.Multimaps$Keys$KeysEntrySet;0;0;0,787;0,008
com.google.common.collect.Collections2$1;0;0;0,95;0,013
com.google.common.collect.Iterables$1;0;0;0,876;0,009
com.google.common.reflect.Parameter;0;0;0,448;0,006
com.google.common.collect.RegularImmutableMap$EntrySet;0;0;0,762;0,007
com.google.common.base.Ascii;1;0;1,0;0,562
com.google.common.collect.ImmutableRangeSet$1;0;0;0,888;0,01
com.google.common.collect.LinkedHashMultimap$ValueSet$1;0;0;0,861;0,009
com.google.common.primitives.SignedBytes;0;0;0,465;0,006
com.google.common.cache.LocalCache$StrongWriteEntry;0;0;0,979;0,021
com.google.common.net.MediaType$1;0;0;0,52;0,006
com.google.common.reflect.ImmutableTypeToInstanceMap$1;0;0;0,451;0,006
com.google.common.cache.RemovalCause;0;1;0,976;0,019
com.google.common.collect.MapConstraints$ConstrainedMultimap$2;0;0;0,844;0,009
com.google.common.collect.SortedIterables;0;0;0,879;0,009
com.google.common.util.concurrent.ListenableScheduledFuture;0;0;0,353;0,006
com.google.common.collect.Maps$FilteredEntryMap$EntrySet$1;0;0;0,811;0,008
com.google.common.collect.MapConstraints$ConstrainedMultimap$1;0;0;0,844;0,009
