name;Noise;NoiseSuspect;SIG;w
com.google.common.reflect.TypeToken$SimpleTypeToken;0;0;0,007;0,005
com.google.common.collect.HashBiMap$Inverse$1;0;0;0,01;0,006
com.google.common.collect.ImmutableMultimap$Keys$KeysEntrySet;0;0;0,072;0,005
com.google.common.collect.Maps$ValueDifferenceImpl;0;0;0,046;0,006
com.google.common.collect.ImmutableMultimap$FieldSettersHolder;0;1;0,076;0,005
com.google.common.collect.PeekingIterator;0;1;0,068;0,018
com.google.common.collect.MapMakerInternalMap$EvictionQueue$2;0;0;0,048;0,005
com.google.common.collect.ImmutableClassToInstanceMap$Builder;0;0;0,003;0,004
com.google.common.primitives.SignedBytes$LexicographicalComparator;0;0;0,001;0,008
com.google.common.base.Predicates$ContainsPatternPredicate;0;0;0,069;0,005
com.google.common.collect.MapMakerInternalMap$EvictionQueue$1;0;0;0,048;0,005
com.google.common.collect.ImmutableSet$ArrayImmutableSet;0;0;0,045;0,008
com.google.common.collect.LinkedListMultimap$3$1;0;0;0,007;0,005
com.google.common.collect.RegularImmutableMap;0;1;0,066;0,013
com.google.common.base.Objects$ToStringHelper;1;0;0,092;0,059
com.google.common.util.concurrent.ServiceManager$ListenerExecutorPair;0;0;0,016;0,013
com.google.common.collect.AbstractSortedKeySortedSetMultimap;0;0;0,003;0,004
com.google.common.cache.CacheBuilderSpec;0;0;0,042;0,033
com.google.common.collect.Maps$AbstractFilteredMap$Values$1;0;0;0,046;0,005
com.google.common.base.Joiner;1;0;0,101;0,039
com.google.common.hash.Hashing$ChecksumType$2;0;0;0,006;0,005
com.google.common.hash.Hashing$ChecksumType$1;0;0;0,006;0,005
com.google.common.net.HostSpecifier;0;0;0,0;0,004
com.google.common.collect.RegularImmutableSortedMultiset$EntrySet;0;0;0,01;0,005
com.google.common.collect.RegularImmutableMap$LinkedEntry;0;0;0,065;0,009
com.google.common.collect.Lists$Partition;0;1;0,06;0,014
com.google.common.io.Resources$1;0;0;0,006;0,005
com.google.common.util.concurrent.AbstractScheduledService$Scheduler$1;0;0;0,006;0,006
com.google.common.util.concurrent.AbstractScheduledService$Scheduler$2;0;0;0,006;0,006
com.google.common.collect.Sets$PowerSet$1;0;0;0,056;0,008
com.google.common.util.concurrent.AbstractIdleService$1;0;0;0,006;0,008
com.google.common.util.concurrent.AbstractIdleService$2;0;0;0,003;0,005
com.google.common.base.Functions;0;0;0,005;0,004
com.google.common.collect.MapMakerInternalMap$Strength;0;1;0,077;0,014
com.google.common.math.DoubleUtils;0;0;0,006;0,005
com.google.common.collect.Constraints$ConstrainedListIterator;0;0;0,013;0,004
com.google.common.collect.ImmutableSortedSet$Builder;0;1;0,074;0,01
com.google.common.util.concurrent.Service;0;0;0,035;0,026
com.google.common.collect.Multimaps$UnmodifiableMultimap;0;0;0,068;0,007
com.google.common.cache.RemovalListeners;0;0;0,0;0,004
com.google.common.collect.Maps$FilteredEntryMap$EntrySet;0;0;0,05;0,008
com.google.common.collect.StandardTable;0;0;0,076;0,033
com.google.common.collect.ImmutableSortedMultiset$SerializedForm;0;0;0,008;0,004
com.google.common.cache.Striped64$Cell;0;0;0,019;0,007
com.google.common.collect.ImmutableEntry;1;0;0,101;0,036
com.google.common.base.Joiner$1;0;1;0,059;0,017
com.google.common.io.Closer$SuppressingSuppressor;0;0;0,015;0,006
com.google.common.base.Joiner$2;0;0;0,058;0,01
com.google.common.collect.StandardTable$1;0;0;0,041;0,024
com.google.common.util.concurrent.SimpleTimeLimiter;0;0;0,003;0,01
com.google.common.base.Joiner$3;0;0;0,058;0,01
com.google.common.primitives.Chars$CharArrayAsList;0;0;0,001;0,007
com.google.common.base.CharMatcher$BitSetMatcher;0;0;0,025;0,011
com.google.common.collect.RegularImmutableTable$SparseImmutableTable;0;0;0,018;0,006
com.google.common.base.FinalizableReferenceQueue$SystemLoader;0;0;0,003;0,006
com.google.common.io.LineReader$1;0;0;0,013;0,005
com.google.common.collect.Lists$AbstractListWrapper;0;1;0,062;0,022
com.google.common.collect.AbstractMapBasedMultiset;1;0;0,084;0,009
com.google.common.collect.Multisets$FilteredMultiset$1;0;0;0,078;0,004
com.google.common.collect.DiscreteDomain$LongDomain;0;0;0,005;0,041
com.google.common.collect.SortedLists$1;0;1;0,081;0,031
com.google.common.hash.ChecksumHashFunction;0;0;0,01;0,005
com.google.common.base.Equivalence$Identity;0;0;0,053;0,008
com.google.common.collect.MapConstraints$ConstrainedEntries$1;0;0;0,009;0,005
com.google.common.collect.EnumBiMap;0;0;0,003;0,004
com.google.common.collect.AbstractNavigableMap$1;0;0;0,054;0,007
com.google.common.base.AbstractIterator$1;0;0;0,06;0,007
com.google.common.collect.ImmutableSortedMultisetFauxverideShim;0;0;0,008;0,004
com.google.common.collect.EmptyImmutableListMultimap;0;0;0,074;0,004
com.google.common.collect.Collections2$FilteredCollection;0;1;0,065;0,015
com.google.common.collect.ImmutableMultiset$SerializedForm;0;0;0,079;0,004
com.google.common.reflect.TypeResolver$1;0;0;0,013;0,006
com.google.common.collect.FluentIterable$1;0;0;0,06;0,006
com.google.common.collect.ImmutableMap$1MapViewOfValuesAsSingletonSets;0;1;0,054;0,01
com.google.common.collect.Maps$FilteredEntrySortedMap;0;1;0,048;0,007
com.google.common.cache.CacheBuilderSpec$KeyStrengthParser;0;0;0,011;0,005
com.google.common.collect.ArrayTable$ColumnMap;0;0;0,006;0,004
com.google.common.collect.Iterators$PeekingImpl;0;0;0,047;0,008
com.google.common.hash.Funnels$IntegerFunnel;0;0;0,016;0,004
com.google.common.collect.ForwardingList;0;0;0,073;0,006
com.google.common.collect.Multimaps$Keys$1;0;1;0,079;0,007
com.google.common.cache.LocalCache$Segment;0;0;0,048;0,017
com.google.common.collect.HashBiMap;0;0;0,025;0,016
com.google.common.collect.Maps$EntryTransformer;1;0;0,087;0,038
com.google.common.collect.Ordering;1;0;0,223;0,103
com.google.common.collect.ForwardingNavigableSet$StandardDescendingSet;0;0;0,0;0,004
com.google.common.util.concurrent.AbstractService$6$1;0;0;0,008;0,005
com.google.common.collect.EnumMultiset;0;0;0,0;0,004
com.google.common.collect.Sets$SetFromMap;0;0;0,057;0,007
com.google.common.cache.CacheBuilderSpec$ConcurrencyLevelParser;0;0;0,011;0,005
com.google.common.collect.AllEqualOrdering;0;0;0,05;0,008
com.google.common.collect.FilteredKeyMultimap$1;0;0;0,062;0,004
com.google.common.util.concurrent.CheckedFuture;0;0;0,043;0,009
com.google.common.io.GwtWorkarounds$6;0;0;0,016;0,004
com.google.common.reflect.Types$JavaVersion$3;0;0;0,012;0,005
com.google.common.reflect.Types$JavaVersion$1;0;0;0,012;0,005
com.google.common.reflect.Types$JavaVersion$2;0;0;0,012;0,005
com.google.common.util.concurrent.Striped$2;0;0;0,005;0,004
com.google.common.hash.HashCodes;0;0;0,026;0,008
com.google.common.io.GwtWorkarounds$1;0;0;0,016;0,004
com.google.common.util.concurrent.Striped$1;0;0;0,008;0,006
com.google.common.collect.ConcurrentHashMultiset$FieldSettersHolder;0;0;0,005;0,004
com.google.common.io.GwtWorkarounds$4;0;0;0,016;0,004
com.google.common.collect.Lists$TwoPlusArrayList;0;0;0,059;0,007
com.google.common.io.GwtWorkarounds$5;0;0;0,016;0,004
com.google.common.collect.ForwardingImmutableMap;0;0;0,0;0,004
com.google.common.io.GwtWorkarounds$2;0;0;0,016;0,004
com.google.common.io.GwtWorkarounds$3;0;0;0,016;0,004
com.google.common.io.ByteSource$1;0;0;0,02;0,006
com.google.common.collect.Cut$1;0;0;0,016;0,006
com.google.common.cache.LocalCache$Values;0;0;0,012;0,005
com.google.common.cache.LocalCache$WeakValueReference;0;0;0,02;0,005
com.google.common.collect.MapConstraints$ConstrainedMap;0;0;0,014;0,006
com.google.common.util.concurrent.Futures$ChainingListenableFuture;0;0;0,031;0,005
com.google.common.collect.TreeRangeSet$ComplementRangesByLowerBound$2;0;0;0,011;0,004
com.google.common.collect.RegularImmutableMap$1;0;0;0,06;0,005
com.google.common.util.concurrent.Striped$PaddedSemaphore;0;0;0,006;0,005
com.google.common.collect.SortedLists$KeyPresentBehavior$2;0;0;0,066;0,006
com.google.common.collect.SortedLists$KeyPresentBehavior$1;0;0;0,066;0,006
com.google.common.collect.Multimaps$EntrySet;0;0;0,072;0,005
com.google.common.util.concurrent.ServiceManager$1;0;0;0,005;0,004
com.google.common.collect.SortedLists$KeyPresentBehavior$4;0;0;0,066;0,006
com.google.common.base.Equivalence$1;0;1;0,054;0,011
com.google.common.collect.SortedLists$KeyPresentBehavior$3;0;0;0,066;0,006
com.google.common.collect.SortedLists$KeyPresentBehavior$5;0;0;0,066;0,006
com.google.common.base.FinalizableReferenceQueue;0;0;0,013;0,013
com.google.common.collect.Multimaps$UnmodifiableMultimap$1;0;0;0,06;0,004
com.google.common.collect.EmptyImmutableTable;0;0;0,011;0,004
com.google.common.collect.Cut$BelowValue;0;0;0,015;0,007
com.google.common.collect.ImmutableSetMultimap$Builder;0;0;0,068;0,006
com.google.common.collect.ImmutableMapEntrySet;1;0;0,091;0,01
com.google.common.collect.Multimaps;0;1;0,079;0,012
com.google.common.collect.ClassToInstanceMap;0;0;0,007;0,005
com.google.common.collect.ImmutableMultiset;1;0;0,134;0,018
com.google.common.util.concurrent.Futures$ChainingListenableFuture$1;0;0;0,027;0,004
com.google.common.collect.ImmutableMultimap$Keys;0;1;0,075;0,005
com.google.common.collect.Multisets$AbstractEntry;1;0;0,1;0,015
com.google.common.util.concurrent.UncheckedTimeoutException;0;0;0,002;0,005
com.google.common.collect.AbstractMapBasedMultimap$AsMap$AsMapIterator;0;0;0,05;0,007
com.google.common.hash.Hasher;0;0;0,057;0,019
com.google.common.io.ByteSource;0;0;0,044;0,014
com.google.common.collect.ComputingConcurrentHashMap$ComputedReference;0;0;0,053;0,004
com.google.common.primitives.UnsignedBytes;0;0;0,016;0,024
com.google.common.collect.Maps$FilteredEntryMap$EntrySet$1$1;0;0;0,045;0,005
com.google.common.base.CharMatcher$And;0;0;0,025;0,011
com.google.common.util.concurrent.AbstractScheduledService$1$3;0;0;0,005;0,006
com.google.common.util.concurrent.AbstractScheduledService$1$2;0;0;0,005;0,006
com.google.common.collect.ForwardingNavigableMap;0;0;0,006;0,007
com.google.common.util.concurrent.AbstractScheduledService$1$1;0;0;0,005;0,006
com.google.common.util.concurrent.Striped$5;0;0;0,005;0,004
com.google.common.util.concurrent.Striped$4;0;0;0,005;0,004
com.google.common.util.concurrent.Striped$3;0;0;0,005;0,004
com.google.common.collect.Sets$FilteredSortedSet;0;1;0,058;0,008
com.google.common.collect.TreeRangeSet$1;0;0;0,02;0,006
com.google.common.reflect.TypeResolver$TypeMappingIntrospector;0;0;0,009;0,004
com.google.common.base.FinalizablePhantomReference;0;0;0,0;0,004
com.google.common.collect.RegularImmutableBiMap$Inverse$InverseEntrySet$1;0;0;0,056;0,004
com.google.common.io.MultiInputStream;0;0;0,017;0,005
com.google.common.base.Objects$ToStringHelper$ValueHolder;0;0;0,05;0,02
com.google.common.collect.Maps$EntryFunction;0;1;0,05;0,011
com.google.common.collect.EmptyImmutableSortedSet;0;1;0,072;0,006
com.google.common.collect.ImmutableEnumSet;0;1;0,063;0,017
com.google.common.collect.HashBiMap$EntrySet$1;0;0;0,008;0,005
com.google.common.primitives.Doubles$LexicographicalComparator;0;0;0,002;0,008
com.google.common.collect.ArrayTable;0;0;0,018;0,01
com.google.common.collect.LinkedListMultimap;0;0;0,025;0,019
com.google.common.io.ByteSource$SlicedByteSource;0;0;0,015;0,004
com.google.common.base.Suppliers$SupplierFunction;0;0;0,02;0,004
com.google.common.primitives.Doubles;0;0;0,005;0,016
com.google.common.reflect.Types$WildcardTypeImpl;0;0;0,012;0,006
com.google.common.collect.MapConstraints$ConstrainedEntrySet;0;0;0,01;0,004
com.google.common.collect.ImmutableList$Builder;1;0;0,096;0,025
com.google.common.util.concurrent.ThreadFactoryBuilder;0;0;0,033;0,006
com.google.common.collect.AbstractMultiset;1;0;0,132;0,014
com.google.common.io.LineBuffer;0;0;0,015;0,008
com.google.common.primitives.Shorts;0;0;0,003;0,013
com.google.common.collect.CompoundOrdering;0;0;0,05;0,008
com.google.common.collect.Iterators;1;0;0,303;0,148
com.google.common.cache.AbstractCache$SimpleStatsCounter;0;0;0,022;0,005
com.google.common.collect.MapMakerInternalMap$WeakEntry;0;0;0,058;0,008
com.google.common.collect.HashBiMap$Inverse$InverseKeySet$1;0;0;0,007;0,004
com.google.common.collect.Ordering$IncomparableValueException;0;0;0,049;0,005
com.google.common.collect.ImmutableMultiset$1;0;0;0,079;0,004
com.google.common.collect.Maps$TransformedEntriesMap$2;0;0;0,046;0,007
com.google.common.collect.TreeRangeSet$ComplementRangesByLowerBound$1;0;0;0,011;0,004
com.google.common.collect.Maps$TransformedEntriesMap$1;0;0;0,048;0,01
com.google.common.collect.Synchronized$SynchronizedMap;0;1;0,065;0,009
com.google.common.hash.Murmur3_32HashFunction$Murmur3_32Hasher;0;0;0,007;0,004
com.google.common.cache.Striped64$1;0;0;0,015;0,006
com.google.common.util.concurrent.UncaughtExceptionHandlers;0;0;0,0;0,004
com.google.common.io.BaseEncoding$StandardBaseEncoding;0;0;0,019;0,006
com.google.common.reflect.ImmutableTypeToInstanceMap;0;0;0,003;0,004
com.google.common.collect.StandardTable$Column$EntrySet;0;0;0,017;0,005
com.google.common.util.concurrent.ExecutionList$RunnableExecutorPair;0;0;0,023;0,009
com.google.common.collect.Tables$UnmodifiableTable;0;0;0,025;0,005
com.google.common.cache.CacheBuilder$1;0;0;0,019;0,004
com.google.common.cache.CacheBuilder$3;0;0;0,02;0,004
com.google.common.collect.Iterators$MergingIterator;0;1;0,048;0,01
com.google.common.cache.CacheBuilder$2;0;0;0,02;0,004
com.google.common.base.Functions$ForMapWithDefault;0;0;0,006;0,004
com.google.common.collect.Collections2$OrderedPermutationIterator;0;0;0,056;0,005
com.google.common.collect.StandardTable$Values$1;0;0;0,015;0,005
com.google.common.collect.Lists$RandomAccessPartition;0;0;0,059;0,007
com.google.common.net.TldPatterns;0;0;0,004;0,004
com.google.common.collect.Lists$RandomAccessReverseList;0;0;0,059;0,007
com.google.common.collect.Multimaps$TransformedEntriesMultimap;0;0;0,075;0,01
com.google.common.collect.SortedLists;1;0;0,087;0,005
com.google.common.reflect.Types$ClassOwnership$1LocalClass;0;0;0,011;0,008
com.google.common.collect.ImmutableRangeSet;0;0;0,029;0,009
com.google.common.collect.StandardTable$ColumnMap$ColumnMapEntrySet$1;0;0;0,015;0,004
com.google.common.collect.AbstractSortedSetMultimap;0;0;0,066;0,008
com.google.common.base.Functions$FunctionForMapNoDefault;0;0;0,006;0,004
com.google.common.collect.ImmutableMultimap$Values;0;0;0,072;0,004
com.google.common.util.concurrent.AbstractIdleService$1$1;0;0;0,003;0,005
com.google.common.collect.ByFunctionOrdering;0;0;0,05;0,008
com.google.common.util.concurrent.AbstractIdleService$1$2;0;0;0,003;0,005
com.google.common.cache.ForwardingLoadingCache;0;0;0,003;0,004
com.google.common.collect.EmptyImmutableBiMap;0;0;0,06;0,005
com.google.common.collect.ImmutableListMultimap$Builder;0;1;0,079;0,005
com.google.common.collect.ImmutableSortedMap$SerializedForm;0;0;0,056;0,004
com.google.common.collect.ForwardingSortedMap;0;0;0,05;0,007
com.google.common.collect.Serialization;1;0;0,133;0,014
com.google.common.collect.Tables$UnmodifiableRowSortedMap;0;0;0,023;0,004
com.google.common.collect.ForwardingBlockingDeque;0;0;0,0;0,004
com.google.common.collect.StandardTable$ColumnMap$ColumnMapValues;0;0;0,016;0,005
com.google.common.collect.Synchronized$SynchronizedMultimap;0;1;0,063;0,007
com.google.common.primitives.UnsignedLong;0;0;0,0;0,004
com.google.common.util.concurrent.ExecutionError;0;0;0,034;0,006
com.google.common.primitives.UnsignedInts;0;0;0,019;0,014
com.google.common.base.Enums;0;0;0,0;0,004
com.google.common.collect.Multisets$2$1;0;0;0,079;0,004
com.google.common.collect.UnmodifiableListIterator;0;1;0,062;0,054
com.google.common.collect.LinkedHashMultimap$ValueSet;0;0;0,006;0,005
com.google.common.collect.ArrayTable$ArrayMap$1$1$1;0;0;0,006;0,006
com.google.common.collect.ArrayTable$CellSet$1;0;0;0,008;0,005
com.google.common.collect.MinMaxPriorityQueue;0;0;0,008;0,006
com.google.common.collect.RegularImmutableMap$NonTerminalEntry;0;0;0,059;0,005
com.google.common.base.Preconditions;1;0;1,0;1,0
com.google.common.collect.AbstractRangeSet;0;0;0,016;0,005
com.google.common.collect.Multimaps$UnmodifiableAsMapEntries;0;0;0,063;0,005
com.google.common.collect.Collections2$OrderedPermutationCollection;0;0;0,058;0,008
com.google.common.util.concurrent.SettableFuture;0;0;0,018;0,004
com.google.common.base.Predicates$AssignableFromPredicate;0;0;0,069;0,005
com.google.common.io.CharStreams$StringCharSource;0;0;0,016;0,008
com.google.common.cache.LocalCache$AccessQueue;0;0;0,022;0,007
com.google.common.collect.TreeMultiset;0;0;0,02;0,011
com.google.common.util.concurrent.UncaughtExceptionHandlers$Exiter;0;0;0,003;0,007
com.google.common.util.concurrent.MoreExecutors$Application;0;0;0,031;0,01
com.google.common.cache.CacheBuilderSpec$MaximumWeightParser;0;0;0,011;0,005
com.google.common.collect.HashMultimap;0;0;0,007;0,004
com.google.common.collect.LinkedListMultimap$KeyList;0;0;0,013;0,009
com.google.common.collect.Lists$OnePlusArrayList;0;0;0,059;0,007
com.google.common.collect.Synchronized$SynchronizedNavigableSet;0;0;0,059;0,005
com.google.common.util.concurrent.AbstractCheckedFuture;0;0;0,029;0,004
com.google.common.util.concurrent.AtomicLongMap;0;0;0,002;0,006
com.google.common.util.concurrent.ExecutionList;0;0;0,039;0,02
com.google.common.collect.DescendingMultiset;0;0;0,013;0,005
com.google.common.collect.ArrayTable$Values;0;0;0,008;0,006
com.google.common.collect.Maps$AsMapView;0;1;0,05;0,009
com.google.common.io.ByteSink$1;0;0;0,018;0,006
com.google.common.collect.ImmutableSet;1;0;0,273;0,124
com.google.common.primitives.Chars$LexicographicalComparator;0;0;0,001;0,007
com.google.common.collect.StandardTable$Column$KeySet;0;0;0,019;0,006
com.google.common.reflect.ClassPath$ResourceInfo;0;0;0,004;0,006
com.google.common.util.concurrent.AbstractFuture$Sync;0;0;0,025;0,007
com.google.common.collect.ForwardingNavigableMap$StandardNavigableKeySet;0;0;0,0;0,004
com.google.common.collect.Maps$TransformedEntriesMap$1$1$1;0;0;0,043;0,006
com.google.common.cache.CacheLoader;0;0;0,049;0,015
com.google.common.collect.MapMakerInternalMap$KeySet;0;0;0,047;0,006
com.google.common.collect.Cut$AboveValue;0;0;0,016;0,008
com.google.common.cache.LocalCache$SoftValueReference;0;0;0,02;0,005
com.google.common.collect.Maps$FilteredEntryBiMap;0;0;0,046;0,006
com.google.common.base.Splitter$Strategy;0;0;0,021;0,016
com.google.common.primitives.Longs$LexicographicalComparator;0;0;0,01;0,011
com.google.common.cache.Striped64$HashCode;0;0;0,021;0,013
com.google.common.util.concurrent.AbstractScheduledService$1;0;0;0,016;0,015
com.google.common.util.concurrent.AbstractScheduledService$3;0;0;0,005;0,005
com.google.common.util.concurrent.AbstractScheduledService$2;0;0;0,005;0,005
com.google.common.collect.ArrayTable$ArrayMap$1;0;0;0,01;0,008
com.google.common.collect.Sets$CartesianSet$1;0;0;0,056;0,005
com.google.common.base.Predicates$ObjectPredicate$1;0;0;0,063;0,006
com.google.common.cache.LocalCache$WeakEntry;0;0;0,026;0,008
com.google.common.hash.Hashing;0;0;0,009;0,005
com.google.common.reflect.TypeToken;0;0;0,045;0,035
com.google.common.collect.AbstractSequentialIterator;1;0;0,085;0,012
com.google.common.collect.EmptyImmutableSet;0;0;0,047;0,011
com.google.common.collect.MapDifference$ValueDifference;0;1;0,054;0,025
com.google.common.collect.AbstractMapBasedMultimap$SortedAsMap;0;1;0,054;0,008
com.google.common.io.Files;0;0;0,0;0,004
com.google.common.collect.ForwardingCollection;1;0;0,116;0,042
com.google.common.collect.MapMakerInternalMap$StrongEvictableEntry;0;0;0,049;0,004
com.google.common.base.Functions$1;0;0;0,012;0,006
com.google.common.collect.FilteredEntryMultimap$Keys$1$1;0;0;0,058;0,004
com.google.common.collect.FilteredKeyMultimap$AddRejectingList;0;0;0,063;0,004
com.google.common.reflect.Types$JavaVersion;0;0;0,022;0,013
com.google.common.base.Predicates$ObjectPredicate$4;0;0;0,063;0,006
com.google.common.base.Predicates$ObjectPredicate$3;0;0;0,063;0,006
com.google.common.base.Predicates$ObjectPredicate$2;0;0;0,063;0,006
com.google.common.collect.ImmutableTable;0;0;0,018;0,005
com.google.common.cache.LoadingCache;0;0;0,036;0,008
com.google.common.collect.RegularImmutableTable$DenseImmutableTable;0;0;0,026;0,011
com.google.common.collect.ImmutableList$SubList;0;0;0,042;0,013
com.google.common.base.FunctionalEquivalence;0;0;0,053;0,008
com.google.common.collect.SortedLists$KeyAbsentBehavior;1;0;0,094;0,014
com.google.common.hash.ChecksumHashFunction$1;0;0;0,01;0,005
com.google.common.collect.ImmutableSortedMap$Builder;0;0;0,06;0,006
com.google.common.collect.Multimaps$MapMultimap$1;0;0;0,061;0,006
com.google.common.base.Predicates$ObjectPredicate;0;1;0,077;0,014
com.google.common.collect.WellBehavedMap$EntrySet;0;0;0,008;0,009
com.google.common.cache.CacheBuilderSpec$DurationParser;0;0;0,016;0,008
com.google.common.reflect.TypeToken$InterfaceSet;0;0;0,014;0,006
com.google.common.collect.Maps$KeySet;1;0;0,122;0,024
com.google.common.collect.Maps$NavigableAsMapView;0;0;0,046;0,006
com.google.common.collect.AbstractIterator$1;0;0;0,065;0,01
com.google.common.eventbus.AnnotatedHandlerFinder$1;0;0;0,005;0,004
com.google.common.cache.LongAddables$1;0;0;0,023;0,007
com.google.common.io.CountingInputStream;0;0;0,0;0,004
com.google.common.cache.LongAddables$2;0;0;0,018;0,004
com.google.common.collect.HashBiMap$Inverse$1$1;0;0;0,008;0,006
com.google.common.collect.FilteredEntryMultimap$AsMap$3;0;0;0,061;0,004
com.google.common.collect.ImmutableCollection$SerializedForm;0;0;0,05;0,012
com.google.common.collect.ImmutableMultimap$1;0;1;0,077;0,005
com.google.common.base.Present;0;0;0,066;0,007
com.google.common.util.concurrent.AbstractService$7;0;0;0,009;0,006
com.google.common.collect.FilteredEntryMultimap$AsMap$1;0;0;0,061;0,004
com.google.common.collect.FilteredEntryMultimap$AsMap$2;0;0;0,062;0,005
com.google.common.util.concurrent.AbstractService$2;0;0;0,009;0,007
com.google.common.util.concurrent.AbstractService$1;0;0;0,009;0,006
com.google.common.collect.SortedLists$KeyPresentBehavior;1;0;0,098;0,019
com.google.common.util.concurrent.AbstractService$6;0;0;0,01;0,006
com.google.common.util.concurrent.AbstractService$5;0;0;0,01;0,006
com.google.common.reflect.Types$TypeVariableImpl;0;0;0,011;0,005
com.google.common.util.concurrent.AbstractService$4;0;0;0,01;0,006
com.google.common.util.concurrent.AbstractService$3;0;0;0,009;0,007
com.google.common.primitives.UnsignedBytes$LexicographicalComparatorHolder$PureJavaComparator;0;0;0,004;0,01
com.google.common.collect.StandardTable$Row$RowEntrySet$1;0;0;0,016;0,006
com.google.common.collect.RegularImmutableTable$ImmutableArrayMap$2$1;0;0;0,009;0,005
com.google.common.collect.Lists$TransformingSequentialList;0;1;0,06;0,009
com.google.common.util.concurrent.Striped$PaddedLock;0;0;0,005;0,006
com.google.common.collect.ForwardingIterator;1;0;0,095;0,018
com.google.common.reflect.Types$GenericArrayTypeImpl;0;0;0,013;0,006
com.google.common.util.concurrent.Striped$PowerOfTwoStriped;0;0;0,007;0,005
com.google.common.base.CharMatcher$NegatedMatcher;0;1;0,026;0,025
com.google.common.collect.Maps$ImprovedAbstractMap$2;0;0;0,053;0,015
com.google.common.collect.Maps$ImprovedAbstractMap$1;0;0;0,053;0,015
com.google.common.collect.TreeRangeMap$SubRangeMap$SubRangeMapAsMap$2$1;0;0;0,008;0,004
com.google.common.collect.RegularImmutableBiMap$Inverse$InverseEntrySet;0;0;0,059;0,005
com.google.common.collect.MapMakerInternalMap$NullEntry;0;1;0,054;0,008
com.google.common.primitives.Floats$FloatArrayAsList;0;0;0,002;0,006
com.google.common.collect.FilteredEntryMultimap;0;0;0,081;0,01
com.google.common.collect.TreeRangeMap$RangeMapEntry;0;0;0,017;0,007
com.google.common.collect.Maps$UnmodifiableNavigableMap;0;0;0,046;0,006
com.google.common.io.Files$1;0;0;0,009;0,005
com.google.common.eventbus.EventHandler;0;0;0,017;0,015
com.google.common.collect.AbstractMapBasedMultimap$KeySet;0;1;0,055;0,014
com.google.common.collect.Lists$RandomAccessListWrapper;0;0;0,058;0,01
com.google.common.collect.MapMakerInternalMap$ValueIterator;0;0;0,047;0,006
com.google.common.collect.ComputingConcurrentHashMap$ComputingSerializationProxy;0;0;0,054;0,004
com.google.common.reflect.TypeToken$1;0;0;0,028;0,018
com.google.common.reflect.TypeToken$2;0;0;0,007;0,005
com.google.common.collect.Multimaps$MapMultimap$1$1;0;0;0,057;0,005
com.google.common.io.CharStreams;0;0;0,027;0,012
com.google.common.collect.MapMakerInternalMap$SoftExpirableEvictableEntry;0;0;0,0;0,004
com.google.common.eventbus.AllowConcurrentEvents;0;0;0,0;0,004
com.google.common.reflect.AbstractInvocationHandler;0;0;0,0;0,004
com.google.common.collect.RegularImmutableSortedMultiset$1;0;0;0,011;0,004
com.google.common.util.concurrent.Futures$3;0;0;0,029;0,004
com.google.common.collect.ForwardingSortedSetMultimap;0;0;0,0;0,004
com.google.common.collect.Multimaps$TransformedEntriesMultimap$3;0;0;0,06;0,004
com.google.common.util.concurrent.Futures$2;0;0;0,029;0,004
com.google.common.collect.Multimaps$TransformedEntriesMultimap$2;0;0;0,062;0,005
com.google.common.util.concurrent.Futures$5;0;0;0,029;0,004
com.google.common.collect.Multimaps$TransformedEntriesMultimap$1;0;0;0,06;0,004
com.google.common.util.concurrent.Futures$4;0;0;0,029;0,004
com.google.common.util.concurrent.Futures$6;0;0;0,029;0,004
com.google.common.cache.LocalCache$Segment$1;0;0;0,017;0,004
com.google.common.collect.AbstractIndexedListIterator;0;0;0,069;0,029
com.google.common.util.concurrent.AbstractService$StateSnapshot;0;0;0,008;0,005
com.google.common.util.concurrent.Futures$1;0;0;0,044;0,013
com.google.common.collect.DescendingImmutableSortedMultiset$1;0;0;0,008;0,004
com.google.common.reflect.TypeCapture;0;0;0,017;0,012
com.google.common.util.concurrent.CycleDetectingLockFactory$Policy;0;0;0,013;0,011
com.google.common.eventbus.AsyncEventBus;0;0;0,002;0,005
com.google.common.io.CharStreams$StringCharSource$1;0;0;0,013;0,006
com.google.common.collect.RegularImmutableSortedMultiset$EntrySet$1;0;0;0,007;0,004
com.google.common.collect.MapConstraints$ConstrainedListMultimap;0;0;0,01;0,004
com.google.common.base.Splitter$1$1;0;0;0,014;0,006
com.google.common.util.concurrent.RateLimiter$SleepingTicker;0;0;0,008;0,009
com.google.common.base.Suppliers$ExpiringMemoizingSupplier;0;0;0,02;0,004
com.google.common.base.AbstractIterator$State;0;0;0,062;0,012
com.google.common.base.PairwiseEquivalence;0;0;0,053;0,008
com.google.common.base.Suppliers;0;0;0,02;0,004
com.google.common.math.DoubleMath;0;0;0,003;0,004
com.google.common.util.concurrent.AbstractScheduledService$CustomScheduler;0;0;0,003;0,004
com.google.common.collect.AbstractMapBasedMultimap$WrappedList$WrappedListIterator;0;0;0,05;0,007
com.google.common.collect.Tables$TransformedTable;0;0;0,032;0,008
com.google.common.collect.MapMakerInternalMap$WeakEvictableEntry;0;0;0,049;0,004
com.google.common.collect.Constraint;0;0;0,037;0,019
com.google.common.collect.Maps$FilteredEntryNavigableMap$1;0;0;0,046;0,005
com.google.common.base.AbstractIterator;0;0;0,065;0,011
com.google.common.collect.ForwardingImmutableList;0;0;0,0;0,004
com.google.common.primitives.Longs$LongArrayAsList;0;0;0,01;0,011
com.google.common.collect.LinkedListMultimap$NodeIterator;0;0;0,014;0,009
com.google.common.collect.Table;0;0;0,064;0,019
com.google.common.util.concurrent.AbstractService$2$1;0;0;0,008;0,005
com.google.common.collect.Sets$CartesianSet;0;0;0,057;0,007
com.google.common.base.Suppliers$SupplierOfInstance;0;0;0,02;0,004
com.google.common.cache.AbstractCache$StatsCounter;0;0;0,033;0,009
com.google.common.primitives.Booleans$LexicographicalComparator;0;0;0,013;0,01
com.google.common.collect.MapConstraints$2$1;0;0;0,01;0,004
com.google.common.math.LongMath$1;0;0;0,059;0,005
com.google.common.hash.MessageDigestHashFunction$1;0;0;0,012;0,007
com.google.common.collect.MapConstraints;0;0;0,02;0,008
com.google.common.hash.BloomFilter$Strategy;0;0;0,009;0,007
com.google.common.util.concurrent.Futures$ImmediateFailedFuture;0;0;0,029;0,004
com.google.common.collect.AbstractMapBasedMultiset$1;0;1;0,07;0,005
com.google.common.collect.RegularImmutableTable$SparseImmutableTable$SparseCellSet;0;0;0,013;0,004
com.google.common.collect.Multimaps$CustomSortedSetMultimap;0;0;0,062;0,004
com.google.common.collect.Platform;0;1;0,065;0,072
com.google.common.collect.ImmutableMap$1MapViewOfValuesAsSingletonSets$1;0;0;0,052;0,007
com.google.common.collect.ForwardingImmutableCollection;0;0;0,0;0,004
com.google.common.collect.ImmutableEnumMap$EnumSerializedForm;0;0;0,053;0,006
com.google.common.cache.LocalCache$LocalManualCache;0;0;0,023;0,006
com.google.common.collect.ArrayTable$Row;0;0;0,008;0,005
com.google.common.collect.RegularImmutableTable$SparseImmutableTable$1;0;0;0,011;0,004
com.google.common.collect.ForwardingMapEntry;0;0;0,082;0,01
com.google.common.collect.TreeBasedTable$Factory;0;0;0,004;0,004
com.google.common.collect.MinMaxPriorityQueue$1;0;0;0,008;0,006
com.google.common.cache.LocalCache$WeakWriteEntry;0;0;0,017;0,004
com.google.common.collect.NullsFirstOrdering;0;0;0,05;0,008
com.google.common.collect.StandardTable$Row$1;0;0;0,016;0,005
com.google.common.net.InternetDomainName;0;0;0,003;0,004
com.google.common.cache.CacheBuilderSpec$LongParser;0;0;0,014;0,006
com.google.common.reflect.TypeToken$InterfaceSet$1;0;0;0,01;0,004
com.google.common.cache.LocalCache$ValueReference;0;1;0,048;0,31
com.google.common.collect.Sets$PowerSet$BitFilteredSetIterator;0;0;0,053;0,005
com.google.common.collect.StandardRowSortedTable;0;0;0,009;0,005
com.google.common.primitives.Ints$IntArrayAsList;0;0;0,065;0,016
com.google.common.collect.Multisets$ImmutableEntry;1;0;0,083;0,005
com.google.common.collect.Multimaps$MapMultimap$AsMap;0;0;0,059;0,004
com.google.common.base.Absent;0;0;0,066;0,007
com.google.common.base.Functions$ConstantFunction;0;0;0,006;0,004
com.google.common.hash.Funnels$SinkAsStream;0;0;0,016;0,004
com.google.common.collect.Maps$DescendingMap$1;0;0;0,048;0,006
com.google.common.base.Throwables;1;0;0,118;0,021
com.google.common.io.FileWriteMode;0;0;0,006;0,004
com.google.common.base.Equivalence$Equals;0;0;0,053;0,008
com.google.common.collect.ForwardingNavigableMap$StandardDescendingMap$1;0;0;0,002;0,005
com.google.common.collect.Maps$DescendingMap$2;0;0;0,048;0,006
com.google.common.base.CharMatcher$5;0;0;0,025;0,011
com.google.common.base.CharMatcher$4;0;0;0,025;0,011
com.google.common.base.CharMatcher$3;0;0;0,025;0,011
com.google.common.collect.Synchronized$SynchronizedBiMap;0;0;0,059;0,005
com.google.common.base.CharMatcher$2;0;0;0,025;0,011
com.google.common.cache.ForwardingCache;0;0;0,025;0,006
com.google.common.base.CharMatcher$9;0;0;0,025;0,011
com.google.common.base.CharMatcher$8;0;0;0,025;0,011
com.google.common.base.CharMatcher$7;0;0;0,025;0,011
com.google.common.collect.Sets$ImprovedAbstractSet;1;0;0,127;0,031
com.google.common.collect.StandardTable$Column$EntrySetIterator;0;0;0,018;0,005
com.google.common.base.CharMatcher$6;0;0;0,025;0,011
com.google.common.collect.RegularImmutableSortedMap$EntrySet;0;0;0,06;0,005
com.google.common.base.FinalizableReferenceQueue$DecoupledLoader;0;0;0,003;0,006
com.google.common.base.CharMatcher$1;0;1;0,026;0,015
com.google.common.collect.ImmutableMapValues;0;1;0,054;0,01
com.google.common.reflect.ImmutableTypeToInstanceMap$Builder;0;0;0,003;0,004
com.google.common.util.concurrent.CycleDetectingLockFactory;0;0;0,016;0,009
com.google.common.collect.AbstractNavigableMap;0;0;0,068;0,01
com.google.common.collect.MapMakerInternalMap$StrongValueReference;0;0;0,056;0,004
com.google.common.collect.GwtTransient;0;0;0,0;0,004
com.google.common.util.concurrent.RateLimiter$WarmingUp;0;0;0,003;0,005
com.google.common.collect.Multimaps$MapMultimap$AsMapEntries;0;0;0,061;0,008
com.google.common.collect.MapMakerInternalMap$EvictionQueue;0;1;0,054;0,008
com.google.common.util.concurrent.ForwardingListeningExecutorService;0;0;0,0;0,004
com.google.common.util.concurrent.CycleDetectingLockFactory$Policies$1;0;0;0,007;0,005
com.google.common.util.concurrent.CycleDetectingLockFactory$Policies$3;0;0;0,007;0,005
com.google.common.util.concurrent.CycleDetectingLockFactory$Policies$2;0;0;0,007;0,005
com.google.common.reflect.TypeToken$TypeCollector$ForwardingTypeCollector;0;0;0,011;0,004
com.google.common.collect.Multimaps$UnmodifiableAsMapValues;0;0;0,06;0,006
com.google.common.collect.Interners$1;0;0;0,006;0,004
com.google.common.util.concurrent.Futures$CombinedFuture;0;0;0,035;0,006
com.google.common.collect.ForwardingSet;1;0;0,112;0,031
com.google.common.base.Functions$ToStringFunction;0;0;0,006;0,004
com.google.common.collect.MapConstraints$ConstrainedSortedSetMultimap;0;0;0,01;0,004
com.google.common.base.Functions$FunctionComposition;0;0;0,006;0,004
com.google.common.collect.StandardTable$RowMap$EntrySet$1;0;0;0,015;0,004
com.google.common.base.Ticker$1;0;0;0,056;0,037
com.google.common.collect.AbstractMapBasedMultimap$EntryIterator;0;0;0,052;0,008
com.google.common.util.concurrent.AbstractService$5$1;0;0;0,008;0,005
com.google.common.collect.Multiset;1;0;0,252;0,146
com.google.common.collect.TreeRangeMap$AsMapOfRanges$1;0;0;0,008;0,004
com.google.common.collect.ImmutableEnumSet$1;0;0;0,058;0,009
com.google.common.collect.Maps$TransformedEntriesNavigableMap;0;0;0,046;0,006
com.google.common.hash.BloomFilter$SerialForm;0;0;0,003;0,004
com.google.common.primitives.UnsignedInts$LexicographicalComparator;0;0;0,008;0,007
com.google.common.reflect.Types$ClassOwnership;0;0;0,014;0,01
com.google.common.collect.Table$Cell;1;0;0,088;0,051
com.google.common.hash.MessageDigestHashFunction$MessageDigestHasher;0;0;0,008;0,004
com.google.common.util.concurrent.RateLimiter$Bursty;0;0;0,003;0,005
com.google.common.util.concurrent.CycleDetectingLockFactory$CycleDetectingReentrantReadWriteLock;0;0;0,012;0,007
com.google.common.collect.Synchronized$1;0;1;0,072;0,022
com.google.common.collect.MapMakerInternalMap$Values;0;0;0,047;0,006
com.google.common.collect.ArrayTable$ArrayMap$1$1;0;0;0,007;0,007
com.google.common.collect.ForwardingMultimap;0;0;0,078;0,007
com.google.common.collect.MapMaker$1;0;0;0,053;0,028
com.google.common.cache.LocalCache$EntryIterator;0;0;0,013;0,005
com.google.common.collect.TreeMultiset$Aggregate$2;0;0;0,009;0,005
com.google.common.collect.TreeRangeSet$SubRangeSet;0;0;0,011;0,004
com.google.common.collect.TreeMultiset$Aggregate$1;0;0;0,009;0,005
com.google.common.util.concurrent.ForwardingFuture$SimpleForwardingFuture;0;0;0,0;0,004
com.google.common.io.ByteStreams$1;0;0;0,02;0,005
com.google.common.util.concurrent.Futures$FallbackFuture$1;0;0;0,029;0,005
com.google.common.io.ByteStreams$4;0;0;0,017;0,004
com.google.common.io.ByteStreams$5;0;0;0,017;0,004
com.google.common.io.ByteStreams$2;0;0;0,017;0,004
com.google.common.io.ByteStreams$3;0;0;0,017;0,004
com.google.common.collect.StandardTable$RowMap;0;0;0,023;0,008
com.google.common.collect.LinkedListMultimap$DistinctKeyIterator;0;0;0,013;0,006
com.google.common.cache.CacheBuilderSpec$AccessDurationParser;0;0;0,011;0,005
com.google.common.collect.ForwardingMap$StandardValues;0;0;0,0;0,004
com.google.common.collect.ImmutableMap$SerializedForm;0;1;0,061;0,011
com.google.common.base.Optional;1;0;0,098;0,025
com.google.common.io.Closeables;0;0;0,013;0,007
com.google.common.io.ByteStreams$6;0;0;0,017;0,004
com.google.common.io.ByteStreams$7;0;0;0,017;0,004
com.google.common.collect.TreeBasedTable$TreeRow;0;0;0,003;0,004
com.google.common.reflect.TypeParameter;0;0;0,008;0,005
com.google.common.base.CharMatcher$NegatedFastMatcher;0;1;0,027;0,034
com.google.common.collect.Range;1;0;0,127;0,058
com.google.common.util.concurrent.ForwardingListenableFuture;0;0;0,03;0,006
com.google.common.collect.RegularImmutableTable$DenseImmutableTable$1;0;0;0,01;0,004
com.google.common.primitives.UnsignedBytes$LexicographicalComparatorHolder$UnsafeComparator;0;0;0,0;0,004
com.google.common.collect.MapMakerInternalMap$SoftExpirableEntry;0;0;0,0;0,004
com.google.common.collect.TreeRangeMap$SubRangeMap$SubRangeMapAsMap;0;0;0,017;0,006
com.google.common.io.FileBackedOutputStream;0;0;0,004;0,011
com.google.common.collect.RegularImmutableMultiset$EntrySet;0;1;0,078;0,005
com.google.common.collect.DiscreteDomains;0;0;0,0;0,004
com.google.common.collect.ContiguousSet;0;1;0,026;0,009
com.google.common.collect.StandardRowSortedTable$RowKeySortedSet;0;0;0,006;0,004
com.google.common.util.concurrent.Striped$CompactStriped;0;0;0,004;0,004
com.google.common.cache.LocalCache$HashIterator;0;0;0,02;0,008
com.google.common.collect.RegularImmutableAsList;0;1;0,064;0,015
com.google.common.io.Resources$UrlByteSource;0;0;0,003;0,004
com.google.common.collect.Constraints$ConstrainedCollection;0;0;0,012;0,004
com.google.common.util.concurrent.ServiceManager$ServiceListener;0;0;0,005;0,004
com.google.common.base.Functions$IdentityFunction;0;0;0,006;0,004
com.google.common.util.concurrent.ForwardingListenableFuture$SimpleForwardingListenableFuture;0;0;0,028;0,005
com.google.common.util.concurrent.ListeningScheduledExecutorService;0;0;0,032;0,006
com.google.common.collect.ImmutableSortedMap;0;1;0,08;0,015
com.google.common.util.concurrent.ForwardingBlockingQueue;0;0;0,0;0,004
com.google.common.io.BaseEncoding;0;0;0,033;0,011
com.google.common.collect.ForwardingSetMultimap;0;0;0,003;0,004
com.google.common.collect.GenericMapMaker;0;1;0,063;0,007
com.google.common.collect.ImmutableList$1;0;0;0,042;0,013
com.google.common.collect.ArrayTable$Values$1;0;0;0,006;0,005
com.google.common.hash.BloomFilter$1;0;0;0,005;0,005
com.google.common.collect.AbstractMapBasedMultimap$RandomAccessWrappedList;0;0;0,052;0,008
com.google.common.net.InetAddresses;0;0;0,006;0,006
com.google.common.util.concurrent.JdkFutureAdapters$ListenableFutureAdapter$1;0;0;0,003;0,004
com.google.common.collect.StandardTable$Column$Values;0;0;0,021;0,008
com.google.common.eventbus.HandlerFindingStrategy;0;0;0,007;0,004
com.google.common.collect.TreeMultiset$Aggregate;0;0;0,013;0,007
com.google.common.collect.MapMaker$RemovalCause;0;1;0,071;0,037
com.google.common.collect.ImmutableMapKeySet$1;0;0;0,05;0,005
com.google.common.collect.AbstractMapBasedMultimap$WrappedCollection$WrappedIterator;0;0;0,05;0,013
com.google.common.collect.MapMakerInternalMap$KeyIterator;0;0;0,047;0,006
com.google.common.reflect.Types$1;0;0;0,02;0,016
com.google.common.util.concurrent.Service$State;0;0;0,049;0,067
com.google.common.collect.AbstractBiMap$ValueSet;0;0;0,006;0,005
com.google.common.base.Function;1;0;0,368;0,202
com.google.common.collect.ImmutableMap;1;0;0,275;0,098
com.google.common.collect.ImmutableAsList$SerializedForm;0;0;0,062;0,007
com.google.common.io.ByteStreams$LimitedInputStream;0;0;0,017;0,004
com.google.common.primitives.Bytes;0;0;0,002;0,006
com.google.common.util.concurrent.ForwardingFuture;0;0;0,036;0,01
com.google.common.collect.MinMaxPriorityQueue$Builder;0;0;0,004;0,004
com.google.common.util.concurrent.TimeLimiter;0;0;0,005;0,006
com.google.common.collect.ImmutableSortedMapFauxverideShim;0;0;0,056;0,004
com.google.common.util.concurrent.Futures$ImmediateFailedCheckedFuture;0;0;0,029;0,004
com.google.common.cache.CacheBuilder;0;0;0,033;0,01
com.google.common.collect.Range$4;0;0;0,012;0,007
com.google.common.collect.EmptyImmutableSortedMultiset;0;0;0,008;0,004
com.google.common.collect.Range$2;0;0;0,012;0,007
com.google.common.collect.Range$3;0;0;0,012;0,007
com.google.common.cache.LocalCache$NullEntry;0;0;0,02;0,007
com.google.common.collect.Range$1;0;0;0,012;0,007
com.google.common.base.Stopwatch;0;0;0,023;0,006
com.google.common.collect.StandardTable$Column;0;0;0,026;0,01
com.google.common.collect.RegularContiguousSet$SerializedForm;0;0;0,015;0,004
com.google.common.util.concurrent.CycleDetectingLockFactory$Policies;0;0;0,016;0,009
com.google.common.collect.Interners$WeakInterner;0;0;0,003;0,004
com.google.common.cache.LocalCache$AbstractCacheSet;0;0;0,018;0,007
com.google.common.collect.ImmutableMultiset$Builder;1;0;0,083;0,005
com.google.common.cache.LocalCache$LocalLoadingCache;0;0;0,019;0,004
com.google.common.collect.SingletonImmutableBiMap;0;1;0,069;0,014
com.google.common.collect.MapConstraints$2;0;0;0,013;0,005
com.google.common.collect.MinMaxPriorityQueue$MoveDesc;0;0;0,008;0,006
com.google.common.collect.Multisets$EntrySet;1;0;0,105;0,007
com.google.common.collect.MapConstraints$1;0;0;0,011;0,004
com.google.common.util.concurrent.AbstractIdleService;0;0;0,008;0,01
com.google.common.cache.RemovalNotification;0;0;0,029;0,021
com.google.common.base.Equivalence;1;0;0,128;0,051
com.google.common.cache.LocalCache$WriteQueue$1;0;0;0,017;0,005
com.google.common.cache.LocalCache$LoadingValueReference;0;0;0,02;0,005
com.google.common.cache.LocalCache$WriteQueue$2;0;0;0,017;0,005
com.google.common.collect.Constraints$ConstrainedMultiset;0;0;0,012;0,004
com.google.common.collect.Maps;1;0;0,391;0,153
com.google.common.cache.Striped64;0;0;0,019;0,011
com.google.common.collect.SetMultimap;1;0;0,142;0,029
com.google.common.collect.ImmutableSet$SerializedForm;0;0;0,047;0,011
com.google.common.collect.TransformedIterator;1;0;0,115;0,042
com.google.common.collect.DescendingImmutableSortedSet;0;0;0,068;0,005
com.google.common.collect.FilteredKeyMultimap$AddRejectingSet;0;0;0,063;0,004
com.google.common.util.concurrent.Futures$FallbackFuture;0;0;0,032;0,005
com.google.common.collect.Synchronized$SynchronizedObject;0;0;0,067;0,019
com.google.common.collect.AbstractMapBasedMultimap$WrappedNavigableSet;0;0;0,003;0,004
com.google.common.collect.Cut$AboveAll;0;0;0,015;0,007
com.google.common.collect.LinkedListMultimap$MultisetView$2;0;0;0,007;0,004
com.google.common.util.concurrent.AbstractFuture;0;0;0,048;0,017
com.google.common.collect.LinkedListMultimap$MultisetView$1;0;0;0,009;0,005
com.google.common.collect.RegularContiguousSet;0;0;0,022;0,008
com.google.common.collect.RangeSet;0;0;0,026;0,008
com.google.common.util.concurrent.CycleDetectingLockFactory$CycleDetectingReentrantWriteLock;0;0;0,006;0,004
com.google.common.annotations.GwtCompatible;0;0;0,0;0,004
com.google.common.collect.RegularContiguousSet$2;0;0;0,015;0,004
com.google.common.collect.RegularContiguousSet$1;0;0;0,017;0,005
com.google.common.collect.LinkedHashMultiset;1;0;0,084;0,006
com.google.common.cache.LocalCache$WriteThroughEntry;0;0;0,021;0,009
com.google.common.collect.Sets$2;0;0;0,057;0,007
com.google.common.collect.Sets$3;0;0;0,057;0,007
com.google.common.collect.Sets$1;0;1;0,065;0,015
com.google.common.collect.Maps$Values;0;0;0,076;0,017
com.google.common.collect.LinkedListMultimap$ValueForKeyIterator;0;0;0,01;0,007
com.google.common.collect.Synchronized$SynchronizedAsMapEntries$1$1;0;0;0,054;0,005
com.google.common.collect.Maps$AbstractFilteredMap$Values;0;0;0,05;0,008
com.google.common.collect.RegularImmutableTable$DenseImmutableTable$DenseCellSet$1;0;0;0,009;0,004
com.google.common.primitives.Booleans$BooleanArrayAsList;0;0;0,013;0,01
com.google.common.collect.Constraints;0;0;0,027;0,01
com.google.common.base.FinalizableReference;0;0;0,011;0,01
com.google.common.collect.ImmutableEnumMap$1;0;0;0,054;0,008
com.google.common.collect.ImmutableEnumMap$2;0;0;0,055;0,007
com.google.common.reflect.TypeToken$TypeCollector;0;0;0,024;0,011
com.google.common.util.concurrent.MoreExecutors$ListeningDecorator;0;0;0,031;0,006
com.google.common.collect.FilteredEntryMultimap$ValuePredicate;0;0;0,068;0,006
com.google.common.collect.HashBasedTable$Factory;0;0;0,003;0,004
com.google.common.collect.MapConstraints$ConstrainedAsMapValues$1;0;0;0,006;0,008
com.google.common.collect.AbstractListMultimap;0;0;0,065;0,005
com.google.common.io.MultiReader;0;0;0,015;0,006
com.google.common.base.Predicates$InstanceOfPredicate;0;0;0,069;0,005
com.google.common.cache.CacheBuilderSpec$RefreshDurationParser;0;0;0,011;0,005
com.google.common.collect.DiscreteDomain$BigIntegerDomain;0;0;0,005;0,041
com.google.common.collect.Multimaps$TransformedEntriesMultimap$2$1;0;0;0,058;0,005
com.google.common.io.Closer$LoggingSuppressor;0;0;0,017;0,009
com.google.common.util.concurrent.ServiceManager$Listener;0;0;0,015;0,014
com.google.common.collect.Lists$ReverseList$1;0;0;0,054;0,008
com.google.common.collect.ForwardingTable;0;0;0,022;0,004
com.google.common.collect.RegularImmutableTable$DenseImmutableTable$DenseCellSet;0;0;0,012;0,005
com.google.common.collect.TreeMultiset$1;0;0;0,016;0,012
com.google.common.io.ByteArrayDataInput;0;0;0,023;0,008
com.google.common.collect.TreeMultiset$4;0;0;0,01;0,004
com.google.common.collect.TreeMultiset$3;0;0;0,009;0,004
com.google.common.collect.TreeMultiset$2;0;0;0,009;0,004
com.google.common.cache.LocalCache$KeySet;0;0;0,012;0,005
com.google.common.collect.MapMakerInternalMap$Segment;1;0;0,086;0,02
com.google.common.base.CharMatcher;1;0;0,114;0,205
com.google.common.collect.FilteredKeyMultimap;0;0;0,065;0,004
com.google.common.collect.Sets$UnmodifiableNavigableSet;0;0;0,057;0,007
com.google.common.primitives.AndroidInteger;0;0;0,065;0,016
com.google.common.util.concurrent.ServiceManager$ServiceManagerState$3$1;0;0;0,007;0,005
com.google.common.collect.Synchronized$SynchronizedSortedMap;0;1;0,061;0,007
com.google.common.collect.Maps$FilteredEntryBiMap$1;0;0;0,046;0,004
com.google.common.collect.RegularImmutableMultiset$1;0;1;0,079;0,005
com.google.common.collect.MapMaker;1;0;0,092;0,032
com.google.common.collect.ForwardingDeque;0;0;0,003;0,007
com.google.common.collect.MapMakerInternalMap$EntryIterator;0;0;0,047;0,005
com.google.common.collect.AbstractBiMap;0;0;0,019;0,011
com.google.common.collect.Sets$FilteredSet;0;1;0,059;0,01
com.google.common.collect.EmptyImmutableSortedMap;0;0;0,056;0,004
com.google.common.base.Predicates$1;1;0;0,092;0,026
com.google.common.collect.Multisets$3$1;0;0;0,079;0,004
com.google.common.collect.Maps$FilteredEntryMap$KeySet;0;0;0,049;0,007
com.google.common.util.concurrent.CycleDetectingLockFactory$CycleDetectingLock;0;0;0,013;0,008
com.google.common.io.ByteArrayDataOutput;0;0;0,02;0,007
com.google.common.collect.Iterators$6;0;0;0,047;0,008
com.google.common.collect.BiMap;1;0;0,109;0,028
com.google.common.collect.Iterators$7;0;0;0,047;0,008
com.google.common.collect.Iterators$8;0;0;0,047;0,008
com.google.common.collect.TreeRangeMap$SubRangeMap;0;0;0,015;0,005
com.google.common.collect.Iterators$9;0;0;0,047;0,008
com.google.common.collect.HashBiMap$EntrySet$1$MapEntry;0;0;0,006;0,005
com.google.common.collect.Iterators$1;0;0;0,047;0,008
com.google.common.math.LongMath;0;0;0,067;0,008
com.google.common.collect.Iterators$2;0;0;0,047;0,008
com.google.common.collect.Iterators$3;0;0;0,047;0,008
com.google.common.collect.Iterators$4;0;0;0,046;0,008
com.google.common.collect.Iterators$5;0;0;0,046;0,008
com.google.common.collect.RegularImmutableBiMap$Inverse;0;0;0,063;0,005
com.google.common.collect.ImmutableMultimap$Builder;1;0;0,085;0,008
com.google.common.base.Defaults;0;0;0,0;0,004
com.google.common.collect.AbstractMultimap;1;0;0,099;0,015
com.google.common.hash.AbstractCompositeHashFunction;0;0;0,011;0,005
com.google.common.collect.StandardTable$Row$RowEntrySet;0;0;0,017;0,007
com.google.common.collect.Ordering$ArbitraryOrdering$1;0;0;0,048;0,005
com.google.common.collect.ComputingConcurrentHashMap$ComputingValueReference;0;0;0,054;0,004
com.google.common.collect.DescendingMultiset$1;0;0;0,01;0,004
com.google.common.base.FinalizableSoftReference;0;0;0,0;0,004
com.google.common.cache.LocalCache$Strength$3;0;0;0,018;0,005
com.google.common.cache.LocalCache$Strength$2;0;0;0,018;0,005
com.google.common.reflect.Invokable$ConstructorInvokable;0;0;0,009;0,009
com.google.common.cache.LocalCache$Strength$1;0;0;0,018;0,005
com.google.common.collect.MapConstraints$ConstrainedSetMultimap;0;0;0,013;0,005
com.google.common.collect.ImmutableMapKeySet$KeySetSerializedForm;0;0;0,05;0,005
com.google.common.collect.RegularImmutableTable$DenseImmutableTable$Column;0;0;0,012;0,005
com.google.common.collect.AbstractBiMap$1;0;0;0,013;0,009
com.google.common.collect.TreeRangeSet$Complement;0;0;0,011;0,004
com.google.common.util.concurrent.ServiceManager$ServiceManagerState$1;0;0;0,007;0,004
com.google.common.util.concurrent.ServiceManager$ServiceManagerState;0;0;0,019;0,011
com.google.common.util.concurrent.ServiceManager$ServiceManagerState$2;0;0;0,007;0,004
com.google.common.util.concurrent.AsyncFunction;0;0;0,036;0,009
com.google.common.util.concurrent.ServiceManager$ServiceManagerState$3;0;0;0,009;0,006
com.google.common.util.concurrent.ServiceManager$ServiceManagerState$4;0;0;0,009;0,005
com.google.common.util.concurrent.ServiceManager$ServiceManagerState$5;0;0;0,009;0,006
com.google.common.collect.Iterables$ConsumingQueueIterator;0;0;0,07;0,005
com.google.common.collect.WellBehavedMap$EntrySet$1$1;0;0;0,004;0,005
com.google.common.util.concurrent.AbstractExecutionThreadService;0;0;0,006;0,009
com.google.common.cache.CacheBuilderSpec$WriteDurationParser;0;0;0,011;0,005
com.google.common.cache.LocalCache$WeightedStrongValueReference;0;0;0,02;0,005
com.google.common.collect.TreeRangeSet$RangesByUpperBound$1;0;0;0,015;0,004
com.google.common.collect.TreeRangeSet$RangesByUpperBound$2;0;0;0,015;0,004
com.google.common.cache.CacheBuilderSpec$ValueStrengthParser;0;0;0,011;0,005
com.google.common.collect.StandardTable$CellIterator;0;0;0,016;0,004
com.google.common.collect.ComputationException;0;0;0,056;0,005
com.google.common.collect.StandardTable$ColumnKeySet;0;0;0,016;0,005
com.google.common.collect.RegularImmutableTable$ImmutableArrayMap$1$1;0;0;0,009;0,005
com.google.common.base.Splitter$2$1;0;0;0,014;0,006
com.google.common.collect.StandardRowSortedTable$RowSortedMap;0;0;0,006;0,004
com.google.common.collect.Lists$TransformingRandomAccessList;0;0;0,059;0,007
com.google.common.cache.CacheLoader$InvalidCacheLoadException;0;0;0,019;0,005
com.google.common.collect.RegularImmutableBiMap$NonTerminalBiMapEntry;0;0;0,06;0,004
com.google.common.hash.MessageDigestHashFunction$SerializedForm;0;0;0,007;0,004
com.google.common.hash.Hashing$1;0;0;0,009;0,01
com.google.common.collect.AbstractMultimap$2;0;0;0,074;0,005
com.google.common.collect.Maps$FilteredEntryMap$KeySet$1;0;0;0,046;0,004
com.google.common.collect.AbstractMultimap$3;0;0;0,074;0,005
com.google.common.collect.Multisets;1;0;0,166;0,023
com.google.common.collect.AbstractMultimap$1;0;0;0,074;0,005
com.google.common.collect.ComparisonChain;0;0;0,015;0,011
com.google.common.util.concurrent.AbstractScheduledService$CustomScheduler$ReschedulableCallable;0;0;0,002;0,004
com.google.common.collect.Synchronized$SynchronizedQueue;0;0;0,059;0,005
com.google.common.hash.AbstractCompositeHashFunction$1;0;0;0,007;0,004
com.google.common.collect.LinkedHashMultimap$ValueEntry;0;0;0,009;0,006
com.google.common.util.concurrent.AbstractScheduledService;0;0;0,013;0,013
com.google.common.io.ByteSink$AsCharSink;0;0;0,016;0,005
com.google.common.eventbus.EventBus$EventWithHandler;0;0;0,008;0,007
com.google.common.util.concurrent.AbstractExecutionThreadService$2;0;0;0,003;0,005
com.google.common.collect.Iterators$MergingIterator$1;0;0;0,045;0,006
com.google.common.collect.TreeRangeSet;0;0;0,022;0,007
com.google.common.util.concurrent.AbstractExecutionThreadService$1;0;0;0,004;0,006
com.google.common.collect.RegularImmutableSortedMap$EntrySet$1;0;0;0,056;0,004
com.google.common.collect.Maps$UnmodifiableEntries$1;0;0;0,056;0,007
com.google.common.base.Suppliers$ThreadSafeSupplier;0;0;0,02;0,004
com.google.common.collect.ImmutableMap$1MapViewOfValuesAsSingletonSets$1$1$1;0;0;0,049;0,005
com.google.common.collect.StandardTable$RowMap$EntrySet;0;0;0,018;0,007
com.google.common.math.BigIntegerMath$1;0;0;0,003;0,004
com.google.common.base.Predicates;1;0;0,119;0,024
com.google.common.collect.EmptyContiguousSet;0;0;0,02;0,006
com.google.common.net.MediaType;0;0;0,006;0,006
com.google.common.collect.Synchronized$SynchronizedEntry;0;0;0,059;0,005
com.google.common.util.concurrent.Uninterruptibles;0;0;0,052;0,011
com.google.common.collect.ConcurrentHashMultiset$2;0;0;0,005;0,004
com.google.common.collect.ConcurrentHashMultiset$1;0;0;0,007;0,004
com.google.common.collect.ConcurrentHashMultiset$3;0;0;0,005;0,004
com.google.common.collect.Synchronized$SynchronizedSetMultimap;0;1;0,061;0,005
com.google.common.collect.MapMakerInternalMap$SoftValueReference;0;0;0,056;0,004
com.google.common.collect.Multimaps$TransformedEntriesListMultimap$1;0;0;0,061;0,004
com.google.common.collect.Multimaps$UnmodifiableAsMapEntries$1;0;0;0,06;0,005
com.google.common.collect.StandardTable$Column$EntrySetIterator$1;0;0;0,015;0,005
com.google.common.base.CharMatcher$12;0;0;0,025;0,011
com.google.common.base.CharMatcher$11;0;0;0,025;0,011
com.google.common.base.CharMatcher$10;0;0;0,025;0,011
com.google.common.collect.ImmutableCollection$1;0;1;0,051;0,014
com.google.common.base.CharMatcher$15;0;0;0,025;0,011
com.google.common.base.CharMatcher$14;0;0;0,025;0,011
com.google.common.base.CharMatcher$13;0;0;0,025;0,011
com.google.common.util.concurrent.Futures$MappingCheckedFuture;0;0;0,029;0,004
com.google.common.base.Platform;0;1;0,053;0,027
com.google.common.collect.ImmutableList$ReverseImmutableList;0;1;0,043;0,016
com.google.common.cache.Striped64$ThreadHashCode;0;0;0,019;0,007
com.google.common.util.concurrent.Service$Listener;0;0;0,04;0,034
com.google.common.collect.Collections2$PermutationCollection;0;0;0,058;0,008
com.google.common.hash.Funnels;0;0;0,016;0,004
com.google.common.io.GwtWorkarounds$ByteOutput;0;0;0,027;0,009
com.google.common.collect.AbstractMapBasedMultimap$NavigableAsMap;0;0;0,003;0,004
com.google.common.collect.ImmutableClassToInstanceMap$1;0;0;0,005;0,005
com.google.common.collect.Sets$PowerSet$1$1;0;0;0,053;0,006
com.google.common.collect.BoundType;1;0;0,147;0,164
com.google.common.collect.Maps$DescendingMap;0;0;0,058;0,011
com.google.common.collect.ImmutableClassToInstanceMap;0;0;0,003;0,004
com.google.common.reflect.TypeToken$ClassSet;0;0;0,011;0,004
com.google.common.io.BaseEncoding$Alphabet;0;0;0,019;0,005
com.google.common.collect.Multimaps$UnmodifiableListMultimap;0;0;0,062;0,004
com.google.common.collect.RegularImmutableBiMap$InverseSerializedForm;0;0;0,059;0,004
com.google.common.collect.TreeRangeSet$ComplementRangesByLowerBound;0;0;0,017;0,005
com.google.common.collect.RegularImmutableBiMap$1;0;0;0,061;0,005
com.google.common.collect.MapMakerInternalMap$2;0;0;0,047;0,006
com.google.common.collect.MapMakerInternalMap$1;0;1;0,077;0,016
com.google.common.base.Platform$1;0;0;0,043;0,015
com.google.common.base.Splitter$3;0;0;0,017;0,01
com.google.common.base.Splitter$4;0;0;0,017;0,01
com.google.common.collect.ConcurrentHashMultiset$EntrySet;0;0;0,005;0,004
com.google.common.base.Splitter$5;0;0;0,015;0,008
com.google.common.cache.CacheBuilderSpec$InitialCapacityParser;0;0;0,011;0,005
com.google.common.eventbus.DeadEvent;0;0;0,004;0,004
com.google.common.primitives.Bytes$ByteArrayAsList;0;0;0,002;0,006
com.google.common.base.Enums$ValueOfFunction;0;0;0,003;0,004
com.google.common.base.Splitter$1;0;0;0,018;0,011
com.google.common.base.Splitter$2;0;0;0,017;0,01
com.google.common.collect.MapMakerInternalMap$EntryFactory;0;1;0,068;0,013
com.google.common.collect.Serialization$1;1;0;0,092;0,015
com.google.common.collect.RegularImmutableSortedSet;1;0;0,099;0,009
com.google.common.collect.ArrayListMultimap;0;0;0,0;0,004
com.google.common.collect.LinkedListMultimap$MultisetView$1$1;0;0;0,007;0,005
com.google.common.collect.TreeRangeMap$AsMapOfRanges;0;0;0,011;0,005
com.google.common.collect.HashBasedTable;0;0;0,0;0,004
com.google.common.collect.LinkedHashMultimap$1;0;0;0,004;0,004
com.google.common.collect.Collections2;1;0;0,13;0,065
com.google.common.collect.ForwardingNavigableSet;0;0;0,052;0,01
com.google.common.math.IntMath;1;0;0,102;0,012
com.google.common.eventbus.AnnotatedHandlerFinder;0;0;0,007;0,005
com.google.common.collect.ForwardingImmutableSet;0;0;0,0;0,004
com.google.common.collect.NullsLastOrdering;0;0;0,05;0,008
com.google.common.collect.RegularImmutableMultiset;1;0;0,084;0,005
com.google.common.collect.Maps$AsMapView$1;0;0;0,046;0,005
com.google.common.cache.LocalCache$EntryFactory$6;0;0;0,017;0,004
com.google.common.cache.LocalCache$EntryFactory$7;0;0;0,017;0,004
com.google.common.cache.LocalCache$EntryFactory$8;0;0;0,017;0,004
com.google.common.collect.AbstractSortedMultiset;0;0;0,013;0,005
com.google.common.cache.LocalCache$EntryFactory$2;0;0;0,017;0,004
com.google.common.collect.HashBiMap$1;0;0;0,014;0,009
com.google.common.util.concurrent.Futures$ImmediateSuccessfulFuture;0;0;0,029;0,004
com.google.common.cache.LocalCache$EntryFactory$3;0;0;0,017;0,004
com.google.common.cache.LocalCache$EntryFactory$4;0;0;0,017;0,004
com.google.common.cache.LocalCache$EntryFactory$5;0;0;0,017;0,004
com.google.common.base.Enums$1;0;0;0,006;0,005
com.google.common.cache.LocalCache$EntryFactory$1;0;0;0,017;0,004
com.google.common.collect.HashBiMap$KeySet$1;0;0;0,007;0,005
com.google.common.base.Strings;0;0;0,004;0,005
com.google.common.collect.AbstractMapBasedMultimap;1;0;0,128;0,061
com.google.common.collect.Constraints$ConstrainedRandomAccessList;0;0;0,012;0,004
com.google.common.collect.DiscreteDomain;0;1;0,051;0,133
com.google.common.util.concurrent.Atomics;0;0;0,0;0,004
com.google.common.collect.MapConstraints$ConstrainedAsMapValues;0;0;0,011;0,011
com.google.common.collect.TreeMultiset$AvlNode;0;0;0,019;0,013
com.google.common.collect.AbstractBiMap$EntrySet$1;0;0;0,007;0,005
com.google.common.collect.Cut;0;1;0,074;0,032
com.google.common.collect.Tables$TransposeTable$CellSet;0;0;0,021;0,004
com.google.common.collect.FilteredEntryMultimap$Keys;0;0;0,065;0,005
com.google.common.io.Resources;0;0;0,0;0,004
com.google.common.cache.LocalCache$StrongValueReference;0;0;0,022;0,008
com.google.common.collect.MapConstraints$ConstrainedMultimap;0;0;0,019;0,008
com.google.common.util.concurrent.FutureCallback;0;0;0,037;0,007
com.google.common.hash.HashCodes$IntHashCode;0;0;0,013;0,005
com.google.common.reflect.Types$ParameterizedTypeImpl;0;0;0,011;0,005
com.google.common.collect.ImmutableSortedSetFauxverideShim;0;0;0,068;0,005
com.google.common.util.concurrent.AbstractService$4$1;0;0;0,008;0,005
com.google.common.collect.Ordering$ArbitraryOrderingHolder;0;0;0,05;0,008
com.google.common.collect.ImmutableEnumMap;0;1;0,064;0,018
com.google.common.collect.MapConstraints$ConstrainedAsMapEntries;0;0;0,012;0,005
com.google.common.collect.MapMakerInternalMap$StrongExpirableEntry;0;0;0,049;0,004
com.google.common.reflect.TypeResolver$WildcardCapturer;0;0;0,01;0,004
com.google.common.collect.AbstractMapBasedMultimap$KeySet$1;0;0;0,049;0,007
com.google.common.collect.Collections2$TransformedCollection;0;1;0,065;0,009
com.google.common.collect.ArrayTable$RowMap;0;0;0,006;0,004
com.google.common.io.ByteStreams$ByteArrayDataOutputStream;0;0;0,017;0,004
com.google.common.collect.Synchronized$SynchronizedAsMap;0;0;0,059;0,005
com.google.common.collect.ImmutableSetMultimap;0;1;0,079;0,013
com.google.common.cache.LocalCache$EntrySet;0;0;0,012;0,005
com.google.common.base.internal.Finalizer$ShutDown;0;0;0,003;0,005
com.google.common.collect.DiscreteDomain$IntegerDomain;0;0;0,005;0,041
com.google.common.hash.Funnels$ByteArrayFunnel;0;0;0,016;0,004
com.google.common.reflect.Reflection;0;0;0,004;0,005
com.google.common.collect.Interner;0;0;0,011;0,008
com.google.common.net.MediaType$Tokenizer;0;0;0,004;0,004
com.google.common.collect.ImmutableMapValues$1;0;0;0,05;0,005
com.google.common.collect.ImmutableEnumMap$2$1;0;0;0,052;0,005
com.google.common.collect.StandardTable$ColumnMap;0;0;0,022;0,007
com.google.common.collect.TreeRangeMap;0;0;0,02;0,007
com.google.common.reflect.Invokable;0;0;0,011;0,026
com.google.common.collect.Lists$2;0;0;0,059;0,007
com.google.common.hash.HashFunction;0;0;0,05;0,011
com.google.common.collect.AbstractMapBasedMultimap$NavigableKeySet;0;0;0,006;0,005
com.google.common.collect.Lists$1;0;0;0,059;0,007
com.google.common.collect.RegularImmutableTable$SparseImmutableTable$SparseCellSet$1;0;0;0,01;0,004
com.google.common.base.Supplier;1;0;0,216;0,069
com.google.common.collect.Maps$ImprovedAbstractMap;1;0;0,084;0,027
com.google.common.eventbus.EventBus;0;0;0,008;0,01
com.google.common.collect.ReverseOrdering;0;0;0,05;0,008
com.google.common.eventbus.AsyncEventBus$1;0;0;0,002;0,005
com.google.common.collect.HashBiMap$Inverse$InverseKeySet;0;0;0,009;0,005
com.google.common.eventbus.Subscribe;0;0;0,0;0,004
com.google.common.collect.Synchronized;1;0;0,11;0,037
com.google.common.io.CharSource;0;0;0,036;0,012
com.google.common.cache.CacheBuilder$NullListener;0;0;0,019;0,005
com.google.common.collect.StandardTable$RowKeySet;0;0;0,02;0,006
com.google.common.collect.MapMakerInternalMap$WeakExpirableEvictableEntry;0;0;0,049;0,004
com.google.common.collect.FilteredEntryMultimap$AsMap;0;0;0,07;0,006
com.google.common.collect.SortedMultisetBridge;0;0;0,08;0,006
com.google.common.collect.MapMakerInternalMap$ExpirationQueue;0;1;0,054;0,008
com.google.common.collect.Synchronized$SynchronizedSet;0;1;0,063;0,008
com.google.common.primitives.UnsignedLongs;0;0;0,008;0,011
com.google.common.primitives.Shorts$LexicographicalComparator;0;0;0,001;0,007
com.google.common.collect.Tables$TransformedTable$3;0;0;0,02;0,004
com.google.common.collect.Tables$TransformedTable$2;0;0;0,02;0,004
com.google.common.io.LineReader;0;0;0,016;0,006
com.google.common.collect.Tables$TransformedTable$1;0;0;0,02;0,004
com.google.common.collect.RegularImmutableTable;0;0;0,024;0,008
com.google.common.primitives.UnsignedBytes$LexicographicalComparatorHolder$UnsafeComparator$1;0;0;0,003;0,005
com.google.common.util.concurrent.AbstractService$ListenerExecutorPair;0;0;0,025;0,019
com.google.common.collect.Multimaps$CustomListMultimap;0;0;0,062;0,004
com.google.common.collect.ImmutableMapEntrySet$EntrySetSerializedForm;0;0;0,071;0,006
com.google.common.math.IntMath$1;0;0;0,074;0,007
com.google.common.collect.Hashing;0;1;0,072;0,021
com.google.common.util.concurrent.CycleDetectingLockFactory$CycleDetectingReentrantLock;0;0;0,008;0,005
com.google.common.collect.Synchronized$SynchronizedSortedSetMultimap;0;0;0,059;0,005
com.google.common.collect.Multimaps$AsMap;0;0;0,01;0,007
com.google.common.collect.ImmutableRangeMap;0;0;0,009;0,005
com.google.common.collect.StandardTable$Column$Values$2;0;0;0,015;0,004
com.google.common.collect.SortedMultiset;1;0;0,116;0,012
com.google.common.collect.AbstractMapBasedMultiset$1$1;0;0;0,065;0,004
com.google.common.hash.AbstractNonStreamingHashFunction;0;0;0,003;0,004
com.google.common.collect.FluentIterable;1;0;0,113;0,036
com.google.common.collect.StandardTable$Column$Values$1;0;0;0,015;0,004
com.google.common.reflect.Element;0;0;0,006;0,006
com.google.common.collect.ImmutableMultimap$Builder$1;0;0;0,072;0,004
com.google.common.collect.DescendingImmutableSortedMultiset;0;0;0,01;0,004
com.google.common.hash.AbstractNonStreamingHashFunction$BufferingHasher;0;0;0,003;0,004
com.google.common.collect.MapMakerInternalMap$EntryFactory$5;0;0;0,049;0,004
com.google.common.collect.MapMakerInternalMap$EntryFactory$4;0;0;0,049;0,004
com.google.common.collect.MapMakerInternalMap$EntryFactory$7;0;0;0,049;0,004
com.google.common.collect.MapMakerInternalMap$EntryFactory$6;0;0;0,049;0,004
com.google.common.collect.MapMakerInternalMap$EntryFactory$1;0;0;0,049;0,004
com.google.common.math.DoubleMath$1;0;0;0,004;0,004
com.google.common.collect.MapMakerInternalMap$EntryFactory$3;0;0;0,049;0,004
com.google.common.collect.MapMakerInternalMap$EntryFactory$2;0;0;0,049;0,004
com.google.common.util.concurrent.CycleDetectingLockFactory$CycleDetectingReentrantReadLock;0;0;0,006;0,004
com.google.common.collect.ImmutableMultiset$EntrySetSerializedForm;0;0;0,082;0,004
com.google.common.collect.MapMakerInternalMap$EntryFactory$8;0;0;0,049;0,004
com.google.common.collect.RegularImmutableTable$1;0;0;0,02;0,007
com.google.common.cache.CacheBuilderSpec$IntegerParser;0;0;0,014;0,006
com.google.common.collect.SortedMapDifference;0;1;0,048;0,008
com.google.common.collect.RegularImmutableSet;0;0;0,047;0,011
com.google.common.collect.ForwardingSortedSet;0;0;0,07;0,012
com.google.common.collect.MapMaker$NullConcurrentMap;0;1;0,056;0,006
com.google.common.collect.ImmutableListMultimap;1;0;0,092;0,011
com.google.common.collect.AbstractMapBasedMultimap$WrappedSortedSet;0;1;0,054;0,008
com.google.common.util.concurrent.RateLimiter$1;0;0;0,006;0,007
com.google.common.cache.RemovalCause$4;0;0;0,007;0,016
com.google.common.cache.RemovalCause$5;0;0;0,007;0,016
com.google.common.hash.Hashing$ChecksumType;0;0;0,012;0,008
com.google.common.cache.RemovalCause$1;0;0;0,009;0,044
com.google.common.collect.ImmutableAsList;1;0;0,091;0,013
com.google.common.cache.RemovalCause$2;0;0;0,007;0,016
com.google.common.cache.RemovalCause$3;0;0;0,007;0,016
com.google.common.util.concurrent.AtomicDouble;0;0;0,0;0,004
com.google.common.collect.WellBehavedMap;0;0;0,012;0,008
com.google.common.collect.SingletonImmutableSet;0;0;0,047;0,011
com.google.common.collect.ImmutableList$SerializedForm;0;0;0,042;0,013
com.google.common.collect.MapMakerInternalMap$HashIterator;0;0;0,052;0,008
com.google.common.util.concurrent.ForwardingExecutorService;0;0;0,003;0,005
com.google.common.collect.MapMakerInternalMap$AbstractSerializationProxy;0;0;0,052;0,005
com.google.common.util.concurrent.AbstractListeningExecutorService;0;0;0,03;0,008
com.google.common.hash.PrimitiveSink;0;0;0,055;0,049
com.google.common.collect.FluentIterable$FromIterableFunction;0;0;0,0;0,004
com.google.common.collect.AbstractIterator;1;0;0,154;0,03
com.google.common.collect.StandardTable$TableCollection;0;0;0,019;0,006
com.google.common.base.Suppliers$MemoizingSupplier;0;0;0,02;0,004
com.google.common.collect.MutableClassToInstanceMap;0;0;0,002;0,005
com.google.common.util.concurrent.Futures;0;0;0,046;0,012
com.google.common.collect.TreeBasedTable$1;0;0;0,003;0,004
com.google.common.collect.TreeBasedTable$2;0;0;0,003;0,004
com.google.common.cache.RemovalListener;0;0;0,032;0,012
com.google.common.collect.MapMaker$RemovalNotification;0;1;0,064;0,024
com.google.common.base.Functions$PredicateFunction;0;0;0,006;0,004
com.google.common.util.concurrent.RateLimiter$SleepingTicker$1;0;0;0,003;0,008
com.google.common.collect.AbstractMapBasedMultimap$WrappedList;0;1;0,055;0,011
com.google.common.collect.ImmutableMapValues$SerializedForm;0;0;0,05;0,005
com.google.common.collect.Maps$TransformedEntriesSortedMap;0;1;0,048;0,008
com.google.common.util.concurrent.AbstractService;0;0;0,039;0,037
com.google.common.io.BaseEncoding$SeparatedBaseEncoding;0;0;0,015;0,004
com.google.common.collect.MapMakerInternalMap$WeakValueReference;0;0;0,056;0,004
com.google.common.collect.Synchronized$SynchronizedNavigableMap;0;0;0,059;0,005
com.google.common.collect.AbstractSetMultimap;0;0;0,077;0,008
com.google.common.collect.ImmutableTable$Builder;0;0;0,011;0,004
com.google.common.primitives.UnsignedLongs$LexicographicalComparator;0;0;0,003;0,006
com.google.common.util.concurrent.JdkFutureAdapters$ListenableFutureAdapter;0;0;0,005;0,006
com.google.common.io.GwtWorkarounds$CharOutput;0;0;0,033;0,016
com.google.common.io.ByteStreams$ByteArrayByteSource;0;0;0,017;0,004
com.google.common.collect.MapMakerInternalMap$Strength$2;0;0;0,057;0,005
com.google.common.collect.MapMakerInternalMap$Strength$1;0;0;0,057;0,005
com.google.common.collect.Multiset$Entry;1;0;0,223;0,195
com.google.common.base.Predicates$NotPredicate;0;0;0,069;0,005
com.google.common.math.BigIntegerMath;0;0;0,0;0,004
com.google.common.collect.MapMakerInternalMap$Strength$3;0;0;0,057;0,005
com.google.common.collect.AbstractMultiset$ElementSet;1;0;0,088;0,005
com.google.common.io.LimitInputStream;0;0;0,0;0,004
com.google.common.collect.SortedMultisets$NavigableElementSet;0;0;0,015;0,004
com.google.common.collect.TreeMultiset$Reference;0;0;0,009;0,004
com.google.common.collect.EnumHashBiMap;0;0;0,003;0,004
com.google.common.cache.LocalCache$WeakAccessEntry;0;0;0,017;0,004
com.google.common.collect.Constraints$NotNullConstraint;0;0;0,013;0,004
com.google.common.collect.ImmutableSortedSet$SerializedForm;0;0;0,068;0,005
com.google.common.collect.SortedMultisets;0;0;0,016;0,005
com.google.common.collect.Multimaps$MapMultimap;0;0;0,072;0,011
com.google.common.util.concurrent.FakeTimeLimiter;0;0;0,0;0,004
com.google.common.collect.ComparisonChain$InactiveComparisonChain;0;0;0,012;0,008
com.google.common.cache.LocalCache$AbstractReferenceEntry;0;0;0,021;0,006
com.google.common.cache.ForwardingCache$SimpleForwardingCache;0;0;0,0;0,004
com.google.common.collect.Cut$BelowAll;0;0;0,015;0,007
com.google.common.collect.ReverseNaturalOrdering;0;0;0,049;0,006
com.google.common.collect.MapConstraints$InverseConstraint;0;0;0,011;0,004
com.google.common.collect.HashBiMap$BiEntry;0;0;0,023;0,014
com.google.common.annotations.VisibleForTesting;0;0;0,0;0,004
com.google.common.io.CharStreams$6;0;0;0,013;0,004
com.google.common.io.CharStreams$4;0;0;0,013;0,004
com.google.common.io.CharStreams$5;0;0;0,013;0,004
com.google.common.cache.AbstractLoadingCache;0;0;0,0;0,004
com.google.common.collect.AbstractMapBasedMultimap$AsMap$AsMapEntries;0;0;0,049;0,006
com.google.common.collect.MapMaker$NullComputingConcurrentMap;0;0;0,054;0,005
com.google.common.reflect.MutableTypeToInstanceMap;0;0;0,0;0,004
com.google.common.collect.ComputingConcurrentHashMap;0;0;0,054;0,004
com.google.common.collect.ImmutableRangeMap$2;0;0;0,004;0,004
com.google.common.hash.Murmur3_128HashFunction$Murmur3_128Hasher;0;0;0,008;0,005
com.google.common.collect.Multisets$MultisetIteratorImpl;1;0;0,083;0,005
com.google.common.collect.ImmutableRangeMap$1;0;0;0,004;0,004
com.google.common.collect.AbstractNavigableMap$DescendingMap;0;0;0,053;0,005
com.google.common.base.FinalizableReferenceQueue$DirectLoader;0;0;0,004;0,006
com.google.common.collect.ImmutableSortedMap$1;0;0;0,057;0,004
com.google.common.collect.RowSortedTable;0;0;0,031;0,006
com.google.common.collect.Iterables$UnmodifiableIterable;0;0;0,071;0,005
com.google.common.collect.Maps$UnmodifiableBiMap;0;0;0,046;0,006
com.google.common.collect.AbstractMapEntry;1;0;0,132;0,061
com.google.common.collect.Sets$PowerSet;0;1;0,06;0,01
com.google.common.collect.ImmutableRangeSet$ComplementRanges;0;0;0,011;0,004
com.google.common.io.CharStreams$2;0;0;0,014;0,004
com.google.common.io.CharStreams$3;0;0;0,013;0,004
com.google.common.io.CharStreams$1;0;0;0,016;0,005
com.google.common.collect.GeneralRange;0;0;0,014;0,005
com.google.common.collect.ImmutableRangeSet$SerializedForm;0;0;0,011;0,004
com.google.common.collect.Iterables$10;0;1;0,073;0,011
com.google.common.collect.Iterables$11;0;0;0,071;0,005
com.google.common.collect.Iterables$12;0;0;0,071;0,005
com.google.common.collect.Iterables$13;0;0;0,071;0,005
com.google.common.collect.Iterables$14;0;0;0,071;0,005
com.google.common.util.concurrent.RateLimiter;0;0;0,005;0,006
com.google.common.collect.Iterables$15;0;0;0,071;0,005
com.google.common.hash.Murmur3_32HashFunction;0;0;0,01;0,005
com.google.common.collect.Lists;1;0;0,232;0,094
com.google.common.reflect.Types;0;0;0,027;0,02
com.google.common.collect.RegularImmutableTable$DenseImmutableTable$RowMap;0;0;0,01;0,004
com.google.common.util.concurrent.ForwardingService;0;0;0,0;0,004
com.google.common.io.PatternFilenameFilter;0;0;0,0;0,004
com.google.common.collect.Multimaps$MapMultimap$AsMapEntries$1;0;0;0,056;0,006
com.google.common.io.CharStreams$StringCharSource$1$1;0;0;0,011;0,006
com.google.common.util.concurrent.Futures$ImmediateFuture;0;0;0,038;0,01
com.google.common.collect.Interners$WeakInterner$Dummy;0;0;0,004;0,004
com.google.common.collect.ComputingConcurrentHashMap$ComputingSegment;0;0;0,054;0,004
com.google.common.base.Predicates$CompositionPredicate;0;0;0,069;0,005
com.google.common.collect.Multimaps$ValueFunction;0;0;0,061;0,004
com.google.common.collect.MapConstraints$ConstrainedAsMapEntries$1;0;0;0,009;0,005
com.google.common.collect.MapMaker$ComputingMapAdapter;0;0;0,054;0,005
com.google.common.util.concurrent.AbstractScheduledService$CustomScheduler$Schedule;0;0;0,005;0,005
com.google.common.collect.AbstractSortedMultiset$1;0;0;0,01;0,004
com.google.common.io.Files$FileByteSink;0;0;0,003;0,004
com.google.common.collect.Tables;0;0;0,049;0,01
com.google.common.cache.RemovalListeners$1$1;0;0;0,003;0,005
com.google.common.util.concurrent.ListenableFutureTask;0;0;0,026;0,005
com.google.common.cache.RemovalListeners$1;0;0;0,005;0,006
com.google.common.collect.RegularImmutableTable$ImmutableArrayMap$2;0;0;0,011;0,006
com.google.common.collect.RegularImmutableTable$ImmutableArrayMap$1;0;0;0,011;0,007
com.google.common.cache.LocalCache$WeightedWeakValueReference;0;0;0,018;0,004
com.google.common.collect.TreeRangeSet$SubRangeSetRangesByLowerBound;0;0;0,017;0,005
com.google.common.collect.TransformedListIterator;0;0;0,065;0,008
com.google.common.io.LittleEndianDataInputStream;0;0;0,0;0,004
com.google.common.collect.Lists$ReverseList;0;1;0,061;0,017
com.google.common.util.concurrent.ServiceManager$ServiceManagerState$4$1;0;0;0,007;0,005
com.google.common.base.Equivalence$EquivalentToPredicate;0;0;0,053;0,008
com.google.common.collect.AbstractIterator$State;0;1;0,066;0,018
com.google.common.collect.Multimaps$Values;0;0;0,074;0,005
com.google.common.collect.ImmutableMultimap$EntryCollection;0;0;0,072;0,004
com.google.common.collect.Lists$StringAsImmutableList;0;0;0,059;0,007
com.google.common.cache.CacheLoader$FunctionToCacheLoader;0;0;0,02;0,005
com.google.common.cache.LocalCache$WeightedSoftValueReference;0;0;0,018;0,004
com.google.common.collect.Multimaps$Entries;1;0;0,084;0,007
com.google.common.collect.Multimaps$AsMap$EntrySet;0;0;0,007;0,006
com.google.common.collect.Interners$InternerFunction;0;0;0,003;0,004
com.google.common.collect.AbstractBiMap$Inverse;0;0;0,006;0,005
com.google.common.util.concurrent.UncheckedExecutionException;0;0;0,047;0,007
com.google.common.collect.Multisets$4$1;0;0;0,079;0,004
com.google.common.cache.CacheBuilderSpec$MaximumSizeParser;0;0;0,011;0,005
com.google.common.cache.LocalCache$StrongEntry;0;0;0,026;0,008
com.google.common.util.concurrent.Striped;0;0;0,005;0,005
com.google.common.collect.MapMakerInternalMap$ReferenceEntry;1;0;0,142;0,363
com.google.common.collect.Synchronized$SynchronizedAsMapEntries$1;0;0;0,057;0,006
com.google.common.util.concurrent.Futures$CombinedFuture$1;0;0;0,028;0,004
com.google.common.io.NullOutputStream;0;0;0,0;0,004
com.google.common.collect.Multimaps$UnmodifiableSortedSetMultimap;0;0;0,062;0,004
com.google.common.collect.MapMakerInternalMap$StrongEntry;0;0;0,058;0,008
com.google.common.collect.Multimaps$CustomSetMultimap;0;0;0,062;0,004
com.google.common.util.concurrent.Futures$CombinedFuture$2;0;0;0,028;0,004
com.google.common.util.concurrent.ForwardingCheckedFuture;0;0;0,003;0,004
com.google.common.collect.NaturalOrdering;0;1;0,052;0,01
com.google.common.cache.Cache;0;0;0,039;0,012
com.google.common.collect.LinkedListMultimap$Node;0;0;0,021;0,023
com.google.common.collect.ListMultimap;1;0;0,11;0,013
com.google.common.collect.WellBehavedMap$EntrySet$1;0;0;0,005;0,007
com.google.common.collect.AbstractBiMap$EntrySet$1$1;0;0;0,006;0,005
com.google.common.collect.Maps$NavigableKeySet;0;0;0,063;0,01
com.google.common.net.HttpHeaders;0;0;0,0;0,004
com.google.common.reflect.ClassPath$ClassInfo;0;0;0,004;0,006
com.google.common.util.concurrent.CycleDetectingLockFactory$WithExplicitOrdering;0;0;0,007;0,004
com.google.common.primitives.ParseRequest;0;0;0,012;0,009
com.google.common.cache.CacheBuilder$OneWeigher;0;0;0,023;0,005
com.google.common.collect.Multimaps$TransformedEntriesListMultimap;0;0;0,065;0,005
com.google.common.primitives.Longs;0;0;0,024;0,025
com.google.common.collect.ForwardingListIterator;0;0;0,013;0,005
com.google.common.collect.MapConstraints$NotNullMapConstraint;0;0;0,011;0,004
com.google.common.collect.ImmutableBiMap$SerializedForm;0;0;0,06;0,005
com.google.common.collect.Multimaps$UnmodifiableSetMultimap;0;0;0,064;0,005
com.google.common.cache.CacheBuilderSpec$1;0;0;0,012;0,005
com.google.common.util.concurrent.ListeningExecutorService;0;0;0,063;0,019
com.google.common.collect.Maps$FilteredEntryMap;0;1;0,056;0,013
com.google.common.collect.Synchronized$SynchronizedMultiset;0;0;0,059;0,005
com.google.common.collect.TreeRangeMap$SubRangeMap$SubRangeMapAsMap$1;0;0;0,009;0,004
com.google.common.io.FileBackedOutputStream$2;0;0;0,002;0,006
com.google.common.collect.TreeRangeMap$SubRangeMap$SubRangeMapAsMap$2;0;0;0,011;0,004
com.google.common.io.FileBackedOutputStream$1;0;0;0,004;0,011
com.google.common.collect.TreeRangeMap$SubRangeMap$SubRangeMapAsMap$3;0;0;0,009;0,004
com.google.common.base.Splitter$3$1;0;0;0,014;0,006
com.google.common.base.Stopwatch$1;0;0;0,02;0,005
com.google.common.collect.Synchronized$SynchronizedCollection;0;1;0,069;0,015
com.google.common.collect.Multimaps$UnmodifiableAsMapValues$1;0;0;0,056;0,006
com.google.common.collect.Serialization$FieldSetter;1;0;0,109;0,011
com.google.common.collect.Maps$UnmodifiableEntrySet;0;0;0,046;0,006
com.google.common.base.CaseFormat$1;0;0;0,01;0,009
com.google.common.hash.HashCode;0;0;0,073;0,034
com.google.common.base.CaseFormat$2;0;0;0,004;0,005
com.google.common.base.CaseFormat$3;0;0;0,004;0,005
com.google.common.base.CaseFormat$4;0;0;0,004;0,005
com.google.common.base.CaseFormat$5;0;0;0,004;0,005
com.google.common.collect.Sets$FilteredNavigableSet;0;0;0,057;0,007
com.google.common.collect.UnmodifiableSortedMultiset;1;0;0,083;0,005
com.google.common.hash.ChecksumHashFunction$ChecksumHasher;0;0;0,008;0,004
com.google.common.collect.MapMakerInternalMap$WriteThroughEntry;0;0;0,053;0,01
com.google.common.collect.ConcurrentHashMultiset;0;0;0,013;0,008
com.google.common.collect.ForwardingQueue;0;0;0,006;0,012
com.google.common.io.GwtWorkarounds;0;0;0,016;0,004
com.google.common.collect.AbstractMapBasedMultimap$WrappedSet;0;0;0,052;0,008
com.google.common.util.concurrent.MoreExecutors$ScheduledListeningDecorator;0;0;0,029;0,005
com.google.common.collect.EmptyContiguousSet$SerializedForm;0;0;0,016;0,004
com.google.common.collect.ForwardingMultiset;1;0;0,095;0,007
com.google.common.collect.ImmutableRangeSet$AsSet$2;0;0;0,011;0,004
com.google.common.util.concurrent.ForwardingCheckedFuture$SimpleForwardingCheckedFuture;0;0;0,0;0,004
com.google.common.collect.ImmutableRangeSet$AsSet$1;0;0;0,011;0,004
com.google.common.collect.ImmutableMultiset$EntrySet;1;0;0,094;0,005
com.google.common.collect.TreeMultimap;0;0;0,0;0,004
com.google.common.hash.Funnels$LongFunnel;0;0;0,016;0,004
com.google.common.base.Splitter;0;0;0,052;0,046
com.google.common.collect.LinkedListMultimap$5$1;0;0;0,007;0,005
com.google.common.collect.Maps$8;0;0;0,046;0,006
com.google.common.collect.ArrayTable$Column;0;0;0,008;0,005
com.google.common.collect.Maps$9;0;0;0,046;0,006
com.google.common.collect.Maps$6;0;0;0,046;0,006
com.google.common.collect.Maps$7;0;0;0,046;0,006
com.google.common.util.concurrent.MoreExecutors$1;0;0;0,032;0,007
com.google.common.collect.ComparatorOrdering;0;0;0,05;0,008
com.google.common.collect.ArrayTable$CellSet$1$1;0;0;0,006;0,005
com.google.common.collect.Maps$1;0;1;0,057;0,018
com.google.common.collect.Maps$4;0;0;0,046;0,006
com.google.common.collect.MapMakerInternalMap$AbstractReferenceEntry;0;0;0,051;0,006
com.google.common.collect.Maps$5;0;0;0,046;0,006
com.google.common.collect.Maps$2;0;0;0,046;0,006
com.google.common.collect.Maps$3;0;0;0,046;0,006
com.google.common.collect.ImmutableSortedMultiset$Builder;0;0;0,012;0,006
com.google.common.reflect.Invokable$MethodInvokable;0;0;0,01;0,014
com.google.common.collect.Queues;0;0;0,035;0,007
com.google.common.hash.AbstractHasher;0;0;0,02;0,006
com.google.common.reflect.TypeResolver;0;0;0,012;0,008
com.google.common.base.Optional$1$1;0;0;0,062;0,012
com.google.common.collect.Ordering$ArbitraryOrdering;0;0;0,051;0,009
com.google.common.primitives.Doubles$DoubleArrayAsList;0;0;0,002;0,008
com.google.common.collect.SortedLists$KeyAbsentBehavior$2;0;0;0,07;0,007
com.google.common.eventbus.EventBus$1;0;0;0,004;0,004
com.google.common.collect.SortedLists$KeyAbsentBehavior$1;0;0;0,07;0,007
com.google.common.eventbus.EventBus$2;0;0;0,003;0,004
com.google.common.collect.Tables$1;0;0;0,024;0,004
com.google.common.eventbus.EventBus$3;0;0;0,003;0,004
com.google.common.util.concurrent.ServiceManager;0;0;0,011;0,01
com.google.common.collect.SortedLists$KeyAbsentBehavior$3;0;0;0,07;0,007
com.google.common.collect.StandardRowSortedTable$1;0;0;0,01;0,006
com.google.common.cache.LocalCache$LoadingSerializationProxy;0;0;0,019;0,004
com.google.common.reflect.TypeToken$TypeFilter;0;0;0,019;0,008
com.google.common.collect.Multimap;1;0;0,235;0,093
com.google.common.io.CharSink;0;0;0,033;0,013
com.google.common.collect.AbstractMapBasedMultiset$MapBasedMultisetIterator;0;0;0,068;0,004
com.google.common.collect.Multimaps$3;0;0;0,062;0,004
com.google.common.collect.ForwardingConcurrentMap;0;0;0,049;0,004
com.google.common.util.concurrent.CycleDetectingLockFactory$LockGraphNode;0;0;0,017;0,036
com.google.common.base.Suppliers$SupplierComposition;0;0;0,02;0,004
com.google.common.io.GwtWorkarounds$CharInput;0;0;0,033;0,014
com.google.common.collect.Tables$TransposeTable;0;0;0,025;0,005
com.google.common.hash.AbstractStreamingHashFunction$AbstractStreamingHasher;0;0;0,011;0,005
com.google.common.base.CharMatcher$Or;0;0;0,025;0,011
com.google.common.collect.Multimaps$2;0;0;0,062;0,004
com.google.common.collect.Multimaps$1;0;0;0,061;0,004
com.google.common.util.concurrent.MoreExecutors$Application$1;0;0;0,025;0,007
com.google.common.io.FileBackedOutputStream$MemoryOutput;0;0;0,002;0,006
com.google.common.collect.ForwardingNavigableMap$StandardDescendingMap;0;0;0,002;0,006
com.google.common.util.concurrent.SimpleTimeLimiter$1;0;0;0,003;0,008
com.google.common.util.concurrent.CycleDetectingLockFactory$1;0;0;0,019;0,022
com.google.common.collect.CartesianList$1;0;0;0,06;0,005
com.google.common.collect.Synchronized$SynchronizedRandomAccessList;0;0;0,059;0,005
com.google.common.base.FinalizableWeakReference;0;0;0,0;0,004
com.google.common.base.internal.Finalizer;0;0;0,0;0,004
com.google.common.collect.RegularImmutableTable$ImmutableArrayMap;0;0;0,024;0,012
com.google.common.collect.RegularImmutableBiMap;0;0;0,068;0,007
com.google.common.io.ByteSink;0;0;0,037;0,012
com.google.common.util.concurrent.CycleDetectingLockFactory$ExampleStackTrace;0;0;0,005;0,014
com.google.common.collect.ImmutableBiMap$Builder;0;0;0,061;0,006
com.google.common.collect.StandardTable$Column$KeySet$1;0;0;0,015;0,004
com.google.common.hash.AbstractNonStreamingHashFunction$ExposedByteArrayOutputStream;0;0;0,004;0,004
com.google.common.collect.HashBiMap$KeySet;0;0;0,008;0,006
com.google.common.collect.StandardTable$Row$RowEntrySet$1$1;0;0;0,014;0,005
com.google.common.hash.BloomFilterStrategies$BitArray;0;0;0,01;0,008
com.google.common.util.concurrent.AbstractService$3$1;0;0;0,008;0,005
com.google.common.collect.RegularImmutableTable$CellSet;0;0;0,015;0,005
com.google.common.collect.Maps$TransformedEntriesMap;0;1;0,053;0,015
com.google.common.collect.TreeRangeSet$AsRanges;0;0;0,011;0,004
com.google.common.primitives.Chars;0;0;0,003;0,013
com.google.common.cache.LongAdder;0;0;0,021;0,006
com.google.common.collect.WellBehavedMap$1;0;0;0,007;0,008
com.google.common.hash.MessageDigestHashFunction;0;0;0,01;0,006
com.google.common.cache.LocalCache$StrongAccessEntry;0;0;0,017;0,004
com.google.common.collect.Count;0;1;0,074;0,008
com.google.common.collect.RegularImmutableTable$DenseImmutableTable$Row;0;0;0,012;0,005
com.google.common.collect.StandardTable$ColumnMap$ColumnMapEntrySet;0;0;0,018;0,006
com.google.common.cache.LocalCache$LocalManualCache$1;0;0;0,017;0,004
com.google.common.util.concurrent.Callables;0;0;0,0;0,004
com.google.common.io.ByteStreams$ByteArrayDataInputStream;0;0;0,017;0,004
com.google.common.net.HostAndPort;0;0;0,003;0,004
com.google.common.collect.TreeBasedTable;0;0;0,008;0,008
com.google.common.collect.MapConstraints$ConstrainedBiMap;0;0;0,01;0,004
com.google.common.base.Equivalence$Wrapper;0;0;0,053;0,008
com.google.common.util.concurrent.Monitor;0;0;0,015;0,011
com.google.common.collect.EmptyImmutableList;0;0;0,042;0,013
com.google.common.base.CharMatcher$FastMatcher;0;0;0,034;0,054
com.google.common.collect.MapMakerInternalMap$ValueReference;1;0;0,092;0,348
com.google.common.collect.EmptyImmutableSetMultimap;0;0;0,066;0,004
com.google.common.collect.HashBiMap$EntrySet;0;0;0,01;0,006
com.google.common.base.Predicates$IsEqualToPredicate;0;0;0,069;0,005
com.google.common.collect.ImmutableCollection;1;0;0,2;0,094
com.google.common.cache.LocalCache$ManualSerializationProxy;0;0;0,02;0,005
com.google.common.hash.BloomFilterStrategies;0;0;0,006;0,005
com.google.common.collect.MapMakerInternalMap$WeakExpirableEntry;0;0;0,049;0,004
com.google.common.io.BaseEncoding$5;0;0;0,016;0,004
com.google.common.io.BaseEncoding$6;0;0;0,016;0,004
com.google.common.io.BaseEncoding$3;0;0;0,015;0,004
com.google.common.io.BaseEncoding$4;0;0;0,015;0,004
com.google.common.collect.ImmutableCollection$Builder;1;0;0,089;0,013
com.google.common.io.BaseEncoding$1;0;0;0,015;0,004
com.google.common.io.BaseEncoding$2;0;0;0,015;0,004
com.google.common.annotations.GwtIncompatible;0;0;0,0;0,004
com.google.common.collect.TreeRangeMap$1;0;0;0,012;0,005
com.google.common.collect.CartesianList;0;1;0,066;0,01
com.google.common.collect.Maps$FilteredKeyMap;0;0;0,046;0,006
com.google.common.util.concurrent.CycleDetectingLockFactory$PotentialDeadlockException;0;0;0,011;0,022
com.google.common.collect.Maps$KeyPredicate;0;0;0,046;0,006
com.google.common.util.concurrent.AbstractScheduledService$Scheduler;0;0;0,013;0,01
com.google.common.util.concurrent.ListenableFuture;1;0;0,124;0,098
com.google.common.collect.ImmutableEnumSet$EnumSerializedForm;0;0;0,056;0,006
com.google.common.util.concurrent.JdkFutureAdapters;0;0;0,0;0,004
com.google.common.collect.ImmutableList;1;0;0,355;0,172
com.google.common.collect.ImmutableRangeSet$AsSet;0;0;0,015;0,005
com.google.common.io.Flushables;0;0;0,0;0,004
com.google.common.collect.Iterables$10$1;0;0;0,066;0,007
com.google.common.collect.SortedMultisets$ElementSet;0;0;0,013;0,004
com.google.common.collect.MapConstraints$ConstrainedEntries;0;0;0,014;0,006
com.google.common.hash.BloomFilter;0;0;0,003;0,004
com.google.common.cache.LongAddable;0;0;0,029;0,011
com.google.common.collect.MapMaker$RemovalListener;0;1;0,074;0,015
com.google.common.util.concurrent.Callables$1;0;0;0,003;0,007
com.google.common.hash.Hashing$ConcatenatedHashFunction;0;0;0,008;0,004
com.google.common.collect.ImmutableRangeMap$Builder;0;0;0,004;0,004
com.google.common.io.LineProcessor;0;0;0,018;0,005
com.google.common.collect.RegularImmutableMultiset$EntrySet$1;0;0;0,073;0,004
com.google.common.collect.MapMakerInternalMap;1;0;0,126;0,048
com.google.common.collect.Multisets$ElementSet$1;0;0;0,078;0,006
com.google.common.collect.HashBiMap$Inverse$1$1$InverseEntry;0;0;0,006;0,004
com.google.common.collect.Maps$UnmodifiableEntries;0;0;0,062;0,008
com.google.common.collect.BoundType$2;0;0;0,033;0,073
com.google.common.collect.BoundType$1;0;1;0,033;0,104
com.google.common.io.Closer$Suppressor;0;0;0,018;0,012
com.google.common.collect.Collections2$FilteredCollection$2;0;0;0,056;0,005
com.google.common.collect.RegularImmutableSortedMultiset;0;0;0,012;0,005
com.google.common.collect.AbstractMapBasedMultimap$WrappedCollection;0;1;0,064;0,026
com.google.common.collect.Collections2$FilteredCollection$1;0;0;0,056;0,005
com.google.common.io.GwtWorkarounds$ByteInput;0;0;0,027;0,007
com.google.common.reflect.ClassPath;0;0;0,003;0,005
com.google.common.util.concurrent.CycleDetectingLockFactory$OrderedLockGraphNodesCreator;0;0;0,007;0,004
com.google.common.collect.LinkedHashMultimap;0;0;0,008;0,006
com.google.common.collect.Synchronized$SynchronizedList;0;1;0,061;0,009
com.google.common.base.FinalizableReferenceQueue$FinalizerLoader;0;0;0,008;0,016
com.google.common.cache.AbstractCache;0;0;0,003;0,004
com.google.common.util.concurrent.AbstractService$Transition;0;0;0,009;0,006
com.google.common.collect.StandardTable$TableSet;0;0;0,027;0,008
com.google.common.collect.LexicographicalOrdering;0;0;0,05;0,008
com.google.common.collect.Multisets$5;1;0;0,083;0,005
com.google.common.collect.StandardTable$Row;0;0;0,025;0,011
com.google.common.collect.Multisets$3;1;0;0,085;0,005
com.google.common.hash.Funnels$StringFunnel;0;0;0,016;0,004
com.google.common.collect.Multisets$4;1;0;0,085;0,005
com.google.common.collect.Multisets$1;1;0;0,085;0,005
com.google.common.cache.CacheStats;0;0;0,04;0,021
com.google.common.collect.Multisets$2;1;0;0,085;0,005
com.google.common.collect.Iterables;1;0;0,181;0,056
com.google.common.collect.LinkedListMultimap$1;0;0;0,014;0,008
com.google.common.collect.LinkedListMultimap$2;0;0;0,007;0,005
com.google.common.collect.GenericMapMaker$NullListener;0;1;0,056;0,007
com.google.common.io.CountingOutputStream;0;0;0,0;0,004
com.google.common.collect.LinkedListMultimap$3;0;0;0,008;0,006
com.google.common.collect.LinkedListMultimap$4;0;0;0,007;0,005
com.google.common.collect.LinkedListMultimap$5;0;0;0,008;0,006
com.google.common.collect.LinkedListMultimap$6;0;0;0,01;0,007
com.google.common.cache.CacheLoader$SupplierToCacheLoader;0;0;0,02;0,005
com.google.common.util.concurrent.ThreadFactoryBuilder$1;0;0;0,03;0,006
com.google.common.collect.HashBiMap$Itr;0;0;0,016;0,007
com.google.common.collect.ImmutableMap$1MapViewOfValuesAsSingletonSets$1$1;0;0;0,051;0,006
com.google.common.util.concurrent.Futures$ImmediateCancelledFuture;0;0;0,029;0,004
com.google.common.collect.ObjectArrays;1;0;0,109;0,067
com.google.common.collect.LinkedListMultimap$MultisetView;0;0;0,013;0,008
com.google.common.collect.Constraints$ConstrainedSet;0;0;0,012;0,004
com.google.common.util.concurrent.Monitor$Guard;0;0;0,012;0,01
com.google.common.io.OutputSupplier;0;0;0,036;0,013
com.google.common.collect.Constraints$ConstrainedSortedSet;0;0;0,012;0,004
com.google.common.collect.SortedIterable;1;0;0,091;0,01
com.google.common.collect.StandardTable$CellSet;0;0;0,016;0,005
com.google.common.collect.RangeMap;0;0;0,021;0,008
com.google.common.collect.UnmodifiableIterator;1;0;0,288;0,234
com.google.common.io.ByteSource$AsCharSource;0;0;0,015;0,004
com.google.common.base.Functions$SupplierFunction;0;0;0,006;0,004
com.google.common.collect.ImmutableSortedMultiset;0;0;0,019;0,007
com.google.common.io.InputSupplier;0;0;0,053;0,031
com.google.common.collect.Maps$EntryFunction$2;0;0;0,045;0,006
com.google.common.collect.Maps$EntryFunction$1;0;0;0,045;0,006
com.google.common.io.BaseEncoding$StandardBaseEncoding$2;0;0;0,014;0,004
com.google.common.io.BaseEncoding$StandardBaseEncoding$1;0;0;0,014;0,004
com.google.common.io.AppendableWriter;0;0;0,014;0,004
com.google.common.util.concurrent.Futures$ImmediateSuccessfulCheckedFuture;0;0;0,029;0,004
com.google.common.collect.HashMultiset;0;0;0,058;0,008
com.google.common.cache.CacheBuilderSpec$ValueParser;0;0;0,019;0,013
com.google.common.base.SmallCharMatcher;0;0;0,025;0,011
com.google.common.base.CharMatcher$RangesMatcher;0;0;0,025;0,011
com.google.common.collect.SingletonImmutableList;0;1;0,044;0,014
com.google.common.base.Predicates$AndPredicate;0;0;0,069;0,005
com.google.common.collect.MapMakerInternalMap$SoftEvictableEntry;0;0;0,0;0,004
com.google.common.collect.ImmutableMultimap$Keys$KeysEntrySet$1;0;0;0,068;0,004
com.google.common.primitives.Floats;0;0;0,004;0,011
com.google.common.reflect.TypeToken$TypeCollector$1;0;0;0,011;0,005
com.google.common.collect.MinMaxPriorityQueue$QueueIterator;0;0;0,004;0,004
com.google.common.collect.ForwardingMap;1;0;0,113;0,03
com.google.common.collect.ForwardingListMultimap;0;0;0,0;0,004
com.google.common.collect.ExplicitOrdering;0;0;0,05;0,008
com.google.common.io.LittleEndianDataOutputStream;0;0;0,0;0,004
com.google.common.reflect.TypeToken$TypeCollector$3;0;0;0,011;0,005
com.google.common.reflect.TypeToken$TypeCollector$2;0;0;0,011;0,005
com.google.common.collect.MapMakerInternalMap$ExpirationQueue$1;0;0;0,048;0,005
com.google.common.reflect.TypeToken$TypeCollector$4;0;0;0,012;0,005
com.google.common.collect.MapMakerInternalMap$ExpirationQueue$2;0;0;0,048;0,005
com.google.common.util.concurrent.MoreExecutors$SameThreadExecutorService;0;0;0,029;0,005
com.google.common.cache.LocalCache$Strength;0;0;0,039;0,016
com.google.common.collect.MapMakerInternalMap$CleanupMapTask;0;0;0,0;0,004
com.google.common.hash.Murmur3_128HashFunction;0;0;0,008;0,004
com.google.common.util.concurrent.AtomicDoubleArray;0;0;0,0;0,004
com.google.common.collect.Synchronized$SynchronizedListMultimap;0;0;0,059;0,005
com.google.common.collect.ImmutableRangeSet$AsSetSerializedForm;0;0;0,011;0,004
com.google.common.hash.AbstractByteHasher;0;0;0,012;0,005
com.google.common.collect.Tables$AbstractCell;0;0;0,03;0,008
com.google.common.base.CaseFormat;0;0;0,01;0,011
com.google.common.collect.Interners;0;0;0,0;0,004
com.google.common.primitives.Floats$LexicographicalComparator;0;0;0,002;0,006
com.google.common.cache.LocalCache$ValueIterator;0;0;0,013;0,005
com.google.common.primitives.Ints;1;0;0,154;0,061
com.google.common.annotations.Beta;0;0;0,0;0,004
com.google.common.collect.MapMakerInternalMap$SoftEntry;0;0;0,009;0,007
com.google.common.primitives.Primitives;0;0;0,007;0,005
com.google.common.base.Splitter$SplittingIterator;0;0;0,025;0,017
com.google.common.collect.RegularImmutableSortedMap$1;0;0;0,061;0,005
com.google.common.collect.Synchronized$SynchronizedAsMapValues;0;0;0,06;0,006
com.google.common.base.Predicates$InPredicate;0;0;0,069;0,005
com.google.common.collect.MapMakerInternalMap$EntrySet;0;0;0,047;0,006
com.google.common.collect.Maps$MapDifferenceImpl;0;1;0,048;0,008
com.google.common.net.MediaType$2;0;0;0,003;0,004
com.google.common.collect.LinkedHashMultimap$ValueSetLink;0;0;0,01;0,008
com.google.common.collect.Multisets$1$1;0;0;0,079;0,004
com.google.common.primitives.UnsignedInteger;0;0;0,0;0,004
com.google.common.collect.Multisets$FilteredMultiset;1;0;0,085;0,006
com.google.common.base.Splitter$MapSplitter;0;0;0,015;0,008
com.google.common.cache.Weigher;0;0;0,029;0,011
com.google.common.collect.ComputingConcurrentHashMap$ComputationExceptionReference;0;0;0,053;0,004
com.google.common.primitives.UnsignedBytes$LexicographicalComparatorHolder;0;0;0,004;0,01
com.google.common.collect.TreeRangeSet$RangesByUpperBound;0;0;0,023;0,006
com.google.common.collect.HashBiMap$Inverse;0;0;0,015;0,009
com.google.common.collect.ForwardingMap$StandardKeySet;0;0;0,0;0,004
com.google.common.collect.Iterators$10;0;0;0,047;0,008
com.google.common.cache.LocalCache$StrongAccessWriteEntry;0;0;0,017;0,004
com.google.common.collect.Iterators$12;0;0;0,047;0,008
com.google.common.collect.Iterators$11;0;0;0,047;0,008
com.google.common.collect.MapConstraint;0;0;0,049;0,027
com.google.common.base.Predicate;1;0;0,252;0,138
com.google.common.collect.ImmutableSetMultimap$BuilderMultimap;0;0;0,065;0,004
com.google.common.collect.Lists$CharSequenceAsList;0;0;0,059;0,007
com.google.common.cache.LocalCache$KeyIterator;0;0;0,013;0,005
com.google.common.collect.Ranges;0;0;0,0;0,004
com.google.common.net.InetAddresses$TeredoInfo;0;0;0,003;0,004
com.google.common.collect.Iterators$14;0;0;0,047;0,008
com.google.common.collect.Iterators$13;0;0;0,047;0,008
com.google.common.collect.Iterators$15;0;0;0,047;0,008
com.google.common.hash.AbstractStreamingHashFunction;0;0;0,022;0,008
com.google.common.cache.LocalCache;0;0;0,078;0,044
com.google.common.cache.LongAddables$PureJavaLongAddable;0;0;0,017;0,004
com.google.common.collect.ArrayTable$1;0;0;0,02;0,012
com.google.common.math.MathPreconditions;0;1;0,081;0,01
com.google.common.util.concurrent.Futures$FallbackFuture$1$1;0;0;0,025;0,004
com.google.common.collect.ImmutableMultimap;1;0;0,103;0,015
com.google.common.eventbus.SynchronizedEventHandler;0;0;0,006;0,004
com.google.common.collect.HashBiMap$InverseSerializedForm;0;0;0,007;0,005
com.google.common.collect.FilteredEntryMultimap$Keys$1;0;0;0,063;0,005
com.google.common.collect.ImmutableSortedSet;1;0;0,144;0,036
com.google.common.base.Charsets;0;0;0,004;0,004
com.google.common.util.concurrent.AbstractExecutionThreadService$1$1;0;0;0,003;0,005
com.google.common.collect.ImmutableRangeSet$Builder;0;0;0,011;0,004
com.google.common.hash.Hashing$LinearCongruentialGenerator;0;0;0,008;0,004
com.google.common.collect.Multimaps$Keys;1;0;0,093;0,009
com.google.common.base.Joiner$MapJoiner;0;1;0,068;0,016
com.google.common.cache.ForwardingLoadingCache$SimpleForwardingLoadingCache;0;0;0,0;0,004
com.google.common.collect.AbstractMultiset$EntrySet;1;0;0,092;0,006
com.google.common.collect.ImmutableMultimap$BuilderMultimap;0;0;0,073;0,004
com.google.common.base.Predicates$OrPredicate;0;0;0,069;0,005
com.google.common.collect.RegularImmutableSortedMap;0;0;0,066;0,006
com.google.common.base.Objects$1;0;1;0,049;0,082
com.google.common.base.Optional$1;0;1;0,067;0,01
com.google.common.base.Splitter$4$1;0;0;0,014;0,006
com.google.common.collect.Multimaps$MapMultimap$AsMapEntries$1$1;0;0;0,053;0,005
com.google.common.base.Objects;1;0;0,271;0,157
com.google.common.collect.SortedSetMultimap;1;0;0,091;0,011
com.google.common.util.concurrent.Striped$LazyStriped;0;0;0,004;0,004
com.google.common.collect.ImmutableList$ReverseImmutableList$1;0;0;0,04;0,006
com.google.common.collect.ImmutableSortedAsList;0;0;0,078;0,004
com.google.common.collect.TreeRangeSet$SubRangeSetRangesByLowerBound$2;0;0;0,011;0,004
com.google.common.collect.TreeRangeSet$SubRangeSetRangesByLowerBound$1;0;0;0,011;0,004
com.google.common.collect.RegularImmutableTable$DenseImmutableTable$ColumnMap;0;0;0,01;0,004
com.google.common.collect.AbstractBiMap$KeySet;0;0;0,006;0,005
com.google.common.collect.Maps$SortedMapDifferenceImpl;0;0;0,046;0,006
com.google.common.hash.HashCodes$LongHashCode;0;0;0,013;0,005
com.google.common.collect.Constraints$ConstrainedList;0;0;0,014;0,006
com.google.common.collect.Maps$EntrySet;1;0;0,119;0,027
com.google.common.util.concurrent.MoreExecutors;0;0;0,06;0,02
com.google.common.collect.ImmutableSetMultimap$Builder$1;0;0;0,064;0,004
com.google.common.util.concurrent.Futures$FutureCombiner;0;0;0,037;0,006
com.google.common.cache.LocalCache$WeakAccessWriteEntry;0;0;0,017;0,004
com.google.common.collect.AbstractMapBasedMultimap$SortedKeySet;0;1;0,055;0,011
com.google.common.cache.LocalCache$2;0;0;0,012;0,005
com.google.common.collect.ForwardingMultiset$StandardElementSet;0;0;0,0;0,004
com.google.common.collect.ArrayTable$CellSet;0;0;0,01;0,006
com.google.common.base.internal.Finalizer$1;0;0;0,005;0,009
com.google.common.cache.LocalCache$1;0;0;0,048;0,015
com.google.common.collect.EmptyContiguousSet$1;0;0;0,019;0,005
com.google.common.cache.LongAddables;0;0;0,019;0,005
com.google.common.util.concurrent.ServiceManager$ServiceManagerState$5$1;0;0;0,007;0,005
com.google.common.collect.ImmutableMap$Builder;1;0;0,127;0,029
com.google.common.cache.LocalCache$ReferenceEntry;1;0;0,09;0,323
com.google.common.collect.MutableClassToInstanceMap$1;0;0;0,002;0,005
com.google.common.collect.AbstractBiMap$EntrySet;0;0;0,009;0,006
com.google.common.reflect.TypeToken$TypeFilter$1;0;0;0,011;0,005
com.google.common.reflect.TypeToken$TypeFilter$2;0;0;0,011;0,005
com.google.common.collect.RegularImmutableBiMap$BiMapEntry;0;0;0,067;0,009
com.google.common.collect.Multimaps$CustomMultimap;0;0;0,062;0,004
com.google.common.collect.RegularImmutableList;0;1;0,055;0,018
com.google.common.collect.Tables$TransposeTable$1;0;0;0,022;0,004
com.google.common.hash.BloomFilterStrategies$1;0;0;0,004;0,006
com.google.common.cache.CacheLoader$UnsupportedLoadingOperationException;0;0;0,02;0,005
com.google.common.reflect.Types$ClassOwnership$2;0;0;0,01;0,006
com.google.common.cache.LocalCache$EntryFactory;0;0;0,034;0,011
com.google.common.collect.Maps$TransformedEntriesMap$1$1;0;0;0,045;0,007
com.google.common.collect.Synchronized$SynchronizedAsMapEntries;0;0;0,062;0,007
com.google.common.reflect.Types$ClassOwnership$3;0;0;0,011;0,006
com.google.common.collect.SingletonImmutableTable;0;0;0,013;0,004
com.google.common.reflect.Types$ClassOwnership$1;0;0;0,01;0,006
com.google.common.util.concurrent.SimpleTimeLimiter$1$1;0;0;0,002;0,007
com.google.common.collect.ImmutableMapKeySet;0;1;0,054;0,01
com.google.common.collect.EmptyImmutableMultiset;0;0;0,079;0,004
com.google.common.util.concurrent.FutureFallback;0;0;0,033;0,005
com.google.common.base.Ticker;1;0;0,1;0,039
com.google.common.hash.Funnel;0;0;0,062;0,029
com.google.common.io.ByteStreams;0;0;0,035;0,01
com.google.common.collect.Maps$AbstractFilteredMap;0;1;0,053;0,011
com.google.common.collect.FilteredMultimap;0;0;0,073;0,005
com.google.common.collect.StandardTable$Values;0;0;0,018;0,007
com.google.common.io.ByteProcessor;0;0;0,022;0,007
com.google.common.collect.MapMakerInternalMap$SerializationProxy;0;0;0,047;0,006
com.google.common.collect.ImmutableSet$Builder;0;1;0,076;0,018
com.google.common.collect.Sets$SetView;0;1;0,078;0,014
com.google.common.collect.Synchronized$SynchronizedAsMapValues$1;0;0;0,056;0,005
com.google.common.collect.Synchronized$SynchronizedSortedSet;0;1;0,061;0,007
com.google.common.collect.Maps$SortedAsMapView;0;0;0,046;0,006
com.google.common.collect.MapMaker$RemovalCause$4;0;0;0,047;0,009
com.google.common.collect.Collections2$PermutationIterator;0;0;0,056;0,005
com.google.common.collect.MapMaker$RemovalCause$5;0;0;0,047;0,009
com.google.common.collect.MapMaker$RemovalCause$2;0;0;0,047;0,009
com.google.common.collect.MapMaker$RemovalCause$3;0;0;0,047;0,009
com.google.common.primitives.Shorts$ShortArrayAsList;0;0;0,001;0,007
com.google.common.io.Closer;0;0;0,031;0,014
com.google.common.collect.Tables$ImmutableCell;0;0;0,026;0,005
com.google.common.collect.UsingToStringOrdering;0;0;0,05;0,008
com.google.common.collect.RegularImmutableMap$TerminalEntry;0;0;0,059;0,005
com.google.common.collect.ArrayTable$ArrayMap;0;0;0,017;0,011
com.google.common.hash.HashCodes$BytesHashCode;0;0;0,013;0,005
com.google.common.collect.MapMaker$RemovalCause$1;0;0;0,047;0,009
com.google.common.reflect.TypeToken$TypeSet;0;0;0,019;0,008
com.google.common.util.concurrent.AtomicLongMap$1;0;0;0,002;0,005
com.google.common.collect.AbstractMapBasedMultimap$AsMap;0;1;0,056;0,014
com.google.common.collect.ForwardingMap$StandardEntrySet;0;0;0,0;0,004
com.google.common.cache.LocalCache$WriteQueue;0;0;0,022;0,007
com.google.common.collect.MapDifference;0;1;0,05;0,011
com.google.common.collect.MapMakerInternalMap$StrongExpirableEvictableEntry;0;0;0,049;0,004
com.google.common.primitives.Ints$LexicographicalComparator;0;0;0,065;0,016
com.google.common.collect.StandardTable$ColumnKeyIterator;0;0;0,016;0,005
com.google.common.collect.MinMaxPriorityQueue$Heap;0;0;0,004;0,004
com.google.common.collect.Maps$FilteredEntryNavigableMap;0;1;0,048;0,007
com.google.common.collect.FilteredEntryMultimap$AsMap$2$1;0;0;0,059;0,004
com.google.common.collect.Sets$DescendingSet;0;0;0,003;0,005
com.google.common.collect.Sets;1;0;0,221;0,097
com.google.common.collect.ImmutableCollection$EmptyImmutableCollection;0;0;0,05;0,012
com.google.common.collect.LinkedListMultimap$6$1$1;0;0;0,007;0,005
com.google.common.collect.Multisets$ElementSet;1;0;0,093;0,008
com.google.common.collect.ComparisonChain$1;0;0;0,012;0,012
com.google.common.collect.Tables$TransformedTable$CellSet;0;0;0,02;0,004
com.google.common.collect.Maps$ValuePredicate;0;0;0,046;0,006
com.google.common.cache.LocalCache$AccessQueue$1;0;0;0,017;0,005
com.google.common.cache.LocalCache$AccessQueue$2;0;0;0,017;0,005
com.google.common.collect.Iterables$2;0;0;0,071;0,005
com.google.common.collect.Lists$TransformingSequentialList$1;0;0;0,057;0,006
com.google.common.primitives.Booleans;0;0;0,024;0,023
com.google.common.collect.Iterables$3;0;0;0,071;0,005
com.google.common.collect.Iterables$4;0;0;0,071;0,005
com.google.common.collect.Iterables$5;0;0;0,071;0,005
com.google.common.collect.Iterables$6;0;0;0,071;0,005
com.google.common.collect.ForwardingObject;1;0;0,129;0,052
com.google.common.collect.Iterables$7;0;0;0,071;0,005
com.google.common.collect.Iterables$8;0;0;0,071;0,005
com.google.common.collect.Iterables$9;0;0;0,071;0,005
com.google.common.reflect.TypeToInstanceMap;0;0;0,007;0,005
com.google.common.collect.ImmutableBiMap;0;1;0,082;0,022
com.google.common.collect.Multisets$UnmodifiableMultiset;1;0;0,085;0,005
com.google.common.collect.Multimaps$Keys$1$1;0;0;0,072;0,005
com.google.common.collect.ImmutableCollection$ArrayImmutableCollection;0;0;0,048;0,007
com.google.common.io.Files$FileByteSource;0;0;0,003;0,004
com.google.common.collect.Multimaps$Keys$KeysEntrySet;0;0;0,078;0,005
com.google.common.collect.Collections2$1;0;0;0,058;0,008
com.google.common.collect.Iterables$1;0;1;0,077;0,01
com.google.common.reflect.Parameter;0;0;0,005;0,006
com.google.common.collect.RegularImmutableMap$EntrySet;0;0;0,058;0,005
com.google.common.base.Ascii;1;0;0,099;0,013
com.google.common.collect.ImmutableRangeSet$1;0;0;0,011;0,004
com.google.common.collect.LinkedHashMultimap$ValueSet$1;0;0;0,004;0,004
com.google.common.primitives.SignedBytes;0;0;0,001;0,01
com.google.common.cache.LocalCache$StrongWriteEntry;0;0;0,017;0,004
com.google.common.net.MediaType$1;0;0;0,003;0,004
com.google.common.collect.LinkedListMultimap$6$1;0;0;0,008;0,006
com.google.common.reflect.ImmutableTypeToInstanceMap$1;0;0;0,005;0,005
com.google.common.cache.RemovalCause;0;0;0,023;0,076
com.google.common.collect.MapConstraints$ConstrainedMultimap$2;0;0;0,009;0,004
com.google.common.collect.SortedIterables;0;0;0,075;0,006
com.google.common.collect.Maps$FilteredEntryMap$EntrySet$1;0;0;0,047;0,006
com.google.common.collect.MapConstraints$ConstrainedMultimap$1;0;0;0,009;0,004
