name;Noise;NoiseSuspect;SIG;w
com.google.common.reflect.TypeToken$SimpleTypeToken;0;0;0,007;0,004
com.google.common.collect.TreeTraverser$2$1;0;0;0,005;0,003
com.google.common.collect.HashBiMap$Inverse$1;0;0;0,011;0,003
com.google.common.collect.Maps$ValueDifferenceImpl;0;0;0,04;0,004
com.google.common.collect.ImmutableMultimap$FieldSettersHolder;0;0;0,071;0,003
com.google.common.collect.DenseImmutableTable$Column;0;0;0,007;0,003
com.google.common.collect.PeekingIterator;0;1;0,067;0,014
com.google.common.collect.FilteredKeyListMultimap;1;0;0,073;0,003
com.google.common.collect.ImmutableClassToInstanceMap$Builder;0;0;0,002;0,003
com.google.common.primitives.SignedBytes$LexicographicalComparator;0;0;0,002;0,004
com.google.common.base.Predicates$ContainsPatternPredicate;0;1;0,064;0,005
com.google.common.collect.ImmutableMap$IteratorBasedImmutableMap$1EntrySetImpl;0;0;0,046;0,003
com.google.common.util.concurrent.CollectionFuture;0;0;0,031;0,004
com.google.common.collect.RegularImmutableMap;0;1;0,057;0,011
com.google.common.math.Quantiles;0;0;0,004;0,004
com.google.common.graph.MapIteratorCache$1$1;0;0;0,007;0,005
com.google.common.reflect.ClassPath$1;0;0;0,005;0,003
com.google.common.collect.AbstractSortedKeySortedSetMultimap;0;0;0,002;0,003
com.google.common.collect.TreeTraverser$PostOrderIterator;0;0;0,006;0,004
com.google.common.graph.Graphs$TransposedNetwork;0;0;0,012;0,003
com.google.common.collect.MultimapBuilder$SetMultimapBuilder;1;0;0,077;0,007
com.google.common.cache.CacheBuilderSpec;0;0;0,036;0,025
com.google.common.base.Joiner;1;0;0,084;0,022
com.google.common.hash.Hashing$ChecksumType$2;0;0;0,007;0,003
com.google.common.collect.Synchronized$SynchronizedTable$1;0;0;0,052;0,003
com.google.common.hash.Hashing$ChecksumType$1;0;0;0,007;0,003
com.google.common.collect.Synchronized$SynchronizedTable$2;0;0;0,052;0,003
com.google.common.util.concurrent.AbstractCatchingFuture$CatchingFuture;0;0;0,027;0,003
com.google.common.collect.DenseImmutableTable$ColumnMap;0;0;0,007;0,003
com.google.common.collect.AbstractMultimap$Values;0;0;0,047;0,004
com.google.common.net.HostSpecifier;0;0;0,0;0,003
com.google.thirdparty.publicsuffix.PublicSuffixType;0;0;0,007;0,004
com.google.common.primitives.ImmutableIntArray$Builder;0;0;0,002;0,003
com.google.common.util.concurrent.AsyncCallable;0;0;0,046;0,008
com.google.common.collect.Lists$Partition;0;1;0,056;0,008
com.google.common.graph.ConfigurableMutableValueGraph;0;0;0,014;0,003
com.google.common.io.Resources$1;0;0;0,007;0,004
com.google.common.util.concurrent.AbstractScheduledService$Scheduler$1;0;0;0,005;0,004
com.google.common.util.concurrent.AbstractScheduledService$Scheduler$2;0;0;0,005;0,004
com.google.common.collect.Sets$PowerSet$1;0;0;0,047;0,004
com.google.common.util.concurrent.AbstractIdleService$1;0;0;0,005;0,005
com.google.common.collect.Streams$2Splitr;0;0;0,06;0,003
com.google.common.base.Functions;0;0;0,005;0,003
com.google.common.collect.MapMakerInternalMap$Strength;0;1;0,068;0,015
com.google.common.math.DoubleUtils;0;0;0,013;0,007
com.google.common.collect.ImmutableSortedSet$Builder;1;0;0,075;0,008
com.google.common.graph.MapRetrievalCache;0;0;0,015;0,003
com.google.common.util.concurrent.Service;0;0;0,03;0,017
com.google.common.collect.Multimaps$UnmodifiableMultimap;1;0;0,079;0,005
com.google.common.cache.RemovalListeners;0;0;0,0;0,003
com.google.common.collect.Maps$FilteredEntryMap$EntrySet;0;0;0,043;0,006
com.google.common.collect.StandardTable;0;0;0,052;0,016
com.google.common.collect.ImmutableSortedMultiset$SerializedForm;0;0;0,004;0,003
com.google.common.cache.Striped64$Cell;0;0;0,016;0,009
com.google.common.collect.MapMakerInternalMap$StrongKeyDummyValueSegment;0;0;0,043;0,003
com.google.common.base.Converter$1;0;1;0,038;0,022
com.google.common.collect.ImmutableEntry;0;1;0,053;0,018
com.google.common.base.Joiner$1;0;1;0,053;0,01
com.google.common.io.Closer$SuppressingSuppressor;0;0;0,012;0,004
com.google.common.base.Joiner$2;0;0;0,052;0,006
com.google.common.collect.StandardTable$1;0;0;0,03;0,01
com.google.common.util.concurrent.SimpleTimeLimiter;0;0;0,002;0,007
com.google.common.base.Joiner$3;0;0;0,052;0,006
com.google.common.graph.EndpointPair;1;0;0,074;0,038
com.google.common.graph.ValueGraphBuilder;0;0;0,013;0,003
com.google.common.collect.AbstractTable$1;0;0;0,018;0,003
com.google.common.primitives.Chars$CharArrayAsList;0;0;0,001;0,005
com.google.common.base.CharMatcher$BitSetMatcher;0;0;0,034;0,006
com.google.common.base.FinalizableReferenceQueue$SystemLoader;0;0;0,003;0,004
com.google.common.io.LineReader$1;0;0;0,011;0,004
com.google.common.util.concurrent.CollectionFuture$CollectionFutureRunningState;0;0;0,026;0,003
com.google.common.collect.Lists$AbstractListWrapper;0;1;0,057;0,014
com.google.common.collect.AbstractMapBasedMultiset;1;0;0,085;0,007
com.google.common.collect.Multisets$FilteredMultiset$1;0;0;0,042;0,003
com.google.common.collect.DiscreteDomain$LongDomain;0;0;0,044;0,006
com.google.common.collect.SortedLists$1;0;0;0,059;0,022
com.google.common.collect.FluentIterable$2$1;0;0;0,049;0,004
com.google.common.hash.ChecksumHashFunction;0;0;0,009;0,004
com.google.common.base.Equivalence$Identity;0;0;0,042;0,007
com.google.common.collect.EnumBiMap;0;0;0,002;0,003
com.google.common.reflect.TypeResolver$WildcardCapturer$1;0;0;0,009;0,003
com.google.common.collect.AbstractNavigableMap$1;0;0;0,049;0,004
com.google.common.base.AbstractIterator$1;0;0;0,053;0,005
com.google.common.escape.Platform;0;0;0,008;0,007
com.google.common.collect.ImmutableSortedMultisetFauxverideShim;0;0;0,004;0,003
com.google.common.collect.EmptyImmutableListMultimap;0;0;0,071;0,003
com.google.common.collect.Collections2$FilteredCollection;0;1;0,067;0,006
com.google.common.collect.Sets$5$1$1$1;0;0;0,044;0,003
com.google.common.math.Quantiles$ScaleAndIndex;0;0;0,004;0,004
com.google.common.util.concurrent.TrustedListenableFutureTask$TrustedFutureInterruptibleTask;0;0;0,031;0,004
com.google.common.reflect.TypeResolver$1;0;0;0,013;0,006
com.google.common.eventbus.SubscriberRegistry$MethodIdentifier;0;0;0,005;0,003
com.google.common.collect.FluentIterable$1;0;0;0,051;0,004
com.google.common.collect.FluentIterable$2;0;1;0,052;0,006
com.google.common.collect.Maps$FilteredEntrySortedMap;0;1;0,042;0,006
com.google.common.eventbus.SubscriberRegistry;0;0;0,006;0,005
com.google.common.cache.CacheBuilderSpec$KeyStrengthParser;0;0;0,01;0,004
com.google.common.collect.ArrayTable$ColumnMap;0;0;0,004;0,003
com.google.common.collect.FluentIterable$3;0;0;0,051;0,004
com.google.common.util.concurrent.Partially$GwtIncompatible;0;0;0,0;0,003
com.google.common.collect.Iterators$PeekingImpl;0;0;0,043;0,006
com.google.common.util.concurrent.FuturesGetChecked$GetCheckedTypeValidatorHolder;0;0;0,024;0,003
com.google.common.hash.Funnels$IntegerFunnel;0;0;0,011;0,003
com.google.common.collect.ForwardingList;0;0;0,068;0,004
com.google.common.collect.Multimaps$Keys$1;0;1;0,07;0,005
com.google.common.escape.Escapers$Builder;0;0;0,008;0,006
com.google.common.util.concurrent.AggregateFutureState$SynchronizedAtomicHelper;0;0;0,022;0,004
com.google.common.cache.LocalCache$Segment;0;0;0,04;0,012
com.google.common.collect.HashBiMap;0;0;0,032;0,011
com.google.common.collect.Maps$EntryTransformer;0;1;0,067;0,019
com.google.common.collect.Ordering;1;0;0,2;0,084
com.google.common.io.ByteSource$ConcatenatedByteSource;0;0;0,01;0,004
com.google.common.graph.MutableNetwork;0;0;0,016;0,003
com.google.common.collect.ForwardingNavigableSet$StandardDescendingSet;0;0;0,0;0,003
com.google.common.collect.EnumMultiset;0;0;0,007;0,008
com.google.common.io.MoreFiles$PathByteSource$1;0;0;0,004;0,003
com.google.common.cache.CacheBuilderSpec$ConcurrencyLevelParser;0;0;0,01;0,004
com.google.common.collect.AllEqualOrdering;0;0;0,044;0,006
com.google.common.collect.Sets$3$1;0;0;0,046;0,004
com.google.common.util.concurrent.CheckedFuture;0;0;0,041;0,007
com.google.common.reflect.Types$JavaVersion$3;0;0;0,009;0,004
com.google.common.reflect.Types$JavaVersion$4;0;0;0,009;0,004
com.google.common.reflect.Types$JavaVersion$1;0;0;0,009;0,004
com.google.common.reflect.Types$JavaVersion$2;0;0;0,009;0,004
com.google.common.util.concurrent.Striped$2;0;0;0,004;0,003
com.google.common.util.concurrent.Striped$1;0;0;0,007;0,005
com.google.common.reflect.Types$JavaVersion$5;0;0;0,009;0,004
com.google.common.base.CharMatcher$JavaDigit;0;0;0,034;0,006
com.google.common.cache.CacheLoader$1;0;0;0,018;0,005
com.google.common.collect.ConcurrentHashMultiset$FieldSettersHolder;0;0;0,004;0,003
com.google.common.reflect.Types$JavaVersion$6;0;0;0,009;0,004
com.google.common.collect.Lists$TwoPlusArrayList;0;0;0,054;0,005
com.google.common.collect.ForwardingImmutableMap;0;0;0,0;0,003
com.google.common.collect.Cut$1;0;0;0,045;0,004
com.google.common.collect.Iterators$ArrayItr;0;0;0,043;0,006
com.google.common.cache.LocalCache$Values;0;0;0,011;0,003
com.google.common.cache.LocalCache$WeakValueReference;0;0;0,017;0,004
com.google.common.collect.TreeRangeSet$ComplementRangesByLowerBound$2;0;0;0,048;0,003
com.google.common.util.concurrent.Striped$PaddedSemaphore;0;0;0,005;0,004
com.google.common.collect.SortedLists$KeyPresentBehavior$2;0;0;0,048;0,004
com.google.common.collect.SortedLists$KeyPresentBehavior$1;0;0;0,048;0,004
com.google.common.util.concurrent.ServiceManager$1;0;0;0,01;0,006
com.google.common.collect.SortedLists$KeyPresentBehavior$4;0;0;0,048;0,004
com.google.common.base.Equivalence$1;0;1;0,043;0,008
com.google.common.collect.SortedLists$KeyPresentBehavior$3;0;0;0,048;0,004
com.google.common.collect.TopKSelector;0;1;0,046;0,007
com.google.common.collect.SortedLists$KeyPresentBehavior$5;0;0;0,048;0,004
com.google.common.util.concurrent.ServiceManager$2;0;0;0,006;0,003
com.google.common.base.CharMatcher$Any;0;0;0,034;0,006
com.google.common.base.FinalizableReferenceQueue;0;0;0,01;0,009
com.google.common.collect.Multimaps$UnmodifiableMultimap$1;0;0;0,069;0,003
com.google.common.collect.MapMakerInternalMap$WeakKeyWeakValueSegment;0;0;0,043;0,003
com.google.common.collect.Cut$BelowValue;0;0;0,046;0,005
com.google.common.collect.ImmutableSetMultimap$Builder;0;1;0,063;0,003
com.google.common.collect.ImmutableMapEntrySet;0;0;0,07;0,005
com.google.common.collect.Multimaps;1;0;0,102;0,01
com.google.common.collect.ClassToInstanceMap;0;0;0,006;0,004
com.google.common.collect.ImmutableMultiset;1;0;0,101;0,015
com.google.common.collect.ImmutableMultimap$Keys;0;0;0,069;0,003
com.google.common.collect.Multisets$AbstractEntry;0;0;0,064;0,011
com.google.common.util.concurrent.UncheckedTimeoutException;0;0;0,002;0,003
com.google.common.collect.AbstractMapBasedMultimap$AsMap$AsMapIterator;0;0;0,046;0,004
com.google.common.hash.Hasher;0;0;0,057;0,021
com.google.common.io.ByteSource;0;0;0,044;0,021
com.google.common.collect.Multisets$ViewMultiset;0;0;0,05;0,006
com.google.common.primitives.UnsignedBytes;0;0;0,029;0,02
com.google.common.graph.DirectedNetworkConnections;0;0;0,012;0,003
com.google.common.net.HttpHeaders$ReferrerPolicyValues;0;0;0,0;0,003
com.google.common.collect.Maps$FilteredEntryMap$EntrySet$1$1;0;0;0,039;0,004
com.google.common.base.CharMatcher$And;0;0;0,034;0,006
com.google.common.util.concurrent.Striped$6;0;0;0,004;0,003
com.google.common.collect.ForwardingNavigableMap;0;0;0,005;0,005
com.google.common.util.concurrent.Striped$5;0;0;0,004;0,003
com.google.common.util.concurrent.Striped$4;0;0;0,004;0,003
com.google.common.util.concurrent.Striped$3;0;0;0,004;0,003
com.google.common.eventbus.Dispatcher$PerThreadQueuedDispatcher$2;0;0;0,005;0,004
com.google.common.collect.Sets$FilteredSortedSet;0;1;0,049;0,005
com.google.common.collect.TreeRangeSet$1;0;0;0,057;0,004
com.google.common.eventbus.Dispatcher$PerThreadQueuedDispatcher$1;0;0;0,005;0,004
com.google.common.reflect.TypeResolver$TypeMappingIntrospector;0;0;0,01;0,003
com.google.common.collect.ImmutableMap$MapViewOfValuesAsSingletonSets;0;1;0,044;0,008
com.google.common.collect.EnumMultiset$1;0;0;0,002;0,003
com.google.common.collect.EnumMultiset$2;0;0;0,004;0,004
com.google.common.base.FinalizablePhantomReference;0;0;0,0;0,003
com.google.common.collect.RegularImmutableBiMap$Inverse$InverseEntrySet$1;0;0;0,051;0,003
com.google.common.io.MultiInputStream;0;0;0,01;0,003
com.google.common.collect.Maps$EntryFunction;0;1;0,043;0,008
com.google.common.collect.AbstractTable$CellSet;0;0;0,018;0,003
com.google.common.hash.Hashing$Sha256Holder;0;0;0,008;0,003
com.google.common.collect.EnumMultiset$2$1;0;0;0,003;0,003
com.google.common.graph.DirectedMultiNetworkConnections;0;0;0,014;0,004
com.google.common.graph.GraphConstants$Presence;0;0;0,014;0,003
com.google.common.collect.ImmutableEnumSet;0;1;0,056;0,013
com.google.common.collect.AbstractMultimap$Entries;1;0;0,073;0,006
com.google.common.primitives.Doubles$LexicographicalComparator;0;0;0,007;0,004
com.google.common.collect.ArrayTable;0;0;0,014;0,009
com.google.common.base.Predicates$ContainsPatternFromStringPredicate;0;0;0,062;0,004
com.google.common.collect.RegularImmutableMap$Values$SerializedForm;0;0;0,047;0,003
com.google.common.collect.Iterables$6$1;0;0;0,053;0,004
com.google.common.base.Converter;1;0;0,094;0,095
com.google.common.collect.LinkedListMultimap;0;0;0,013;0,009
com.google.common.base.CharMatcher$BreakingWhitespace;0;0;0,034;0,006
com.google.common.io.ByteSource$SlicedByteSource;0;0;0,01;0,004
com.google.common.collect.MoreCollectors;0;0;0,0;0,003
com.google.common.base.Suppliers$SupplierFunction;0;0;0,017;0,004
com.google.common.primitives.Doubles;0;0;0,019;0,008
com.google.common.reflect.Types$WildcardTypeImpl;0;0;0,012;0,004
com.google.common.base.CharMatcher$JavaLowerCase;0;0;0,034;0,006
com.google.common.collect.ImmutableList$Builder;1;0;0,112;0,02
com.google.common.util.concurrent.ThreadFactoryBuilder;0;0;0,031;0,01
com.google.common.collect.Comparators;0;0;0,0;0,003
com.google.common.collect.DenseImmutableTable$RowMap;0;0;0,007;0,003
com.google.common.collect.AbstractMultiset;1;0;0,107;0,009
com.google.common.io.LineBuffer;0;0;0,013;0,005
com.google.common.collect.ImmutableMultimap$KeysSerializedForm;0;0;0,067;0,003
com.google.common.primitives.Shorts;0;0;0,003;0,008
com.google.common.collect.AbstractTable$Values;0;0;0,018;0,003
com.google.common.collect.CompoundOrdering;0;0;0,044;0,006
com.google.common.collect.Iterators;1;0;0,272;0,104
com.google.common.collect.EnumMultiset$Itr;0;0;0,005;0,005
com.google.common.cache.AbstractCache$SimpleStatsCounter;0;0;0,019;0,004
com.google.common.collect.HashBiMap$Inverse$InverseKeySet$1;0;0;0,009;0,003
com.google.common.primitives.ImmutableLongArray$1;0;0;0,005;0,006
com.google.common.collect.Ordering$IncomparableValueException;0;0;0,043;0,004
com.google.common.collect.ImmutableMultiset$1;0;1;0,067;0,004
com.google.common.collect.TreeRangeSet$ComplementRangesByLowerBound$1;0;0;0,048;0,003
com.google.common.reflect.Types$NativeTypeVariableEquals;0;0;0,013;0,004
com.google.common.collect.Synchronized$SynchronizedMap;0;1;0,058;0,007
com.google.common.hash.Murmur3_32HashFunction$Murmur3_32Hasher;0;0;0,007;0,003
com.google.common.io.MoreFiles$PathByteSink;0;0;0,003;0,003
com.google.common.cache.Striped64$1;0;0;0,011;0,007
com.google.common.util.concurrent.UncaughtExceptionHandlers;0;0;0,0;0,003
com.google.common.primitives.Doubles$DoubleConverter;0;0;0,007;0,004
com.google.common.hash.LittleEndianByteArray$JavaLittleEndianBytes;0;0;0,01;0,005
com.google.common.collect.HashBiMap$Inverse$1$InverseEntry;0;0;0,01;0,003
com.google.common.io.BaseEncoding$StandardBaseEncoding;0;0;0,017;0,006
com.google.common.reflect.ImmutableTypeToInstanceMap;0;0;0,002;0,003
com.google.common.base.CaseFormat$StringConverter;0;0;0,003;0,003
com.google.common.collect.MapMakerInternalMap$StrongKeyStrongValueSegment;0;0;0,043;0,003
com.google.common.collect.StandardTable$Column$EntrySet;0;0;0,015;0,003
com.google.common.util.concurrent.ExecutionList$RunnableExecutorPair;0;0;0,016;0,005
com.google.common.collect.Tables$UnmodifiableTable;0;0;0,02;0,003
com.google.common.cache.CacheBuilder$1;0;0;0,016;0,003
com.google.common.cache.CacheBuilder$3;0;0;0,017;0,003
com.google.common.collect.Iterators$MergingIterator;0;1;0,044;0,008
com.google.common.cache.CacheBuilder$2;0;0;0,017;0,003
com.google.common.base.Functions$ForMapWithDefault;0;0;0,005;0,003
com.google.common.collect.Collections2$OrderedPermutationIterator;0;0;0,062;0,004
com.google.common.collect.Lists$RandomAccessPartition;0;0;0,054;0,005
com.google.common.base.CharMatcher$ForPredicate;0;0;0,034;0,006
com.google.common.eventbus.Dispatcher$LegacyAsyncDispatcher;0;0;0,005;0,004
com.google.common.collect.Lists$RandomAccessReverseList;0;0;0,054;0,005
com.google.common.util.concurrent.ImmediateFuture$ImmediateSuccessfulFuture;0;0;0,029;0,003
com.google.common.collect.Multimaps$TransformedEntriesMultimap;1;0;0,077;0,004
com.google.common.collect.SortedLists;0;0;0,056;0,003
com.google.common.reflect.Types$ClassOwnership$1LocalClass;0;0;0,01;0,006
com.google.common.collect.ImmutableRangeSet;0;0;0,07;0,007
com.google.common.graph.Traverser$GraphTraverser$2;0;0;0,007;0,004
com.google.common.graph.Traverser$GraphTraverser$1;0;0;0,007;0,004
com.google.common.collect.StandardTable$ColumnMap$ColumnMapEntrySet$1;0;0;0,013;0,003
com.google.common.graph.Traverser$GraphTraverser$3;0;0;0,007;0,004
com.google.common.collect.AbstractSortedSetMultimap;1;0;0,075;0,006
com.google.common.base.Functions$FunctionForMapNoDefault;0;0;0,005;0,003
com.google.common.collect.ImmutableMultimap$Values;0;0;0,069;0,003
com.google.common.base.Converter$1$1;0;0;0,034;0,012
com.google.common.util.concurrent.Futures$InCompletionOrderFuture;0;0;0,029;0,003
com.google.common.hash.LittleEndianByteArray$UnsafeByteArray$3;0;0;0,007;0,004
com.google.common.hash.LittleEndianByteArray$UnsafeByteArray$2;0;0;0,006;0,004
com.google.common.collect.ByFunctionOrdering;0;0;0,044;0,006
com.google.common.cache.ForwardingLoadingCache;0;0;0,002;0,003
com.google.common.hash.LittleEndianByteArray$UnsafeByteArray$1;0;0;0,006;0,004
com.google.common.util.concurrent.Striped$WeakSafeCondition;0;0;0,002;0,005
com.google.common.collect.ImmutableListMultimap$Builder;1;0;0,081;0,003
com.google.common.collect.ImmutableSortedMap$SerializedForm;0;0;0,053;0,003
com.google.common.hash.Striped64;0;0;0,007;0,011
com.google.common.collect.ForwardingSortedMap;0;0;0,046;0,006
com.google.common.collect.Serialization;1;0;0,122;0,011
com.google.common.collect.Tables$UnmodifiableRowSortedMap;0;0;0,019;0,003
com.google.common.reflect.ClassPath$DefaultScanner;0;0;0,004;0,003
com.google.common.collect.ForwardingBlockingDeque;0;0;0,0;0,003
com.google.common.collect.StandardTable$ColumnMap$ColumnMapValues;0;0;0,014;0,003
com.google.common.collect.Synchronized$SynchronizedMultimap;0;1;0,057;0,005
com.google.common.primitives.UnsignedLong;0;0;0,0;0,003
com.google.common.util.concurrent.AbstractFuture$SetFuture;0;0;0,016;0,004
com.google.common.util.concurrent.ExecutionError;0;0;0,04;0,006
com.google.common.io.CharSequenceReader;0;0;0,012;0,003
com.google.common.primitives.UnsignedInts;0;0;0,012;0,013
com.google.common.base.Enums;0;0;0,067;0,005
com.google.common.collect.TreeTraverser$PreOrderIterator;0;0;0,006;0,004
com.google.common.util.concurrent.GwtFuturesCatchingSpecialization;0;0;0,029;0,003
com.google.common.collect.Multisets$2$1;0;0;0,042;0,003
com.google.common.collect.UnmodifiableListIterator;0;1;0,053;0,032
com.google.common.collect.LinkedHashMultimap$ValueSet;0;0;0,005;0,004
com.google.common.collect.DenseImmutableTable;0;0;0,014;0,006
com.google.common.collect.MinMaxPriorityQueue;0;0;0,006;0,004
com.google.common.hash.FarmHashFingerprint64;0;0;0,008;0,003
com.google.common.graph.MutableValueGraph;0;0;0,017;0,004
com.google.common.base.Preconditions;1;0;1,0;1,0
com.google.common.collect.AbstractRangeSet;0;0;0,055;0,003
com.google.common.collect.Interners$InternerImpl;0;0;0,003;0,003
com.google.common.collect.Collections2$OrderedPermutationCollection;0;0;0,064;0,004
com.google.common.util.concurrent.Partially;0;0;0,0;0,003
com.google.common.collect.ImmutableTable$1;0;0;0,01;0,003
com.google.common.collect.AbstractMultimap$EntrySet;0;0;0,047;0,004
com.google.common.collect.AbstractSortedMultiset$1DescendingMultisetImpl;0;0;0,007;0,003
com.google.common.util.concurrent.SettableFuture;0;0;0,015;0,003
com.google.common.hash.Hashing$Sha384Holder;0;0;0,008;0,003
com.google.common.cache.LocalCache$AccessQueue;0;0;0,019;0,005
com.google.common.collect.TreeMultiset;0;0;0,014;0,008
com.google.common.util.concurrent.UncaughtExceptionHandlers$Exiter;0;0;0,002;0,005
com.google.common.util.concurrent.AbstractTransformFuture$AsyncTransformFuture;0;0;0,027;0,003
com.google.common.util.concurrent.MoreExecutors$Application;0;0;0,028;0,007
com.google.common.cache.CacheBuilderSpec$MaximumWeightParser;0;0;0,01;0,004
com.google.common.collect.HashMultimap;0;0;0,005;0,003
com.google.common.net.PercentEscaper;0;0;0,002;0,004
com.google.common.collect.LinkedListMultimap$KeyList;0;0;0,007;0,005
com.google.common.collect.Lists$OnePlusArrayList;0;0;0,054;0,005
com.google.common.collect.Synchronized$SynchronizedNavigableSet;0;0;0,053;0,003
com.google.common.util.concurrent.AbstractCheckedFuture;0;0;0,029;0,003
com.google.common.util.concurrent.AtomicLongMap;0;0;0,0;0,003
com.google.common.util.concurrent.ExecutionList;0;0;0,02;0,006
com.google.common.collect.DescendingMultiset;0;0;0,012;0,004
com.google.common.graph.EndpointPair$Ordered;0;0;0,011;0,007
com.google.common.collect.Maps$AsMapView;0;1;0,043;0,006
com.google.common.io.ByteSink$1;0;0;0,015;0,004
com.google.common.collect.ImmutableSet;1;0;0,245;0,082
com.google.common.primitives.Chars$LexicographicalComparator;0;0;0,001;0,005
com.google.common.collect.StandardTable$Column$KeySet;0;0;0,015;0,003
com.google.common.reflect.ClassPath$ResourceInfo;0;0;0,007;0,004
com.google.common.collect.CompactHashMap;0;0;0,017;0,018
com.google.common.collect.ForwardingNavigableMap$StandardNavigableKeySet;0;0;0,0;0,003
com.google.common.cache.CacheLoader;0;0;0,042;0,012
com.google.common.collect.MapMakerInternalMap$KeySet;0;0;0,043;0,004
com.google.common.collect.Cut$AboveValue;0;1;0,047;0,006
com.google.common.collect.Maps$IteratorBasedAbstractMap;1;0;0,076;0,01
com.google.common.graph.AbstractBaseGraph$IncidentEdgeSet$Undirected;0;0;0,015;0,004
com.google.common.cache.LocalCache$SoftValueReference;0;0;0,017;0,004
com.google.common.collect.Maps$FilteredEntryBiMap;0;0;0,04;0,004
com.google.common.base.Splitter$Strategy;0;0;0,021;0,008
com.google.common.eventbus.Dispatcher;0;0;0,011;0,007
com.google.common.primitives.Longs$LexicographicalComparator;0;0;0,048;0,006
com.google.common.util.concurrent.AbstractScheduledService$1;0;0;0,011;0,008
com.google.common.collect.ArrayTable$ArrayMap$1;0;0;0,005;0,003
com.google.common.collect.Sets$CartesianSet$1;0;0;0,047;0,003
com.google.common.collect.ArrayTable$ArrayMap$2;0;0;0,005;0,003
com.google.common.base.Predicates$ObjectPredicate$1;0;0;0,057;0,004
com.google.common.cache.LocalCache$WeakEntry;0;0;0,022;0,006
com.google.common.hash.Hashing;0;0;0,014;0,005
com.google.common.reflect.TypeToken;0;0;0,043;0,031
com.google.common.collect.AbstractSequentialIterator;0;0;0,064;0,006
com.google.common.collect.MapDifference$ValueDifference;0;1;0,046;0,018
com.google.common.collect.TreeTraverser;0;0;0,025;0,015
com.google.common.collect.AbstractMapBasedMultimap$SortedAsMap;0;1;0,048;0,005
com.google.common.io.Files;0;0;0,011;0,006
com.google.common.collect.Range$RangeLexOrdering;0;0;0,043;0,006
com.google.common.collect.ForwardingCollection;1;0;0,096;0,024
com.google.common.base.Functions$1;0;0;0,01;0,004
com.google.common.collect.FilteredEntryMultimap$Keys$1$1;0;0;0,063;0,003
com.google.common.collect.FilteredKeyMultimap$AddRejectingList;0;0;0,07;0,003
com.google.common.collect.ImmutableRangeMap$SerializedForm;0;0;0,05;0,003
com.google.common.collect.Range$LowerBoundFn;0;0;0,043;0,006
com.google.common.reflect.Types$JavaVersion;0;0;0,022;0,019
com.google.common.hash.HashCode$BytesHashCode;0;0;0,009;0,011
com.google.common.base.Predicates$ObjectPredicate$4;0;0;0,057;0,004
com.google.common.base.Predicates$ObjectPredicate$3;0;0;0,057;0,004
com.google.common.base.Predicates$ObjectPredicate$2;0;0;0,057;0,004
com.google.common.collect.ImmutableTable;0;0;0,016;0,005
com.google.common.graph.SuccessorsFunction;0;0;0,038;0,022
com.google.common.graph.AbstractNetwork;0;0;0,021;0,006
com.google.common.util.concurrent.ImmediateFuture$ImmediateFailedFuture;0;0;0,029;0,003
com.google.common.cache.LoadingCache;0;0;0,029;0,005
com.google.common.collect.ImmutableList$SubList;0;0;0,036;0,009
com.google.common.base.FunctionalEquivalence;0;0;0,042;0,007
com.google.common.collect.DenseImmutableTable$Row;0;0;0,007;0,003
com.google.common.base.CharMatcher$Whitespace;0;0;0,034;0,006
com.google.common.collect.Range$UpperBoundFn;0;0;0,043;0,006
com.google.common.collect.SortedLists$KeyAbsentBehavior;0;0;0,063;0,009
com.google.common.base.Suppliers$SupplierFunctionImpl;0;0;0,017;0,003
com.google.common.hash.ChecksumHashFunction$1;0;0;0,009;0,004
com.google.common.collect.ImmutableSortedMap$Builder;0;0;0,059;0,006
com.google.common.collect.MapMakerInternalMap$WeakKeyStrongValueEntry$Helper;0;0;0,043;0,004
com.google.common.collect.Multimaps$MapMultimap$1;0;1;0,069;0,004
com.google.thirdparty.publicsuffix.PublicSuffixPatterns;0;0;0,003;0,003
com.google.common.base.Predicates$ObjectPredicate;0;1;0,069;0,011
com.google.common.collect.WellBehavedMap$EntrySet;0;0;0,006;0,006
com.google.common.cache.CacheBuilderSpec$DurationParser;0;0;0,014;0,006
com.google.common.reflect.TypeToken$InterfaceSet;0;0;0,012;0,004
com.google.common.collect.Sets$SubSet$1;0;0;0,046;0,004
com.google.common.collect.Maps$KeySet;1;0;0,095;0,02
com.google.common.collect.Maps$NavigableAsMapView;0;0;0,04;0,004
com.google.common.collect.AbstractIterator$1;0;0;0,056;0,011
com.google.common.primitives.ImmutableDoubleArray$AsList;0;0;0,002;0,003
com.google.common.cache.LongAddables$1;0;0;0,02;0,005
com.google.common.graph.Graphs$TransposedGraph;0;0;0,012;0,003
com.google.common.io.CountingInputStream;0;0;0,0;0,003
com.google.common.base.CommonPattern;1;0;0,088;0,017
com.google.common.cache.LongAddables$2;0;0;0,016;0,003
com.google.common.util.concurrent.FuturesGetChecked$GetCheckedTypeValidatorHolder$ClassValueValidator$1;0;0;0,024;0,004
com.google.common.collect.AbstractMapBasedMultimap$1;0;0;0,046;0,004
com.google.common.collect.MultimapBuilder$1;1;0;0,073;0,006
com.google.common.collect.AbstractMapBasedMultimap$2;0;0;0,046;0,004
com.google.common.collect.MultimapBuilder$2;0;0;0,07;0,003
com.google.common.collect.ImmutableMultimap$1;0;0;0,069;0,003
com.google.common.collect.MultimapBuilder$3;0;0;0,07;0,003
com.google.common.collect.MultimapBuilder$4;0;0;0,07;0,003
com.google.common.base.Present;0;0;0,061;0,007
com.google.common.collect.MapMakerInternalMap$WeakKeyWeakValueEntry$Helper;0;0;0,043;0,004
com.google.common.collect.ImmutableMultimap$2;0;0;0,069;0,003
com.google.common.util.concurrent.AbstractService$2;0;0;0,01;0,003
com.google.common.util.concurrent.AbstractService$1;0;0;0,01;0,003
com.google.common.collect.SortedLists$KeyPresentBehavior;0;0;0,066;0,013
com.google.common.util.concurrent.AbstractService$6;0;0;0,01;0,003
com.google.common.util.concurrent.AbstractService$5;0;0;0,01;0,003
com.google.common.collect.ImmutableMapEntrySet$RegularEntrySet;0;0;0,055;0,004
com.google.common.reflect.Types$TypeVariableImpl;0;0;0,011;0,005
com.google.common.util.concurrent.AbstractService$4;0;0;0,01;0,003
com.google.common.util.concurrent.AbstractService$3;0;0;0,01;0,003
com.google.common.base.JdkPattern$JdkMatcher;0;0;0,072;0,004
com.google.common.primitives.UnsignedBytes$LexicographicalComparatorHolder$PureJavaComparator;0;0;0,01;0,008
com.google.common.graph.ForwardingValueGraph;0;0;0,012;0,004
com.google.common.util.concurrent.InterruptibleTask;0;0;0,037;0,007
com.google.common.graph.ImmutableValueGraph$1;0;0;0,002;0,003
com.google.common.collect.Maps$Accumulator;0;0;0,04;0,004
com.google.common.io.Files$FilePredicate$1;0;0;0,005;0,004
com.google.common.collect.Lists$TransformingSequentialList;0;1;0,056;0,006
com.google.common.io.Files$FilePredicate$2;0;0;0,005;0,004
com.google.common.util.concurrent.Striped$PaddedLock;0;0;0,005;0,005
com.google.common.collect.ForwardingIterator;0;0;0,007;0,005
com.google.common.reflect.Types$GenericArrayTypeImpl;0;0;0,011;0,004
com.google.common.util.concurrent.Striped$PowerOfTwoStriped;0;0;0,008;0,004
com.google.common.collect.RegularImmutableBiMap$Inverse$InverseEntrySet;0;0;0,054;0,003
com.google.common.math.LinearTransformation;0;0;0,009;0,015
com.google.common.io.MoreFiles$DirectoryTreeTraverser;0;0;0,003;0,003
com.google.common.graph.DirectedGraphConnections$1$1;0;0;0,007;0,004
com.google.common.primitives.Floats$FloatArrayAsList;0;0;0,002;0,003
com.google.common.eventbus.Dispatcher$1;0;0;0,011;0,009
com.google.common.collect.FilteredEntryMultimap;1;0;0,089;0,008
com.google.common.collect.TreeRangeMap$RangeMapEntry;0;0;0,014;0,005
com.google.common.io.Files$2;0;0;0,005;0,003
com.google.common.io.Files$3;0;0;0,005;0,003
com.google.common.collect.Maps$UnmodifiableNavigableMap;0;0;0,04;0,004
com.google.common.graph.Traverser$TreeTraverser$DepthFirstPostOrderIterator$NodeAndChildren;0;0;0,005;0,004
com.google.common.io.Files$1;0;0;0,014;0,008
com.google.common.util.concurrent.FuturesGetChecked$1;0;0;0,025;0,003
com.google.common.collect.AbstractMapBasedMultimap$KeySet;0;1;0,049;0,009
com.google.common.collect.Lists$RandomAccessListWrapper;0;0;0,053;0,006
com.google.common.collect.MapMakerInternalMap$ValueIterator;0;0;0,043;0,004
com.google.common.reflect.TypeToken$3;0;0;0,007;0,004
com.google.common.reflect.TypeToken$4;0;0;0,007;0,004
com.google.common.util.concurrent.ForwardingFluentFuture;0;0;0,017;0,004
com.google.common.reflect.TypeToken$1;0;0;0,025;0,013
com.google.common.reflect.TypeToken$2;0;0;0,007;0,004
com.google.common.collect.Multimaps$MapMultimap$1$1;0;0;0,065;0,004
com.google.common.io.CharStreams;0;0;0,018;0,007
com.google.common.base.CommonMatcher;1;0;0,081;0,024
com.google.common.eventbus.AllowConcurrentEvents;0;0;0,0;0,003
com.google.common.reflect.AbstractInvocationHandler;0;0;0,0;0,003
com.google.common.util.concurrent.Futures$3;0;0;0,029;0,003
com.google.common.util.concurrent.InterruptibleTask$DoNothingRunnable;0;0;0,028;0,005
com.google.common.util.concurrent.Runnables$1;0;0;0,002;0,005
com.google.common.collect.ForwardingSortedSetMultimap;0;0;0,0;0,003
com.google.common.util.concurrent.Futures$2;0;0;0,029;0,003
com.google.common.collect.Multimaps$TransformedEntriesMultimap$1;0;0;0,069;0,003
com.google.common.util.concurrent.Striped$WeakSafeLock;0;0;0,003;0,01
com.google.common.graph.NetworkBuilder;0;0;0,016;0,003
com.google.common.cache.LocalCache$Segment$1;0;0;0,015;0,003
com.google.common.collect.AbstractIndexedListIterator;0;0;0,061;0,016
com.google.common.util.concurrent.AbstractService$StateSnapshot;0;0;0,01;0,003
com.google.common.collect.CollectPreconditions;1;0;0,197;0,097
com.google.common.graph.Traverser$Order;0;0;0,01;0,006
com.google.common.util.concurrent.Futures$1;0;0;0,035;0,005
com.google.common.reflect.TypeCapture;0;0;0,015;0,013
com.google.common.reflect.Types$TypeVariableInvocationHandler;0;0;0,011;0,005
com.google.common.util.concurrent.CycleDetectingLockFactory$Policy;0;0;0,009;0,007
com.google.common.eventbus.AsyncEventBus;0;0;0,0;0,003
com.google.common.reflect.TypeVisitor;0;0;0,02;0,008
com.google.common.collect.MapMakerInternalMap$WeakKeyDummyValueEntry;0;0;0,045;0,003
com.google.common.collect.Lists$TransformingRandomAccessList$1;0;0;0,053;0,004
com.google.common.graph.MapRetrievalCache$CacheEntry;0;0;0,012;0,004
com.google.common.base.Splitter$1$1;0;0;0,015;0,004
com.google.common.base.Suppliers$ExpiringMemoizingSupplier;0;0;0,017;0,003
com.google.common.base.AbstractIterator$State;0;0;0,054;0,009
com.google.common.base.PairwiseEquivalence;0;0;0,042;0,007
com.google.common.base.Suppliers;0;0;0,017;0,003
com.google.common.graph.ConfigurableMutableGraph;0;0;0,012;0,003
com.google.common.math.DoubleMath;0;0;0,006;0,003
com.google.common.util.concurrent.AbstractScheduledService$CustomScheduler;0;0;0,002;0,003
com.google.common.collect.AbstractMapBasedMultimap$WrappedList$WrappedListIterator;0;0;0,045;0,004
com.google.common.collect.DenseImmutableTable$ImmutableArrayMap$1;0;0;0,007;0,003
com.google.common.collect.Tables$TransformedTable;0;0;0,024;0,005
com.google.common.graph.AbstractBaseGraph$IncidentEdgeSet$Undirected$1;0;0;0,012;0,003
com.google.thirdparty.publicsuffix.TrieParser;0;0;0,004;0,003
com.google.common.graph.Traverser$TreeTraverser$1;0;0;0,007;0,004
com.google.common.graph.Traverser$TreeTraverser$2;0;0;0,007;0,004
com.google.common.graph.Traverser$TreeTraverser$3;0;0;0,007;0,004
com.google.common.collect.Maps$FilteredEntryNavigableMap$1;0;0;0,04;0,003
com.google.common.graph.MultiEdgesConnecting$1;0;0;0,008;0,004
com.google.common.base.AbstractIterator;0;0;0,057;0,008
com.google.common.collect.ForwardingImmutableList;0;0;0,0;0,003
com.google.common.primitives.Longs$LongArrayAsList;0;0;0,048;0,006
com.google.common.collect.LinkedListMultimap$NodeIterator;0;0;0,007;0,005
com.google.common.collect.MultimapBuilder$HashSetSupplier;0;0;0,058;0,003
com.google.common.util.concurrent.SmoothRateLimiter$SmoothWarmingUp;0;0;0,003;0,003
com.google.common.collect.Table;1;0;0,095;0,013
com.google.common.collect.Sets$CartesianSet;0;0;0,047;0,005
com.google.common.primitives.Longs$LongConverter;0;0;0,049;0,006
com.google.common.util.concurrent.Striped$SmallLazyStriped;0;0;0,004;0,003
com.google.common.base.Suppliers$NonSerializableMemoizingSupplier;0;0;0,017;0,003
com.google.common.base.Suppliers$SupplierOfInstance;0;0;0,017;0,003
com.google.common.cache.AbstractCache$StatsCounter;0;0;0,027;0,007
com.google.common.primitives.Booleans$LexicographicalComparator;0;0;0,042;0,006
com.google.common.math.LongMath$1;1;0;0,074;0,01
com.google.common.graph.MultiEdgesConnecting;0;0;0,013;0,006
com.google.common.collect.CollectSpliterators$1Splitr;0;0;0,048;0,011
com.google.common.hash.MessageDigestHashFunction$1;0;0;0,009;0,007
com.google.common.base.Throwables$1;0;0;0,028;0,012
com.google.common.hash.BloomFilter$Strategy;0;0;0,008;0,004
com.google.common.util.concurrent.SequentialExecutor$1;0;0;0,023;0,006
com.google.common.collect.AbstractMapBasedMultiset$1;0;0;0,069;0,003
com.google.common.collect.AbstractMapBasedMultiset$2;0;1;0,071;0,004
com.google.common.collect.MultimapBuilder$EnumSetSupplier;0;0;0,058;0,003
com.google.common.collect.Multimaps$CustomSortedSetMultimap;1;0;0,073;0,003
com.google.common.collect.Platform;1;0;0,095;0,028
com.google.common.collect.ForwardingImmutableCollection;0;0;0,0;0,003
com.google.common.collect.ImmutableEnumMap$EnumSerializedForm;0;0;0,043;0,004
com.google.common.cache.LocalCache$LocalManualCache;0;0;0,02;0,004
com.google.common.collect.MapMakerInternalMap$WeakKeyWeakValueEntry;0;0;0,045;0,003
com.google.common.primitives.ImmutableIntArray$1;0;0;0,005;0,006
com.google.common.collect.TreeRangeMap$SubRangeMap$1$1;0;0;0,006;0,003
com.google.common.collect.ArrayTable$Row;0;0;0,006;0,004
com.google.common.collect.ImmutableSet$Indexed$1;0;0;0,07;0,004
com.google.common.collect.ForwardingMapEntry;0;0;0,067;0,008
com.google.common.collect.TreeBasedTable$Factory;0;0;0,003;0,003
com.google.common.collect.MinMaxPriorityQueue$1;0;0;0,006;0,004
com.google.common.cache.LocalCache$WeakWriteEntry;0;0;0,015;0,003
com.google.common.collect.TreeTraverser$3$1;0;0;0,005;0,003
com.google.common.collect.NullsFirstOrdering;0;0;0,044;0,006
com.google.common.util.concurrent.MoreExecutors$DirectExecutor;0;0;0,027;0,003
com.google.common.collect.StandardTable$Row$1;0;0;0,013;0,003
com.google.common.net.InternetDomainName;0;0;0,002;0,003
com.google.common.collect.StandardTable$Row$2;0;0;0,013;0,003
com.google.common.cache.CacheBuilderSpec$LongParser;0;0;0,012;0,005
com.google.common.util.concurrent.ListenerCallQueue$PerListenerQueue;0;0;0,012;0,004
com.google.common.collect.ForwardingSortedMultiset$StandardElementSet;0;0;0,0;0,003
com.google.common.reflect.TypeToken$InterfaceSet$1;0;0;0,01;0,003
com.google.common.cache.LocalCache$ValueReference;0;0;0,04;0,224
com.google.common.collect.Streams$TemporaryPair;0;0;0,06;0,003
com.google.common.collect.StandardRowSortedTable;0;0;0,005;0,003
com.google.common.primitives.Ints$IntArrayAsList;0;0;0,055;0,01
com.google.common.util.concurrent.AbstractTransformFuture$TransformFuture;0;0;0,027;0,003
com.google.common.collect.Multisets$ImmutableEntry;0;1;0,056;0,008
com.google.common.escape.UnicodeEscaper;0;0;0,011;0,007
com.google.common.util.concurrent.AbstractCatchingFuture;0;0;0,032;0,004
com.google.common.io.ReaderInputStream;0;0;0,013;0,003
com.google.common.base.Absent;0;0;0,061;0,007
com.google.common.base.Functions$ConstantFunction;0;0;0,005;0,003
com.google.common.hash.Funnels$SinkAsStream;0;0;0,011;0,003
com.google.common.io.Files$FilePredicate;0;0;0,009;0,006
com.google.common.base.Throwables;0;0;0,054;0,022
com.google.common.io.FileWriteMode;0;0;0,008;0,003
com.google.common.base.Equivalence$Equals;0;0;0,042;0,007
com.google.common.reflect.TypeResolver$TypeVariableKey;0;0;0,014;0,006
com.google.common.collect.ForwardingNavigableMap$StandardDescendingMap$1;0;0;0,001;0,004
com.google.common.util.concurrent.AbstractScheduledService$ServiceDelegate;0;0;0,01;0,007
com.google.common.collect.Synchronized$SynchronizedBiMap;0;0;0,053;0,003
com.google.common.cache.ForwardingCache;0;0;0,021;0,004
com.google.common.collect.CollectSpliterators$1;0;0;0,048;0,011
com.google.common.collect.Sets$ImprovedAbstractSet;1;0;0,117;0,018
com.google.common.collect.StandardTable$Column$EntrySetIterator;0;0;0,016;0,004
com.google.common.collect.ImmutableMapEntry$NonTerminalImmutableMapEntry;0;0;0,052;0,005
com.google.common.base.FinalizableReferenceQueue$DecoupledLoader;0;0;0,003;0,004
com.google.common.base.CharMatcher$1;0;1;0,035;0,008
com.google.common.collect.ImmutableMapValues;0;0;0,051;0,005
com.google.common.hash.LongAddables$2;0;0;0,005;0,003
com.google.common.hash.LongAddables$1;0;0;0,009;0,005
com.google.common.reflect.ImmutableTypeToInstanceMap$Builder;0;0;0,002;0,003
com.google.common.util.concurrent.CycleDetectingLockFactory;0;0;0,012;0,007
com.google.common.util.concurrent.CollectionFuture$ListFuture;0;0;0,031;0,003
com.google.common.collect.AbstractNavigableMap;0;0;0,057;0,005
com.google.common.util.concurrent.CombinedFuture$CallableInterruptibleTask;0;0;0,024;0,003
com.google.common.util.concurrent.SmoothRateLimiter;0;0;0,005;0,004
com.google.common.collect.GwtTransient;0;0;0,0;0,003
com.google.common.util.concurrent.TimeoutFuture$Fire;0;0;0,027;0,003
com.google.common.collect.MapMakerInternalMap$StrongKeyWeakValueSegment;0;0;0,043;0,003
com.google.common.graph.GraphConstants;0;0;0,0;0,003
com.google.common.util.concurrent.SequentialExecutor$WorkerRunningState;0;0;0,024;0,006
com.google.common.cache.ReferenceEntry;0;0;0,073;0,233
com.google.common.util.concurrent.ForwardingListeningExecutorService;0;0;0,0;0,003
com.google.common.util.concurrent.CycleDetectingLockFactory$Policies$1;0;0;0,005;0,004
com.google.common.util.concurrent.CycleDetectingLockFactory$Policies$3;0;0;0,005;0,004
com.google.common.util.concurrent.CycleDetectingLockFactory$Policies$2;0;0;0,005;0,004
com.google.common.graph.ConfigurableNetwork;0;0;0,012;0,003
com.google.common.reflect.TypeToken$TypeCollector$ForwardingTypeCollector;0;0;0,01;0,003
com.google.common.collect.Interners$1;0;0;0,007;0,004
com.google.common.collect.ForwardingSet;1;0;0,082;0,022
com.google.common.base.Functions$ToStringFunction;0;0;0,005;0,003
com.google.common.base.Functions$FunctionComposition;0;0;0,005;0,003
com.google.common.collect.MultimapBuilder$TreeSetSupplier;0;0;0,058;0,003
com.google.common.collect.StandardTable$RowMap$EntrySet$1;0;0;0,013;0,003
com.google.common.base.Ticker$1;0;0;0,016;0,016
com.google.common.collect.CompactHashMap$EntrySetView;0;0;0,005;0,005
com.google.common.collect.ImmutableSetMultimap$EntrySet;0;0;0,06;0,003
com.google.common.collect.Multiset;1;0;0,222;0,093
com.google.common.collect.ImmutableEnumSet$1;0;0;0,05;0,006
com.google.common.collect.Maps$TransformedEntriesNavigableMap;0;0;0,04;0,004
com.google.common.graph.Graphs;0;0;0,023;0,006
com.google.common.hash.BloomFilter$SerialForm;0;0;0,002;0,003
com.google.common.util.concurrent.Striped$WeakSafeReadWriteLock;0;0;0,007;0,009
com.google.common.primitives.UnsignedInts$LexicographicalComparator;0;0;0,008;0,005
com.google.common.reflect.Types$ClassOwnership;0;0;0,013;0,007
com.google.common.collect.Table$Cell;1;0;0,104;0,035
com.google.common.hash.MessageDigestHashFunction$MessageDigestHasher;0;0;0,007;0,004
com.google.common.collect.MapMakerInternalMap$WeakKeyDummyValueEntry$Helper;0;0;0,043;0,004
com.google.common.primitives.ImmutableDoubleArray$Builder;0;0;0,002;0,003
com.google.common.base.CharMatcher$Negated;0;1;0,034;0,012
com.google.common.util.concurrent.CycleDetectingLockFactory$CycleDetectingReentrantReadWriteLock;0;0;0,009;0,005
com.google.common.collect.Synchronized$1;0;1;0,064;0,018
com.google.common.collect.MapMakerInternalMap$Values;0;0;0,043;0,004
com.google.common.util.concurrent.CombinedFuture;0;0;0,032;0,006
com.google.common.collect.ForwardingMultimap;1;0;0,075;0,005
com.google.common.graph.Traverser$TreeTraverser$BreadthFirstIterator;0;0;0,007;0,004
com.google.common.math.Stats;0;0;0,006;0,004
com.google.common.cache.LocalCache$EntryIterator;0;0;0,012;0,003
com.google.common.collect.TreeMultiset$Aggregate$2;0;0;0,006;0,004
com.google.common.collect.TreeRangeSet$SubRangeSet;0;0;0,051;0,003
com.google.common.collect.TreeMultiset$Aggregate$1;0;0;0,006;0,004
com.google.common.util.concurrent.ForwardingFuture$SimpleForwardingFuture;0;0;0,0;0,003
com.google.common.io.ByteStreams$1;0;0;0,017;0,006
com.google.common.collect.StandardTable$RowMap;0;0;0,02;0,005
com.google.common.graph.EdgesConnecting;0;0;0,013;0,004
com.google.common.collect.LinkedListMultimap$DistinctKeyIterator;0;0;0,005;0,003
com.google.common.cache.CacheBuilderSpec$AccessDurationParser;0;0;0,01;0,004
com.google.common.collect.CollectSpliterators$1WithCharacteristics;0;0;0,049;0,011
com.google.common.util.concurrent.GwtFluentFutureCatchingSpecialization;0;0;0,017;0,004
com.google.common.collect.ForwardingMap$StandardValues;0;0;0,0;0,003
com.google.common.collect.ImmutableMap$SerializedForm;0;1;0,05;0,008
com.google.common.util.concurrent.AbstractIdleService$ThreadNameSupplier;0;0;0,003;0,004
com.google.common.base.Optional;1;0;0,129;0,028
com.google.common.io.Closeables;0;0;0,011;0,005
com.google.common.collect.MapMakerInternalMap$StrongValueEntry;0;0;0,053;0,006
com.google.common.collect.MapMakerInternalMap$WeakKeyStrongValueEntry;0;0;0,045;0,004
com.google.common.collect.TreeBasedTable$TreeRow;0;0;0,003;0,003
com.google.common.reflect.TypeParameter;0;0;0,007;0,004
com.google.common.base.CharMatcher$NegatedFastMatcher;0;0;0,035;0,016
com.google.common.collect.Range;1;0;0,15;0,046
com.google.common.util.concurrent.ForwardingListenableFuture;0;0;0,032;0,005
com.google.common.primitives.UnsignedBytes$LexicographicalComparatorHolder$UnsafeComparator;0;0;0,0;0,003
com.google.common.base.CharMatcher$IsEither;0;0;0,034;0,006
com.google.common.collect.FilteredSetMultimap;1;0;0,078;0,004
com.google.common.collect.TreeRangeMap$SubRangeMap$SubRangeMapAsMap;0;0;0,014;0,005
com.google.common.io.FileBackedOutputStream;0;0;0,003;0,008
com.google.common.io.CharSource$CharSequenceCharSource;0;0;0,016;0,006
com.google.common.collect.Sets$2$1;0;0;0,046;0,004
com.google.common.collect.ContiguousSet;0;0;0,06;0,004
com.google.common.base.MoreObjects$ToStringHelper;1;0;0,129;0,026
com.google.common.escape.CharEscaperBuilder;0;0;0,0;0,003
com.google.common.util.concurrent.Striped$CompactStriped;0;0;0,004;0,003
com.google.common.cache.LocalCache$HashIterator;0;0;0,017;0,005
com.google.common.collect.RegularImmutableAsList;0;1;0,054;0,02
com.google.common.io.Resources$UrlByteSource;0;0;0,005;0,003
com.google.common.util.concurrent.Striped$LargeLazyStriped;0;0;0,004;0,003
com.google.common.base.PatternCompiler;0;1;0,068;0,006
com.google.common.collect.AbstractMapBasedMultiset$2$1;0;0;0,066;0,003
com.google.common.collect.MutableClassToInstanceMap$2$1;0;0;0,002;0,004
com.google.common.util.concurrent.ServiceManager$ServiceListener;0;0;0,005;0,003
com.google.common.collect.RegularImmutableMultiset$SerializedForm;0;0;0,064;0,003
com.google.common.base.Functions$IdentityFunction;0;0;0,005;0,003
com.google.common.primitives.ImmutableLongArray;0;0;0,004;0,005
com.google.common.util.concurrent.ForwardingListenableFuture$SimpleForwardingListenableFuture;0;0;0,033;0,004
com.google.common.util.concurrent.ListeningScheduledExecutorService;0;0;0,029;0,004
com.google.common.collect.ImmutableSortedMap;0;0;0,073;0,008
com.google.common.util.concurrent.ForwardingBlockingQueue;0;0;0,0;0,003
com.google.common.io.BaseEncoding;0;0;0,021;0,007
com.google.common.collect.ForwardingSetMultimap;0;0;0,002;0,003
com.google.common.base.MoreObjects;1;0;0,175;0,022
com.google.common.collect.TreeRangeMap$SubRangeMap$1;0;0;0,008;0,003
com.google.common.collect.Multimaps$AsMap$EntrySet$1;0;0;0,063;0,003
com.google.common.collect.ImmutableList$1;0;0;0,036;0,009
com.google.common.hash.BloomFilter$1;0;0;0,004;0,003
com.google.common.collect.AbstractMapBasedMultimap$RandomAccessWrappedList;0;0;0,046;0,004
com.google.common.net.InetAddresses;0;0;0,005;0,004
com.google.common.util.concurrent.JdkFutureAdapters$ListenableFutureAdapter$1;0;0;0,002;0,003
com.google.common.util.concurrent.ServiceManager$FailedService;0;0;0,006;0,003
com.google.common.collect.StandardTable$Column$Values;0;0;0,015;0,003
com.google.common.graph.ElementOrder;0;0;0,049;0,025
com.google.common.collect.TreeMultiset$Aggregate;0;0;0,009;0,005
com.google.common.collect.AbstractMapBasedMultimap$WrappedCollection$WrappedIterator;0;1;0,067;0,01
com.google.common.collect.CompactHashMap$ValuesView;0;0;0,005;0,005
com.google.common.collect.MapMakerInternalMap$KeyIterator;0;0;0,043;0,003
com.google.common.reflect.Types$1;0;0;0,019;0,016
com.google.common.collect.Streams$MapWithIndexSpliterator;0;0;0,066;0,007
com.google.common.reflect.Types$2;0;0;0,01;0,004
com.google.common.util.concurrent.Service$State;0;0;0,051;0,08
com.google.common.collect.AbstractBiMap$ValueSet;0;0;0,004;0,003
com.google.common.graph.AbstractBaseGraph$IncidentEdgeSet$Directed;0;0;0,017;0,005
com.google.common.base.Function;1;0;0,352;0,172
com.google.common.collect.ImmutableMap;1;0;0,27;0,09
com.google.common.collect.ImmutableAsList$SerializedForm;0;0;0,05;0,005
com.google.common.io.ByteStreams$LimitedInputStream;0;0;0,015;0,003
com.google.common.primitives.Bytes;0;0;0,004;0,007
com.google.common.util.concurrent.ForwardingFuture;0;0;0,035;0,007
com.google.common.collect.MinMaxPriorityQueue$Builder;0;0;0,003;0,003
com.google.common.util.concurrent.TimeLimiter;0;0;0,004;0,004
com.google.common.collect.ImmutableSortedMapFauxverideShim;0;0;0,053;0,003
com.google.common.collect.CompactHashSet;0;0;0,004;0,005
com.google.common.cache.CacheBuilder;0;0;0,027;0,007
com.google.common.cache.LocalCache$NullEntry;0;0;0,018;0,005
com.google.common.collect.Range$1;0;0;0,044;0,006
com.google.common.base.Stopwatch;0;0;0,022;0,007
com.google.common.collect.StandardTable$Column;0;0;0,023;0,006
com.google.common.collect.RegularContiguousSet$SerializedForm;0;0;0,049;0,003
com.google.common.util.concurrent.CycleDetectingLockFactory$Policies;0;0;0,011;0,006
com.google.common.cache.LocalCache$AbstractCacheSet;0;0;0,014;0,004
com.google.common.collect.ImmutableMultiset$Builder;0;1;0,069;0,004
com.google.common.escape.Escapers$1;0;0;0,005;0,004
com.google.common.cache.LocalCache$LocalLoadingCache;0;0;0,016;0,003
com.google.common.collect.HashBiMap$1$MapEntry;0;0;0,01;0,003
com.google.common.collect.SingletonImmutableBiMap;0;0;0,054;0,004
com.google.common.collect.MinMaxPriorityQueue$MoveDesc;0;0;0,006;0,004
com.google.common.collect.Multisets$EntrySet;1;0;0,088;0,004
com.google.common.escape.Escapers$2;0;0;0,003;0,003
com.google.common.util.concurrent.AbstractIdleService;0;0;0,008;0,008
com.google.common.collect.ConsumingQueueIterator;0;0;0,054;0,004
com.google.common.io.CharSource$AsByteSource;0;0;0,013;0,003
com.google.common.escape.Platform$1;0;0;0,006;0,009
com.google.common.cache.RemovalNotification;0;0;0,024;0,015
com.google.common.base.Equivalence;1;0;0,091;0,042
com.google.common.cache.LocalCache$WriteQueue$1;0;0;0,015;0,003
com.google.common.cache.LocalCache$LoadingValueReference;0;0;0,019;0,005
com.google.common.cache.LocalCache$WriteQueue$2;0;0;0,015;0,003
com.google.common.collect.CompactLinkedHashMap;0;0;0,006;0,005
com.google.common.collect.Maps;1;0;0,364;0,119
com.google.common.cache.Striped64;0;0;0,016;0,011
com.google.common.collect.SetMultimap;1;0;0,13;0,029
com.google.common.collect.ImmutableSet$SerializedForm;0;0;0,045;0,007
com.google.common.collect.TransformedIterator;1;0;0,084;0,033
com.google.common.collect.DescendingImmutableSortedSet;0;0;0,057;0,003
com.google.common.collect.FilteredKeyMultimap$AddRejectingSet;0;0;0,07;0,003
com.google.common.collect.Synchronized$SynchronizedObject;0;0;0,062;0,015
com.google.common.util.concurrent.WrappingExecutorService;0;0;0,031;0,008
com.google.common.util.concurrent.ListenerCallQueue;0;0;0,016;0,004
com.google.common.collect.AbstractMapBasedMultimap$WrappedNavigableSet;1;0;0,076;0,004
com.google.common.collect.Cut$AboveAll;0;0;0,046;0,005
com.google.common.primitives.ImmutableLongArray$Builder;0;0;0,002;0,003
com.google.common.util.concurrent.AbstractFuture;0;0;0,051;0,036
com.google.common.graph.AbstractValueGraph;0;0;0,017;0,005
com.google.common.collect.RegularContiguousSet;0;0;0,059;0,006
com.google.common.hash.Crc32cHashFunction;0;0;0,008;0,003
com.google.common.collect.RangeSet;0;0;0,061;0,006
com.google.common.util.concurrent.CycleDetectingLockFactory$CycleDetectingReentrantWriteLock;0;0;0,005;0,003
com.google.common.escape.CharEscaper;0;0;0,013;0,01
com.google.common.graph.UndirectedMultiNetworkConnections$1;0;0;0,01;0,003
com.google.common.annotations.GwtCompatible;0;0;0,0;0,003
com.google.common.collect.RegularContiguousSet$3;0;0;0,049;0,003
com.google.common.collect.RegularContiguousSet$2;0;0;0,049;0,003
com.google.common.collect.RegularContiguousSet$1;0;0;0,05;0,003
com.google.common.base.Platform$JdkPatternCompiler;0;0;0,067;0,005
com.google.common.util.concurrent.CombinedFuture$AsyncCallableInterruptibleTask;0;0;0,024;0,003
com.google.common.collect.LinkedHashMultiset;0;1;0,07;0,004
com.google.common.cache.LocalCache$WriteThroughEntry;0;0;0,018;0,006
com.google.common.collect.Sets$2;0;1;0,049;0,006
com.google.common.collect.Sets$3;0;1;0,049;0,006
com.google.common.io.CharStreams$NullWriter;0;0;0,014;0,004
com.google.common.collect.Sets$1;0;1;0,057;0,015
com.google.common.base.CharMatcher$JavaLetterOrDigit;0;0;0,034;0,006
com.google.common.collect.Maps$Values;1;0;0,08;0,013
com.google.common.collect.LinkedListMultimap$ValueForKeyIterator;0;0;0,005;0,004
com.google.common.collect.Synchronized$SynchronizedAsMapEntries$1$1;0;0;0,048;0,004
com.google.common.primitives.Booleans$BooleanArrayAsList;0;0;0,042;0,006
com.google.common.escape.ArrayBasedUnicodeEscaper;0;0;0,0;0,003
com.google.common.graph.AbstractValueGraph$2;0;0;0,011;0,003
com.google.common.base.FinalizableReference;0;0;0,009;0,007
com.google.common.collect.ImmutableEnumMap$1;0;0;0,045;0,005
com.google.common.reflect.TypeToken$TypeCollector;0;0;0,021;0,008
com.google.common.util.concurrent.TrustedListenableFutureTask;0;0;0,041;0,006
com.google.common.util.concurrent.MoreExecutors$ListeningDecorator;0;0;0,029;0,004
com.google.common.collect.FilteredEntryMultimap$ValuePredicate;1;0;0,073;0,004
com.google.common.graph.AbstractValueGraph$1;0;0;0,011;0,003
com.google.common.collect.HashBasedTable$Factory;0;0;0,008;0,003
com.google.common.collect.AbstractListMultimap;1;0;0,075;0,006
com.google.common.io.MultiReader;0;0;0,013;0,003
com.google.common.base.Predicates$InstanceOfPredicate;0;0;0,062;0,004
com.google.common.cache.CacheBuilderSpec$RefreshDurationParser;0;0;0,01;0,004
com.google.common.collect.DiscreteDomain$BigIntegerDomain;0;0;0,044;0,006
com.google.common.io.Closer$LoggingSuppressor;0;0;0,014;0,006
com.google.common.util.concurrent.ServiceManager$Listener;0;0;0,013;0,007
com.google.common.collect.Lists$ReverseList$1;0;0;0,051;0,005
com.google.common.util.concurrent.AggregateFuture$RunningState$1;0;0;0,025;0,003
com.google.common.collect.ForwardingTable;0;0;0,018;0,003
com.google.common.graph.Graphs$NodeVisitState;0;0;0,012;0,003
com.google.common.graph.Traverser$TreeTraverser$DepthFirstPostOrderIterator;0;0;0,008;0,008
com.google.common.primitives.ImmutableLongArray$AsList;0;0;0,002;0,003
com.google.common.collect.TreeMultiset$1;0;0;0,012;0,008
com.google.common.io.ByteArrayDataInput;0;0;0,019;0,006
com.google.common.util.concurrent.RateLimiter$SleepingStopwatch;0;0;0,008;0,009
com.google.common.collect.TreeMultiset$4;0;0;0,006;0,003
com.google.common.collect.TreeMultiset$3;0;0;0,006;0,003
com.google.common.collect.TreeMultiset$2;0;0;0,006;0,003
com.google.common.collect.Sets$4;0;1;0,049;0,006
com.google.common.collect.Sets$5;0;1;0,052;0,007
com.google.common.cache.LocalCache$KeySet;0;0;0,011;0,003
com.google.common.collect.MapMakerInternalMap$Segment;0;1;0,067;0,013
com.google.common.base.CharMatcher;1;0;0,117;0,108
com.google.common.collect.FilteredKeyMultimap;1;0;0,08;0,005
com.google.common.collect.Sets$UnmodifiableNavigableSet;0;0;0,047;0,005
com.google.common.hash.MacHashFunction;0;0;0,008;0,003
com.google.common.collect.Synchronized$SynchronizedSortedMap;0;1;0,055;0,005
com.google.common.collect.Maps$FilteredEntryBiMap$1;0;0;0,04;0,003
com.google.common.collect.RegularImmutableMultiset$1;0;0;0,065;0,003
com.google.common.collect.RegularImmutableTable$Values;0;0;0,008;0,003
com.google.common.collect.MapMaker;1;0;0,076;0,02
com.google.common.collect.MapMakerInternalMap$InternalEntry;1;0;0,089;0,059
com.google.common.graph.Graph;0;1;0,041;0,02
com.google.common.collect.ForwardingDeque;0;0;0,005;0,007
com.google.common.util.concurrent.WrappingExecutorService$1;0;0;0,023;0,004
com.google.common.collect.MapMakerInternalMap$EntryIterator;0;0;0,043;0,003
com.google.common.collect.AbstractBiMap;0;0;0,014;0,009
com.google.common.collect.Sets$FilteredSet;0;1;0,049;0,006
com.google.common.math.LongMath$MillerRabinTester;1;0;0,073;0,008
com.google.common.base.Predicates$1;1;0;0,081;0,02
com.google.common.collect.FilteredEntryMultimap$AsMap$1EntrySetImpl;0;1;0,067;0,003
com.google.common.collect.Multisets$3$1;0;0;0,042;0,003
com.google.common.collect.Maps$FilteredEntryMap$KeySet;0;0;0,042;0,005
com.google.common.collect.FilteredKeySetMultimap$EntrySet;0;0;0,07;0,003
com.google.common.util.concurrent.CycleDetectingLockFactory$CycleDetectingLock;0;0;0,01;0,006
com.google.common.collect.CompactHashMap$Itr;0;0;0,006;0,008
com.google.common.io.ByteArrayDataOutput;0;0;0,017;0,006
com.google.common.collect.Iterators$6;0;0;0,043;0,006
com.google.common.collect.BiMap;1;0;0,089;0,018
com.google.common.collect.Iterators$7;0;0;0,043;0,006
com.google.common.collect.Iterators$8;0;0;0,043;0,006
com.google.common.collect.TreeRangeMap$SubRangeMap;0;0;0,012;0,004
com.google.common.collect.Iterators$9;0;0;0,043;0,006
com.google.common.escape.Escaper;0;0;0,018;0,017
com.google.common.util.concurrent.ServiceManager$ServiceManagerState$StoppedGuard;0;0;0,005;0,003
com.google.common.eventbus.Dispatcher$LegacyAsyncDispatcher$EventWithSubscriber;0;0;0,006;0,003
com.google.common.collect.Iterators$1;0;0;0,043;0,006
com.google.common.math.LongMath;1;0;0,091;0,011
com.google.common.collect.Iterators$2;0;0;0,043;0,006
com.google.common.collect.Iterators$3;0;0;0,043;0,006
com.google.common.collect.Iterators$4;0;0;0,043;0,006
com.google.common.collect.CollectCollectors;0;1;0,069;0,021
com.google.common.collect.Iterators$5;0;0;0,043;0,006
com.google.common.util.concurrent.ForwardingLock;0;0;0,002;0,005
com.google.common.collect.Streams$1OptionalState;0;0;0,06;0,003
com.google.common.base.ExtraObjectsMethodsForWeb;0;0;0,04;0,096
com.google.common.hash.LittleEndianByteArray$1;0;0;0,012;0,009
com.google.common.collect.RegularImmutableBiMap$Inverse;0;0;0,056;0,004
com.google.common.collect.ImmutableMultimap$Builder;1;0;0,077;0,004
com.google.common.base.Defaults;0;0;0,0;0,003
com.google.common.collect.AbstractMultimap;1;0;0,095;0,013
com.google.common.collect.RegularImmutableMap$KeySet$SerializedForm;0;0;0,047;0,003
com.google.common.hash.LongAddable;0;0;0,013;0,009
com.google.common.hash.SipHashFunction$SipHasher;0;0;0,008;0,003
com.google.common.graph.Traverser$TreeTraverser$DepthFirstPreOrderIterator;0;0;0,007;0,004
com.google.common.hash.AbstractCompositeHashFunction;0;0;0,01;0,004
com.google.common.collect.MoreCollectors$ToOptionalState;0;0;0,002;0,005
com.google.common.collect.ImmutableBiMapFauxverideShim;0;0;0,055;0,004
com.google.common.base.FinalizableSoftReference;0;0;0,0;0,003
com.google.common.cache.LocalCache$Strength$3;0;0;0,016;0,004
com.google.common.cache.LocalCache$Strength$2;0;0;0,016;0,004
com.google.common.reflect.Invokable$ConstructorInvokable;0;0;0,008;0,005
com.google.common.cache.LocalCache$Strength$1;0;0;0,016;0,004
com.google.common.eventbus.Dispatcher$PerThreadQueuedDispatcher;0;0;0,008;0,008
com.google.common.collect.ImmutableMapKeySet$KeySetSerializedForm;0;0;0,058;0,003
com.google.common.collect.AbstractBiMap$1;0;0;0,009;0,007
com.google.common.util.concurrent.Monitor$1;0;0;0,008;0,006
com.google.common.collect.TreeRangeSet$Complement;0;0;0,051;0,003
com.google.common.util.concurrent.ServiceManager$ServiceManagerState$1;0;0;0,005;0,003
com.google.common.util.concurrent.ServiceManager$ServiceManagerState;0;0;0,014;0,005
com.google.common.util.concurrent.ServiceManager$ServiceManagerState$2;0;0;0,005;0,003
com.google.common.util.concurrent.AsyncFunction;0;0;0,037;0,006
com.google.common.graph.ImmutableNetwork$3;0;0;0,002;0,003
com.google.common.collect.WellBehavedMap$EntrySet$1$1;0;0;0,003;0,004
com.google.common.graph.ImmutableNetwork$2;0;0;0,002;0,003
com.google.common.graph.ImmutableNetwork$1;0;0;0,002;0,003
com.google.common.util.concurrent.AbstractExecutionThreadService;0;0;0,006;0,008
com.google.common.cache.CacheBuilderSpec$WriteDurationParser;0;0;0,01;0,004
com.google.common.cache.LocalCache$WeightedStrongValueReference;0;0;0,015;0,003
com.google.common.collect.TreeRangeSet$RangesByUpperBound$1;0;0;0,05;0,003
com.google.common.io.ByteStreams$FastByteArrayOutputStream;0;0;0,015;0,003
com.google.common.collect.TreeRangeSet$RangesByUpperBound$2;0;0;0,05;0,003
com.google.common.cache.CacheBuilderSpec$ValueStrengthParser;0;0;0,01;0,004
com.google.common.util.concurrent.AbstractScheduledService$1ThreadFactoryImpl;0;0;0,004;0,004
com.google.common.collect.StandardTable$CellIterator;0;0;0,015;0,003
com.google.common.collect.ComputationException;0;0;0,0;0,003
com.google.common.collect.StandardTable$ColumnKeySet;0;0;0,015;0,003
com.google.common.graph.DirectedGraphConnections$2;0;0;0,009;0,005
com.google.common.base.Splitter$2$1;0;0;0,015;0,004
com.google.common.collect.StandardRowSortedTable$RowSortedMap;0;0;0,004;0,003
com.google.common.util.concurrent.CombinedFuture$CombinedFutureInterruptibleTask;0;0;0,028;0,005
com.google.common.collect.Lists$TransformingRandomAccessList;0;1;0,056;0,006
com.google.common.cache.CacheLoader$InvalidCacheLoadException;0;0;0,016;0,004
com.google.common.hash.MessageDigestHashFunction$SerializedForm;0;0;0,006;0,004
com.google.common.graph.DirectedGraphConnections$1;0;0;0,009;0,005
com.google.common.hash.Hashing$1;0;0;0,015;0,007
com.google.common.math.Quantiles$ScaleAndIndexes;0;0;0,003;0,003
com.google.common.collect.Multisets;1;0;0,119;0,045
com.google.common.util.concurrent.Futures$FutureCombiner$1;0;0;0,026;0,003
com.google.common.collect.ComparisonChain;0;0;0,044;0,008
com.google.common.util.concurrent.AbstractScheduledService$CustomScheduler$ReschedulableCallable;0;0;0,002;0,003
com.google.common.collect.Synchronized$SynchronizedQueue;0;1;0,055;0,006
com.google.common.hash.AbstractCompositeHashFunction$1;0;0;0,007;0,003
com.google.common.collect.LinkedHashMultimap$ValueEntry;0;0;0,008;0,005
com.google.common.util.concurrent.AbstractFuture$UnsafeAtomicHelper$1;0;0;0,017;0,003
com.google.common.util.concurrent.AbstractScheduledService;0;0;0,013;0,011
com.google.common.util.concurrent.ServiceManager$EmptyServiceManagerWarning;0;0;0,006;0,003
com.google.common.io.ByteSink$AsCharSink;0;0;0,013;0,004
com.google.common.graph.DirectedGraphConnections$2$1;0;0;0,007;0,004
com.google.common.util.concurrent.AbstractExecutionThreadService$2;0;0;0,002;0,004
com.google.common.collect.Iterators$MergingIterator$1;0;0;0,042;0,004
com.google.common.collect.TreeRangeSet;0;0;0,057;0,004
com.google.common.util.concurrent.AbstractExecutionThreadService$1;0;0;0,005;0,006
com.google.common.base.Suppliers$ThreadSafeSupplier;0;0;0,017;0,003
com.google.common.collect.StandardTable$RowMap$EntrySet;0;0;0,016;0,005
com.google.common.hash.Funnels$UnencodedCharsFunnel;0;0;0,011;0,003
com.google.common.math.BigIntegerMath$1;0;0;0,002;0,003
com.google.common.base.Predicates;1;0;0,115;0,022
com.google.common.collect.EmptyContiguousSet;0;0;0,056;0,004
com.google.common.util.concurrent.AbstractFuture$Waiter;0;0;0,021;0,009
com.google.common.hash.LittleEndianByteArray$JavaLittleEndianBytes$1;0;0;0,007;0,004
com.google.common.cache.CacheLoader$1$1;0;0;0,015;0,004
com.google.common.net.MediaType;0;0;0,005;0,004
com.google.common.collect.Synchronized$SynchronizedEntry;0;0;0,053;0,003
com.google.common.util.concurrent.Uninterruptibles;0;0;0,041;0,008
com.google.common.cache.LocalCache$LoadingValueReference$1;0;0;0,014;0,003
com.google.common.util.concurrent.SequentialExecutor;0;0;0,029;0,01
com.google.common.collect.ConcurrentHashMultiset$2;0;0;0,004;0,003
com.google.common.collect.ConcurrentHashMultiset$1;0;0;0,005;0,003
com.google.common.base.CharMatcher$AnyOf;0;0;0,034;0,006
com.google.common.collect.ConcurrentHashMultiset$3;0;0;0,004;0,003
com.google.common.collect.Synchronized$SynchronizedSetMultimap;0;1;0,055;0,004
com.google.common.util.concurrent.RateLimiter$SleepingStopwatch$1;0;0;0,003;0,01
com.google.common.util.concurrent.TimeoutFuture;0;0;0,031;0,004
com.google.common.util.concurrent.Futures$MappingCheckedFuture;0;0;0,029;0,003
com.google.common.primitives.Floats$FloatConverter;0;0;0,002;0,003
com.google.common.base.Platform;1;0;0,096;0,021
com.google.common.collect.ImmutableList$ReverseImmutableList;0;0;0,036;0,009
com.google.common.util.concurrent.Service$Listener;0;0;0,032;0,022
com.google.common.collect.ArrayListMultimapGwtSerializationDependencies;0;0;0,002;0,003
com.google.common.util.concurrent.ImmediateFuture$ImmediateSuccessfulCheckedFuture;0;0;0,029;0,003
com.google.common.collect.Collections2$PermutationCollection;0;0;0,064;0,004
com.google.common.hash.Funnels;0;0;0,013;0,005
com.google.common.collect.AbstractMapBasedMultimap$NavigableAsMap;0;0;0,046;0,004
com.google.common.collect.ImmutableClassToInstanceMap$1;0;0;0,004;0,004
com.google.common.collect.BoundType;1;0;0,105;0,036
com.google.common.hash.Hashing$Sha512Holder;0;0;0,008;0,003
com.google.common.collect.Maps$DescendingMap;0;0;0,05;0,006
com.google.common.hash.Crc32cHashFunction$Crc32cHasher;0;0;0,008;0,003
com.google.common.collect.ImmutableClassToInstanceMap;0;0;0,002;0,003
com.google.common.reflect.TypeToken$ClassSet;0;0;0,01;0,003
com.google.common.io.BaseEncoding$Alphabet;0;0;0,017;0,006
com.google.common.collect.Multimaps$UnmodifiableListMultimap;1;0;0,073;0,003
com.google.common.collect.RegularImmutableBiMap$InverseSerializedForm;0;0;0,053;0,003
com.google.common.collect.TreeRangeSet$ComplementRangesByLowerBound;0;0;0,054;0,004
com.google.common.collect.RegularImmutableBiMap$1;0;0;0,056;0,003
com.google.common.collect.MapMakerInternalMap$1;0;1;0,052;0,013
com.google.common.base.Platform$1;0;1;0,068;0,006
com.google.common.base.Splitter$3;0;0;0,017;0,005
com.google.common.base.VerifyException;0;0;0,002;0,004
com.google.common.base.Splitter$4;0;0;0,017;0,005
com.google.common.collect.ConcurrentHashMultiset$EntrySet;0;0;0,004;0,003
com.google.common.base.Splitter$5;0;0;0,016;0,004
com.google.common.cache.CacheBuilderSpec$InitialCapacityParser;0;0;0,01;0,004
com.google.common.eventbus.DeadEvent;0;0;0,004;0,004
com.google.common.primitives.Bytes$ByteArrayAsList;0;0;0,002;0,005
com.google.common.hash.HashCode$IntHashCode;0;0;0,009;0,011
com.google.common.base.Splitter$1;0;0;0,019;0,006
com.google.common.base.Splitter$2;0;0;0,017;0,005
com.google.common.collect.ImmutableSetMultimap$SetFieldSettersHolder;0;0;0,06;0,003
com.google.common.collect.ImmutableTable$SerializedForm;0;0;0,012;0,004
com.google.common.collect.Serialization$1;1;0;0,084;0,012
com.google.common.collect.RegularImmutableSortedSet;1;0;0,097;0,006
com.google.common.escape.ArrayBasedEscaperMap;0;0;0,006;0,005
com.google.common.graph.DirectedGraphConnections;0;0;0,02;0,008
com.google.common.collect.ArrayListMultimap;0;0;0,0;0,003
com.google.common.collect.TreeRangeMap$AsMapOfRanges;0;0;0,006;0,003
com.google.common.hash.Striped64$1;0;0;0,004;0,007
com.google.common.collect.HashBasedTable;0;0;0,008;0,003
com.google.common.collect.LinkedHashMultimap$1;0;0;0,003;0,003
com.google.common.collect.MultimapBuilder$ArrayListSupplier;0;0;0,058;0,003
com.google.common.collect.Collections2;1;0;0,125;0,026
com.google.common.graph.EndpointPairIterator;0;0;0,018;0,004
com.google.common.graph.MapIteratorCache;0;0;0,023;0,008
com.google.common.collect.ForwardingNavigableSet;0;0;0,045;0,007
com.google.common.math.IntMath;1;0;0,128;0,024
com.google.common.hash.LittleEndianByteArray$UnsafeByteArray;0;0;0,011;0,007
com.google.common.graph.EndpointPairIterator$Directed;0;0;0,013;0,003
com.google.common.collect.ForwardingImmutableSet;0;0;0,0;0,003
com.google.common.collect.NullsLastOrdering;0;0;0,044;0,006
com.google.common.collect.AbstractBiMap$BiMapEntry;0;0;0,004;0,004
com.google.common.collect.RegularImmutableMultiset;0;1;0,067;0,004
com.google.common.cache.LocalCache$EntryFactory$6;0;0;0,015;0,003
com.google.common.cache.LocalCache$EntryFactory$7;0;0;0,015;0,003
com.google.common.cache.LocalCache$EntryFactory$8;0;0;0,015;0,003
com.google.common.collect.AbstractSortedMultiset;0;0;0,009;0,004
com.google.common.cache.LocalCache$EntryFactory$2;0;0;0,015;0,003
com.google.common.collect.HashBiMap$1;0;0;0,014;0,004
com.google.common.collect.RegularImmutableMultiset$ElementSet;0;0;0,063;0,003
com.google.common.cache.LocalCache$EntryFactory$3;0;0;0,015;0,003
com.google.common.collect.Multisets$DecreasingCount;0;0;0,043;0,004
com.google.common.cache.LocalCache$EntryFactory$4;0;0;0,015;0,003
com.google.common.cache.LocalCache$EntryFactory$5;0;0;0,015;0,003
com.google.common.cache.LocalCache$EntryFactory$1;0;0;0,015;0,003
com.google.common.base.CharMatcher$Invisible;0;0;0,034;0,006
com.google.common.graph.ForwardingGraph;0;0;0,017;0,004
com.google.common.collect.HashBiMap$KeySet$1;0;0;0,01;0,003
com.google.common.base.Strings;0;0;0,019;0,005
com.google.common.collect.AbstractMapBasedMultimap;1;0;0,106;0,044
com.google.common.collect.DiscreteDomain;1;0;0,081;0,023
com.google.common.util.concurrent.Atomics;0;0;0,0;0,003
com.google.common.collect.TreeMultiset$AvlNode;0;0;0,014;0,009
com.google.common.hash.LittleEndianByteArray;0;0;0,008;0,003
com.google.common.collect.LinkedListMultimap$1ValuesImpl$1;0;0;0,004;0,004
com.google.common.collect.MapMakerInternalMap$StrongKeyStrongValueEntry$Helper;0;0;0,043;0,004
com.google.common.collect.Cut;1;0;0,102;0,024
com.google.common.collect.Streams$FunctionWithIndex;0;0;0,064;0,007
com.google.common.collect.FilteredEntryMultimap$Keys;0;1;0,07;0,003
com.google.common.io.Resources;0;0;0,005;0,003
com.google.common.cache.LocalCache$StrongValueReference;0;0;0,017;0,006
com.google.common.collect.CompactLinkedHashMap$1ValuesImpl;0;0;0,003;0,003
com.google.common.graph.EndpointPair$Unordered;0;0;0,011;0,007
com.google.common.util.concurrent.FutureCallback;0;0;0,032;0,004
com.google.common.util.concurrent.Platform;0;0;0,028;0,003
com.google.common.io.CharSource$CharSequenceCharSource$1;0;0;0,012;0,003
com.google.common.reflect.Types$ParameterizedTypeImpl;0;0;0,01;0,004
com.google.common.collect.ImmutableSortedSetFauxverideShim;0;0;0,064;0,003
com.google.common.collect.Sets$1$1;0;0;0,046;0,005
com.google.common.collect.Ordering$ArbitraryOrderingHolder;0;0;0,044;0,006
com.google.common.collect.ImmutableEnumMap;0;1;0,049;0,012
com.google.common.collect.Streams$IntFunctionWithIndex;0;0;0,064;0,007
com.google.common.reflect.TypeResolver$WildcardCapturer;0;0;0,012;0,004
com.google.common.collect.AbstractMapBasedMultimap$KeySet$1;0;0;0,044;0,004
com.google.common.collect.Collections2$TransformedCollection;0;0;0,065;0,004
com.google.common.collect.ArrayTable$RowMap;0;0;0,004;0,003
com.google.common.io.ByteStreams$ByteArrayDataOutputStream;0;0;0,015;0,003
com.google.common.collect.Synchronized$SynchronizedAsMap;0;0;0,053;0,003
com.google.common.base.CharMatcher$JavaUpperCase;0;0;0,034;0,006
com.google.common.collect.ImmutableSetMultimap;1;0;0,08;0,011
com.google.common.cache.LocalCache$EntrySet;0;0;0,011;0,003
com.google.common.hash.AbstractStreamingHasher;0;0;0,011;0,005
com.google.common.escape.ArrayBasedCharEscaper;0;0;0,004;0,004
com.google.common.graph.NetworkConnections;0;0;0,021;0,005
com.google.common.io.BaseEncoding$DecodingException;0;0;0,019;0,008
com.google.common.collect.DiscreteDomain$IntegerDomain;0;0;0,044;0,006
com.google.common.hash.Funnels$ByteArrayFunnel;0;0;0,011;0,003
com.google.common.reflect.Reflection;0;0;0,015;0,005
com.google.common.base.CharMatcher$NamedFastMatcher;0;0;0,04;0,025
com.google.common.collect.Interner;0;0;0,009;0,005
com.google.common.net.MediaType$Tokenizer;0;0;0,003;0,003
com.google.common.collect.ImmutableMapValues$1;0;0;0,046;0,003
com.google.common.collect.ImmutableMapValues$2;0;0;0,046;0,003
com.google.common.collect.TreeTraverser$1;0;0;0,006;0,004
com.google.common.graph.Traverser$GraphTraverser$DepthFirstIterator$NodeAndSuccessors;0;0;0,006;0,004
com.google.common.collect.TreeTraverser$2;0;0;0,007;0,005
com.google.common.collect.TreeTraverser$3;0;0;0,007;0,005
com.google.common.collect.StandardTable$ColumnMap;0;0;0,02;0,005
com.google.common.collect.TreeRangeMap;0;0;0,011;0,004
com.google.common.collect.TreeTraverser$4;0;0;0,006;0,004
com.google.common.base.Converter$ReverseConverter;0;0;0,037;0,014
com.google.common.reflect.Invokable;0;0;0,01;0,015
com.google.common.base.CharMatcher$Is;0;0;0,034;0,006
com.google.common.collect.Lists$2;0;0;0,054;0,005
com.google.common.collect.FilteredEntryMultimap$AsMap$1ValuesImpl;0;0;0,065;0,003
com.google.common.hash.HashFunction;0;0;0,064;0,018
com.google.common.collect.AbstractMapBasedMultimap$NavigableKeySet;0;1;0,048;0,005
com.google.common.collect.Lists$1;0;0;0,054;0,005
com.google.common.util.concurrent.CollectionFuture$ListFuture$ListFutureRunningState;0;0;0,028;0,003
com.google.common.base.Supplier;1;0;0,259;0,083
com.google.common.util.concurrent.MoreExecutors$5$1;0;0;0,022;0,006
com.google.common.eventbus.EventBus;0;0;0,012;0,016
com.google.common.collect.ReverseOrdering;0;0;0,044;0,006
com.google.common.collect.HashBiMap$Inverse$InverseKeySet;0;0;0,011;0,004
com.google.common.eventbus.Subscribe;0;0;0,0;0,003
com.google.common.collect.Synchronized;1;0;0,108;0,029
com.google.common.io.CharSource;0;0;0,037;0,012
com.google.common.cache.CacheBuilder$NullListener;0;0;0,017;0,004
com.google.common.hash.LongAddables;0;0;0,005;0,004
com.google.common.collect.FilteredEntryMultimap$AsMap;1;0;0,075;0,004
com.google.common.collect.SortedMultisetBridge;0;0;0,046;0,005
com.google.common.collect.Synchronized$SynchronizedSet;0;1;0,057;0,006
com.google.common.collect.DescendingMultiset$1EntrySetImpl;0;0;0,007;0,003
com.google.common.primitives.UnsignedLongs;0;0;0,069;0,014
com.google.common.primitives.Shorts$LexicographicalComparator;0;0;0,001;0,004
com.google.common.graph.BaseGraph;0;0;0,049;0,018
com.google.common.collect.Tables$TransformedTable$3;0;0;0,017;0,003
com.google.common.collect.Tables$TransformedTable$2;0;0;0,017;0,003
com.google.common.io.LineReader;0;0;0,014;0,005
com.google.common.base.CharMatcher$Digit;0;0;0,034;0,006
com.google.common.collect.Tables$TransformedTable$1;0;0;0,017;0,003
com.google.common.graph.AbstractDirectedNetworkConnections$1;0;0;0,009;0,003
com.google.common.collect.RegularImmutableTable;0;0;0,016;0,005
com.google.common.primitives.UnsignedBytes$LexicographicalComparatorHolder$UnsafeComparator$1;0;0;0,002;0,003
com.google.common.collect.MapMakerInternalMap$StrongKeyWeakValueEntry;0;0;0,045;0,003
com.google.common.collect.Multimaps$CustomListMultimap;1;0;0,073;0,003
com.google.common.hash.HashCode$LongHashCode;0;0;0,009;0,011
com.google.common.reflect.TypeToken$Bounds;0;0;0,007;0,004
com.google.common.collect.ImmutableMapEntrySet$EntrySetSerializedForm;0;0;0,061;0,004
com.google.common.math.IntMath$1;0;0;0,067;0,007
com.google.common.collect.Hashing;1;0;0,087;0,018
com.google.common.graph.DirectedGraphConnections$PredAndSucc;0;0;0,009;0,004
com.google.common.util.concurrent.CycleDetectingLockFactory$CycleDetectingReentrantLock;0;0;0,006;0,003
com.google.common.hash.HashingInputStream;0;0;0,0;0,003
com.google.common.collect.Synchronized$SynchronizedSortedSetMultimap;0;0;0,053;0,003
com.google.common.collect.Multimaps$AsMap;1;0;0,076;0,005
com.google.common.collect.ImmutableRangeMap;0;0;0,057;0,006
com.google.common.collect.SortedMultiset;1;0;0,073;0,012
com.google.common.collect.SparseImmutableTable;0;0;0,009;0,003
com.google.common.hash.AbstractNonStreamingHashFunction;0;0;0,01;0,004
com.google.common.collect.FluentIterable;1;0;0,1;0,029
com.google.common.reflect.Element;0;0;0,006;0,004
com.google.common.collect.DescendingImmutableSortedMultiset;0;0;0,004;0,003
com.google.common.hash.AbstractNonStreamingHashFunction$BufferingHasher;0;0;0,007;0,003
com.google.common.base.CharMatcher$InRange;0;0;0,034;0,006
com.google.common.base.CharMatcher$JavaLetter;0;0;0,034;0,006
com.google.common.collect.CompactHashMap$1;0;0;0,006;0,009
com.google.common.cache.CacheBuilderSpec$RecordStatsParser;0;0;0,01;0,004
com.google.common.math.DoubleMath$1;0;0;0,005;0,003
com.google.common.util.concurrent.CycleDetectingLockFactory$CycleDetectingReentrantReadLock;0;0;0,005;0,003
com.google.common.collect.ImmutableMap$MapViewOfValuesAsSingletonSets$1;0;0;0,042;0,005
com.google.common.collect.CompactHashMap$MapEntry;0;0;0,005;0,004
com.google.common.collect.ImmutableMultiset$EntrySetSerializedForm;0;0;0,064;0,003
com.google.common.collect.RegularImmutableTable$1;0;0;0,011;0,004
com.google.common.cache.CacheBuilderSpec$IntegerParser;0;0;0,012;0,005
com.google.common.collect.CompactHashMap$2;0;0;0,003;0,004
com.google.common.collect.SortedMapDifference;0;1;0,042;0,006
com.google.common.collect.CompactHashMap$3;0;0;0,003;0,004
com.google.common.collect.RegularImmutableSet;0;0;0,049;0,009
com.google.common.collect.FilteredEntrySetMultimap;1;0;0,073;0,003
com.google.common.graph.ValueGraph;0;0;0,028;0,011
com.google.common.collect.ForwardingSortedSet;0;0;0,051;0,008
com.google.common.util.concurrent.FuturesGetChecked$GetCheckedTypeValidatorHolder$WeakSetValidator;0;0;0,024;0,003
com.google.common.collect.ImmutableListMultimap;1;0;0,087;0,008
com.google.common.collect.AbstractMapBasedMultimap$WrappedSortedSet;1;0;0,078;0,005
com.google.common.cache.RemovalCause$4;0;0;0,006;0,013
com.google.common.cache.RemovalCause$5;0;0;0,006;0,013
com.google.common.collect.Maps$AsMapView$1EntrySetImpl;0;0;0,04;0,003
com.google.common.hash.Hashing$ChecksumType;0;0;0,012;0,006
com.google.common.cache.RemovalCause$1;0;0;0,008;0,035
com.google.common.collect.ImmutableAsList;0;0;0,067;0,01
com.google.common.cache.RemovalCause$2;0;0;0,006;0,013
com.google.common.base.MoreObjects$ToStringHelper$ValueHolder;1;0;0,074;0,01
com.google.common.cache.RemovalCause$3;0;0;0,006;0,013
com.google.common.util.concurrent.AtomicDouble;0;0;0,0;0,003
com.google.common.collect.WellBehavedMap;0;0;0,007;0,006
com.google.common.io.MoreFiles$1;0;0;0,007;0,004
com.google.common.collect.SingletonImmutableSet;0;0;0,045;0,007
com.google.common.io.MoreFiles$2;0;0;0,004;0,003
com.google.common.util.concurrent.AbstractService$IsStoppedGuard;0;0;0,01;0,003
com.google.common.io.MoreFiles$3;0;0;0,004;0,003
com.google.common.collect.ImmutableList$SerializedForm;0;0;0,043;0,02
com.google.common.collect.MapMakerInternalMap$HashIterator;0;0;0,047;0,006
com.google.common.primitives.Longs$AsciiDigits;0;0;0,049;0,006
com.google.common.util.concurrent.ForwardingExecutorService;0;0;0,002;0,003
com.google.common.collect.MapMakerInternalMap$AbstractSerializationProxy;0;0;0,043;0,003
com.google.common.util.concurrent.AbstractListeningExecutorService;0;0;0,029;0,006
com.google.common.hash.PrimitiveSink;0;0;0,049;0,047
com.google.common.util.concurrent.CombinedFuture$CombinedFutureRunningState;0;0;0,024;0,003
com.google.common.collect.FluentIterable$FromIterableFunction;0;0;0,0;0,003
com.google.common.collect.RangeGwtSerializationDependencies;0;0;0,044;0,006
com.google.common.collect.AbstractIterator;1;0;0,177;0,038
com.google.common.base.Suppliers$MemoizingSupplier;0;0;0,017;0,003
com.google.common.collect.MutableClassToInstanceMap;0;0;0,006;0,009
com.google.common.util.concurrent.Futures;0;0;0,046;0,009
com.google.common.collect.TreeBasedTable$1;0;0;0,003;0,003
com.google.common.collect.TreeBasedTable$2;0;0;0,003;0,003
com.google.common.graph.AbstractGraphBuilder;0;0;0,024;0,005
com.google.common.cache.RemovalListener;0;0;0,027;0,008
com.google.common.graph.AbstractBaseGraph$1;0;0;0,019;0,005
com.google.common.collect.Sets$5$1;0;0;0,049;0,005
com.google.common.collect.MapMakerInternalMap$WeakValueEntry;0;0;0,046;0,005
com.google.common.base.Functions$PredicateFunction;0;0;0,005;0,003
com.google.common.collect.AbstractMapBasedMultimap$WrappedList;0;1;0,049;0,006
com.google.common.collect.ImmutableMapValues$SerializedForm;0;0;0,047;0,003
com.google.common.collect.Maps$TransformedEntriesSortedMap;0;1;0,041;0,006
com.google.common.util.concurrent.AbstractService;0;0;0,037;0,016
com.google.common.io.BaseEncoding$SeparatedBaseEncoding;0;0;0,01;0,003
com.google.common.collect.MapMakerInternalMap$WeakValueReference;0;1;0,057;0,015
com.google.common.collect.MapMakerInternalMap$StrongKeyDummyValueEntry;0;0;0,045;0,003
com.google.common.collect.Synchronized$SynchronizedNavigableMap;0;0;0,053;0,003
com.google.common.collect.AbstractSetMultimap;1;0;0,084;0,009
com.google.common.collect.HashMultimapGwtSerializationDependencies;0;0;0,007;0,003
com.google.common.collect.ImmutableTable$Builder;0;0;0,008;0,003
com.google.common.primitives.UnsignedLongs$LexicographicalComparator;0;0;0,054;0,005
com.google.common.util.concurrent.JdkFutureAdapters$ListenableFutureAdapter;0;0;0,004;0,004
com.google.common.util.concurrent.AbstractService$IsStartableGuard;0;0;0,01;0,003
com.google.common.graph.Traverser$GraphTraverser;0;0;0,016;0,01
com.google.common.collect.MapMakerInternalMap$Strength$2;0;0;0,047;0,006
com.google.common.collect.MapMakerInternalMap$Strength$1;0;0;0,047;0,006
com.google.common.collect.Multiset$Entry;1;0;0,165;0,082
com.google.common.base.Predicates$NotPredicate;0;0;0,062;0,004
com.google.common.math.BigIntegerMath;0;0;0,0;0,003
com.google.common.util.concurrent.AggregateFutureState$1;0;0;0,025;0,009
com.google.common.collect.AbstractMultiset$ElementSet;1;0;0,08;0,004
com.google.common.primitives.ImmutableDoubleArray;0;0;0,004;0,005
com.google.common.collect.SortedMultisets$NavigableElementSet;0;0;0,014;0,004
com.google.common.collect.TreeMultiset$Reference;0;0;0,006;0,003
com.google.common.collect.EnumHashBiMap;0;0;0,002;0,003
com.google.common.collect.MapMakerInternalMap$SafeToArraySet;0;0;0,044;0,004
com.google.common.cache.LocalCache$WeakAccessEntry;0;0;0,015;0,003
com.google.common.collect.ImmutableSortedSet$SerializedForm;0;0;0,064;0,003
com.google.common.primitives.UnsignedLongs$ParseOverflowDetection;0;0;0,054;0,005
com.google.common.collect.MultimapBuilder$LinkedHashSetSupplier;0;0;0,058;0,003
com.google.common.math.LinearTransformation$1;0;0;0,003;0,005
com.google.common.collect.SortedMultisets;0;0;0,012;0,004
com.google.common.collect.Multimaps$MapMultimap;1;0;0,076;0,005
com.google.common.util.concurrent.FakeTimeLimiter;0;0;0,0;0,003
com.google.common.collect.EvictingQueue;0;0;0,0;0,003
com.google.common.collect.ComparisonChain$InactiveComparisonChain;0;0;0,041;0,006
com.google.common.cache.LocalCache$AbstractReferenceEntry;0;0;0,021;0,006
com.google.common.cache.ForwardingCache$SimpleForwardingCache;0;0;0,0;0,003
com.google.common.graph.AbstractBaseGraph$IncidentEdgeSet$Directed$1;0;0;0,012;0,003
com.google.common.graph.AbstractBaseGraph$IncidentEdgeSet$Directed$2;0;0;0,012;0,003
com.google.common.collect.Cut$BelowAll;0;0;0,046;0,005
com.google.common.reflect.MutableTypeToInstanceMap$1;0;0;0,005;0,004
com.google.common.collect.ReverseNaturalOrdering;0;0;0,043;0,005
com.google.common.collect.HashBiMap$BiEntry;0;0;0,023;0,01
com.google.common.util.concurrent.MoreExecutors$ScheduledListeningDecorator$NeverSuccessfulListenableFutureTask;0;0;0,026;0,003
com.google.common.annotations.VisibleForTesting;0;0;0,0;0,003
com.google.common.collect.RegularImmutableMap$Values;0;0;0,047;0,003
com.google.common.cache.AbstractLoadingCache;0;0;0,0;0,003
com.google.common.collect.AbstractMapBasedMultimap$AsMap$AsMapEntries;0;0;0,045;0,004
com.google.common.reflect.MutableTypeToInstanceMap;0;0;0,0;0,003
com.google.common.collect.ImmutableRangeMap$2;0;0;0,05;0,003
com.google.common.hash.Murmur3_128HashFunction$Murmur3_128Hasher;0;0;0,008;0,003
com.google.common.escape.CharEscaperBuilder$CharArrayDecorator;0;0;0,002;0,003
com.google.common.collect.Multisets$MultisetIteratorImpl;0;0;0,043;0,004
com.google.common.collect.ImmutableRangeMap$1;0;0;0,05;0,003
com.google.common.collect.AbstractNavigableMap$DescendingMap;0;0;0,047;0,003
com.google.common.base.FinalizableReferenceQueue$DirectLoader;0;0;0,003;0,004
com.google.common.collect.ImmutableCollection$ArrayBasedBuilder;1;0;0,078;0,009
com.google.common.collect.Maps$13;0;0;0,04;0,004
com.google.common.collect.ImmutableSortedMap$1;0;0;0,054;0,003
com.google.common.collect.RowSortedTable;0;0;0,025;0,004
com.google.common.collect.Iterables$UnmodifiableIterable;0;0;0,055;0,004
com.google.common.collect.Maps$UnmodifiableBiMap;0;0;0,04;0,004
com.google.common.collect.AbstractMapEntry;1;0;0,087;0,042
com.google.common.util.concurrent.Service$State$1;0;0;0,004;0,012
com.google.common.collect.ImmutableMap$IteratorBasedImmutableMap;0;0;0,052;0,006
com.google.common.util.concurrent.Service$State$2;0;0;0,004;0,012
com.google.common.util.concurrent.Service$State$3;0;0;0,004;0,012
com.google.common.util.concurrent.Service$State$4;0;0;0,004;0,012
com.google.common.collect.Sets$PowerSet;0;1;0,049;0,005
com.google.common.util.concurrent.Service$State$5;0;0;0,004;0,012
com.google.common.util.concurrent.Service$State$6;0;0;0,004;0,012
com.google.common.collect.ImmutableRangeSet$ComplementRanges;0;0;0,052;0,003
com.google.common.collect.Maps$10;0;0;0,04;0,004
com.google.common.collect.Maps$11;0;0;0,04;0,004
com.google.common.collect.Maps$12;0;0;0,04;0,004
com.google.common.collect.GeneralRange;0;0;0,01;0,004
com.google.common.collect.ImmutableRangeSet$SerializedForm;0;0;0,052;0,003
com.google.common.collect.Iterables$10;0;0;0,055;0,004
com.google.common.graph.UndirectedGraphConnections;0;0;0,016;0,003
com.google.common.util.concurrent.RateLimiter;0;0;0,003;0,004
com.google.common.hash.Murmur3_32HashFunction;0;0;0,009;0,003
com.google.common.util.concurrent.ImmediateFuture$ImmediateCancelledFuture;0;0;0,029;0,003
com.google.common.collect.Lists;1;0;0,172;0,052
com.google.common.reflect.Types;0;0;0,031;0,02
com.google.common.io.PatternFilenameFilter;0;0;0,0;0,003
com.google.common.io.InsecureRecursiveDeleteException;0;0;0,004;0,003
com.google.common.collect.Maps$BiMapConverter;0;0;0,04;0,004
com.google.common.xml.XmlEscapers;0;0;0,0;0,003
com.google.common.hash.ImmutableSupplier;0;0;0,01;0,004
com.google.common.io.MoreFiles$PathByteSource;0;0;0,005;0,004
com.google.common.base.Predicates$CompositionPredicate;0;0;0,062;0,004
com.google.common.base.CharMatcher$JavaIsoControl;0;0;0,034;0,006
com.google.common.math.Quantiles$Scale;0;0;0,003;0,004
com.google.common.collect.LinkedListMultimap$1EntriesImpl;0;0;0,004;0,003
com.google.common.util.concurrent.AbstractScheduledService$CustomScheduler$Schedule;0;0;0,004;0,004
com.google.common.hash.LongAddables$PureJavaLongAddable;0;0;0,006;0,003
com.google.common.io.Files$FileByteSink;0;0;0,006;0,003
com.google.common.collect.Tables;0;0;0,035;0,008
com.google.common.cache.RemovalListeners$1$1;0;0;0,002;0,004
com.google.common.util.concurrent.Futures$InCompletionOrderState;0;0;0,033;0,005
com.google.common.util.concurrent.ListenableFutureTask;0;0;0,016;0,004
com.google.common.cache.RemovalListeners$1;0;0;0,004;0,004
com.google.common.cache.LocalCache$WeightedWeakValueReference;0;0;0,015;0,003
com.google.common.collect.TreeRangeSet$SubRangeSetRangesByLowerBound;0;0;0,054;0,004
com.google.common.collect.TransformedListIterator;0;0;0,058;0,006
com.google.common.collect.CompactLinkedHashMap$1KeySetImpl;0;0;0,003;0,003
com.google.common.hash.Hashing$Sha1Holder;0;0;0,008;0,003
com.google.common.util.concurrent.ImmediateFuture;0;0;0,032;0,007
com.google.common.collect.TreeTraverser$PostOrderNode;0;0;0,006;0,004
com.google.common.util.concurrent.SmoothRateLimiter$1;0;0;0,006;0,005
com.google.common.collect.ImmutableMapEntry;0;0;0,059;0,009
com.google.common.io.LittleEndianDataInputStream;0;0;0,0;0,003
com.google.common.util.concurrent.FuturesGetChecked$GetCheckedTypeValidatorHolder$ClassValueValidator;0;0;0,025;0,003
com.google.common.collect.Lists$ReverseList;0;1;0,057;0,01
com.google.common.base.Equivalence$EquivalentToPredicate;0;0;0,042;0,007
com.google.common.collect.AbstractIterator$State;0;1;0,056;0,02
com.google.common.graph.Traverser$1;0;0;0,012;0,006
com.google.common.graph.EndpointPairIterator$Undirected;0;0;0,013;0,003
com.google.common.collect.ImmutableMultimap$EntryCollection;0;0;0,069;0,003
com.google.common.collect.Lists$StringAsImmutableList;0;0;0,054;0,005
com.google.common.base.CharMatcher$SingleWidth;0;0;0,034;0,006
com.google.common.cache.CacheLoader$FunctionToCacheLoader;0;0;0,017;0,004
com.google.common.collect.CompactHashMap$KeySetView;0;0;0,005;0,005
com.google.common.graph.GraphConnections;0;0;0,021;0,005
com.google.common.cache.LocalCache$WeightedSoftValueReference;0;0;0,015;0,003
com.google.common.eventbus.SubscriberRegistry$2;0;0;0,005;0,003
com.google.common.collect.Multimaps$Entries;0;0;0,066;0,004
com.google.common.eventbus.EventBus$LoggingHandler;0;0;0,006;0,004
com.google.common.collect.Multimaps$AsMap$EntrySet;0;1;0,069;0,004
com.google.common.io.BaseEncoding$Base64Encoding;0;0;0,011;0,003
com.google.common.collect.Interners$InternerFunction;0;0;0,002;0,003
com.google.common.collect.MultimapBuilder$LinkedListSupplier;0;0;0,058;0,003
com.google.common.collect.AbstractBiMap$Inverse;0;0;0,004;0,003
com.google.common.graph.UndirectedNetworkConnections;0;0;0,012;0,003
com.google.common.util.concurrent.AbstractFuture$UnsafeAtomicHelper;0;0;0,016;0,004
com.google.common.util.concurrent.UncheckedExecutionException;0;0;0,049;0,007
com.google.common.collect.Multisets$4$1;0;0;0,043;0,003
com.google.common.collect.Multisets$4$2;0;0;0,043;0,003
com.google.common.cache.CacheBuilderSpec$MaximumSizeParser;0;0;0,01;0,004
com.google.common.cache.LocalCache$StrongEntry;0;0;0,022;0,006
com.google.common.eventbus.SubscriberExceptionContext;0;0;0,008;0,014
com.google.common.util.concurrent.Striped;0;0;0,004;0,004
com.google.common.collect.MapMakerInternalMap$WeakKeyStrongValueSegment;0;0;0,043;0,003
com.google.common.collect.Synchronized$SynchronizedAsMapEntries$1;0;0;0,051;0,004
com.google.common.util.concurrent.Striped$SmallLazyStriped$ArrayReference;0;0;0,005;0,003
com.google.common.collect.Multimaps$UnmodifiableSortedSetMultimap;1;0;0,073;0,003
com.google.common.collect.Multimaps$CustomSetMultimap;1;0;0,073;0,003
com.google.common.collect.FilteredEntryMultimap$AsMap$1KeySetImpl;0;0;0,065;0,003
com.google.common.io.ByteSource$ByteArrayByteSource;0;0;0,011;0,005
com.google.common.collect.CollectSpliterators$1FlatMapSpliterator;0;0;0,049;0,011
com.google.common.reflect.TypeResolver$TypeTable;0;0;0,011;0,006
com.google.common.collect.StandardTable$Column$EntrySetIterator$1EntryImpl;0;0;0,013;0,003
com.google.common.util.concurrent.ForwardingCheckedFuture;0;0;0,002;0,003
com.google.common.collect.NaturalOrdering;0;1;0,045;0,007
com.google.common.hash.Funnels$StringCharsetFunnel$SerializedForm;0;0;0,011;0,003
com.google.common.eventbus.SubscriberRegistry$1;0;0;0,004;0,003
com.google.common.util.concurrent.MoreExecutors$ScheduledListeningDecorator$ListenableScheduledTask;0;0;0,026;0,003
com.google.common.cache.Cache;0;0;0,033;0,008
com.google.common.collect.TreeTraverser$BreadthFirstIterator;0;0;0,006;0,003
com.google.common.collect.LinkedListMultimap$Node;0;0;0,011;0,01
com.google.common.collect.ListMultimap;1;0;0,1;0,011
com.google.common.collect.WellBehavedMap$EntrySet$1;0;0;0,004;0,005
com.google.common.graph.AbstractBaseGraph$IncidentEdgeSet;0;0;0,018;0,004
com.google.common.graph.AbstractBaseGraph;0;0;0,022;0,006
com.google.common.collect.Maps$NavigableKeySet;0;0;0,054;0,006
com.google.common.net.HttpHeaders;0;0;0,0;0,003
com.google.common.reflect.ClassPath$ClassInfo;0;0;0,007;0,005
com.google.common.util.concurrent.AbstractFuture$SafeAtomicHelper;0;0;0,016;0,004
com.google.common.util.concurrent.CycleDetectingLockFactory$WithExplicitOrdering;0;0;0,005;0,003
com.google.common.base.Predicates$SubtypeOfPredicate;0;0;0,062;0,004
com.google.common.primitives.ParseRequest;0;0;0,058;0,008
com.google.common.cache.CacheBuilder$OneWeigher;0;0;0,019;0,004
com.google.common.util.concurrent.AbstractFuture$Failure;0;0;0,016;0,004
com.google.common.collect.Multimaps$TransformedEntriesListMultimap;1;0;0,073;0,003
com.google.common.escape.Escapers$Builder$1;0;0;0,003;0,004
com.google.common.primitives.Longs;1;0;0,076;0,027
com.google.common.collect.ForwardingListIterator;0;0;0,0;0,003
com.google.common.net.UrlEscapers;0;0;0,0;0,003
com.google.common.primitives.ImmutableIntArray;0;0;0,004;0,005
com.google.common.collect.ImmutableBiMap$SerializedForm;0;0;0,054;0,004
com.google.common.collect.Multimaps$UnmodifiableSetMultimap;1;0;0,075;0,003
com.google.common.cache.CacheBuilderSpec$1;0;0;0,01;0,004
com.google.common.util.concurrent.ListeningExecutorService;0;0;0,039;0,009
com.google.common.graph.UndirectedMultiNetworkConnections;0;0;0,014;0,004
com.google.common.hash.Hashing$Md5Holder;0;0;0,008;0,003
com.google.common.collect.Maps$FilteredEntryMap;0;1;0,052;0,012
com.google.common.util.concurrent.AbstractService$IsStoppableGuard;0;0;0,01;0,003
com.google.common.collect.Synchronized$SynchronizedMultiset;0;0;0,053;0,003
com.google.common.util.concurrent.AbstractTransformFuture;0;0;0,032;0,004
com.google.common.collect.TreeRangeMap$SubRangeMap$SubRangeMapAsMap$1;0;0;0,007;0,003
com.google.common.io.FileBackedOutputStream$2;0;0;0,002;0,004
com.google.common.collect.TreeRangeMap$SubRangeMap$SubRangeMapAsMap$2;0;0;0,007;0,003
com.google.common.io.FileBackedOutputStream$1;0;0;0,003;0,008
com.google.common.math.LinearTransformation$LinearTransformationBuilder;0;0;0,006;0,005
com.google.common.collect.TreeRangeMap$SubRangeMap$SubRangeMapAsMap$3;0;0;0,007;0,003
com.google.common.base.Splitter$3$1;0;0;0,015;0,003
com.google.common.graph.AbstractNetwork$3;0;0;0,012;0,003
com.google.common.base.Stopwatch$1;0;0;0,016;0,004
com.google.common.collect.Synchronized$SynchronizedCollection;0;1;0,062;0,012
com.google.common.util.concurrent.AbstractIdleService$DelegateService$1;0;0;0,003;0,003
com.google.common.util.concurrent.AbstractIdleService$DelegateService$2;0;0;0,003;0,003
com.google.common.collect.TreeRangeMap$SubRangeMap$SubRangeMapAsMap$4;0;0;0,007;0,003
com.google.common.collect.Serialization$FieldSetter;1;0;0,099;0,008
com.google.common.collect.Maps$UnmodifiableEntrySet;0;0;0,04;0,004
com.google.common.base.CaseFormat$1;0;0;0,009;0,007
com.google.common.hash.HashCode;0;0;0,068;0,048
com.google.common.base.CaseFormat$2;0;0;0,003;0,003
com.google.common.base.CaseFormat$3;0;0;0,003;0,003
com.google.common.base.CaseFormat$4;0;0;0,003;0,003
com.google.common.base.CaseFormat$5;0;0;0,003;0,003
com.google.common.collect.Sets$FilteredNavigableSet;0;0;0,047;0,005
com.google.common.graph.AbstractNetwork$2;0;0;0,011;0,003
com.google.common.graph.AbstractNetwork$1;0;0;0,013;0,004
com.google.common.collect.UnmodifiableSortedMultiset;0;0;0,043;0,004
com.google.common.eventbus.Subscriber$1;0;0;0,006;0,006
com.google.common.io.ByteSource$EmptyByteSource;0;0;0,01;0,004
com.google.common.hash.ChecksumHashFunction$ChecksumHasher;0;0;0,007;0,003
com.google.common.collect.MapMakerInternalMap$WriteThroughEntry;0;0;0,048;0,007
com.google.common.collect.ConcurrentHashMultiset;0;0;0,011;0,006
com.google.common.util.concurrent.Service$1;0;0;0,007;0,044
com.google.common.collect.ForwardingQueue;0;0;0,007;0,011
com.google.common.math.LinearTransformation$RegularLinearTransformation;0;0;0,003;0,009
com.google.common.collect.AbstractMapBasedMultimap$WrappedSet;1;0;0,079;0,006
com.google.common.util.concurrent.AggregateFuture$RunningState;0;0;0,037;0,007
com.google.common.collect.Sets$SubSet;0;0;0,048;0,004
com.google.common.util.concurrent.MoreExecutors$ScheduledListeningDecorator;0;0;0,027;0,003
com.google.common.html.HtmlEscapers;0;0;0,0;0,003
com.google.common.collect.EmptyContiguousSet$SerializedForm;0;0;0,05;0,003
com.google.common.collect.ForwardingMultiset;0;0;0,051;0,005
com.google.common.util.concurrent.InterruptibleTask$1;0;0;0,029;0,01
com.google.common.collect.ImmutableRangeSet$AsSet$2;0;0;0,051;0,003
com.google.common.util.concurrent.ForwardingCheckedFuture$SimpleForwardingCheckedFuture;0;0;0,0;0,003
com.google.common.collect.ImmutableRangeSet$AsSet$1;0;0;0,051;0,003
com.google.common.collect.ImmutableMultiset$EntrySet;0;0;0,065;0,003
com.google.common.collect.Synchronized$SynchronizedTable;0;1;0,057;0,005
com.google.common.collect.TreeMultimap;0;0;0,0;0,003
com.google.common.math.LinearTransformation$NaNLinearTransformation;0;0;0,002;0,004
com.google.common.collect.ImmutableMultisetGwtSerializationDependencies;0;0;0,066;0,003
com.google.common.hash.Funnels$LongFunnel;0;0;0,011;0,003
com.google.common.base.Splitter;0;0;0,053;0,027
com.google.common.collect.Maps$FilteredEntrySortedMap$SortedKeySet;0;0;0,04;0,004
com.google.common.collect.Maps$8;0;0;0,04;0,004
com.google.common.collect.ArrayTable$Column;0;0;0,006;0,004
com.google.common.collect.Maps$9;0;0;0,04;0,004
com.google.common.collect.Maps$6;0;0;0,04;0,004
com.google.common.util.concurrent.MoreExecutors$2;0;0;0,027;0,003
com.google.common.collect.Maps$7;0;0;0,04;0,004
com.google.common.util.concurrent.MoreExecutors$1;0;0;0,029;0,005
com.google.common.util.concurrent.MoreExecutors$4;0;0;0,027;0,003
com.google.common.util.concurrent.MoreExecutors$3;0;0;0,027;0,003
com.google.common.collect.ComparatorOrdering;0;0;0,044;0,006
com.google.common.math.LongMath$MillerRabinTester$2;0;0;0,064;0,005
com.google.common.math.LongMath$MillerRabinTester$1;0;0;0,064;0,005
com.google.common.util.concurrent.MoreExecutors$5;0;0;0,028;0,009
com.google.common.collect.Maps$1;0;1;0,048;0,013
com.google.common.collect.Maps$4;0;0;0,04;0,004
com.google.common.collect.Maps$5;0;0;0,04;0,004
com.google.common.collect.Maps$2;0;0;0,04;0,004
com.google.common.collect.Maps$3;0;0;0,04;0,004
com.google.common.collect.ImmutableSortedMultiset$Builder;0;0;0,007;0,004
com.google.common.reflect.Invokable$MethodInvokable;0;0;0,009;0,01
com.google.common.collect.Queues;0;0;0,036;0,006
com.google.common.collect.FilteredKeyMultimap$Entries;0;1;0,071;0,004
com.google.common.hash.AbstractHasher;0;0;0,023;0,005
com.google.common.util.concurrent.AbstractFuture$Listener;0;0;0,021;0,009
com.google.common.collect.Maps$ViewCachingAbstractMap;1;0;0,077;0,01
com.google.common.reflect.TypeResolver;0;0;0,011;0,005
com.google.common.base.Optional$1$1;0;0;0,057;0,01
com.google.common.collect.Ordering$ArbitraryOrdering;0;0;0,043;0,005
com.google.common.collect.ImmutableMap$1;0;1;0,043;0,008
com.google.common.hash.SipHashFunction;0;0;0,008;0,003
com.google.common.primitives.Doubles$DoubleArrayAsList;0;0;0,007;0,004
com.google.common.collect.SortedLists$KeyAbsentBehavior$2;0;0;0,049;0,005
com.google.common.collect.SortedLists$KeyAbsentBehavior$1;0;0;0,049;0,005
com.google.common.collect.AbstractTable;0;0;0,035;0,01
com.google.common.collect.Tables$1;0;0;0,019;0,003
com.google.common.util.concurrent.ServiceManager;0;0;0,007;0,003
com.google.common.collect.SortedLists$KeyAbsentBehavior$3;0;0;0,049;0,005
com.google.common.collect.StandardRowSortedTable$1;0;0;0,006;0,004
com.google.common.cache.LocalCache$LoadingSerializationProxy;0;0;0,016;0,003
com.google.common.eventbus.Subscriber$SynchronizedSubscriber;0;0;0,005;0,005
com.google.common.reflect.TypeToken$TypeFilter;0;0;0,017;0,006
com.google.common.collect.Multimap;1;0;0,196;0,08
com.google.common.io.CharSink;0;0;0,026;0,008
com.google.common.collect.AbstractMapBasedMultiset$MapBasedMultisetIterator;0;0;0,069;0,003
com.google.common.collect.ForwardingConcurrentMap;0;0;0,043;0,003
com.google.common.util.concurrent.CycleDetectingLockFactory$LockGraphNode;0;0;0,012;0,025
com.google.common.hash.AbstractHashFunction;0;0;0,031;0,008
com.google.common.base.StandardSystemProperty;0;0;0,005;0,003
com.google.common.graph.AbstractNetwork$1$1$1;0;0;0,009;0,003
com.google.common.base.Suppliers$SupplierComposition;0;0;0,017;0,003
com.google.common.collect.Tables$TransposeTable;0;0;0,019;0,003
com.google.common.eventbus.Dispatcher$PerThreadQueuedDispatcher$Event;0;0;0,006;0,005
com.google.common.graph.AbstractDirectedNetworkConnections;0;0;0,014;0,004
com.google.common.io.RecursiveDeleteOption;0;0;0,004;0,003
com.google.common.base.CharMatcher$Or;0;0;0,034;0,006
com.google.common.collect.CollectSpliterators;1;0;0,134;0,052
com.google.common.eventbus.Dispatcher$ImmediateDispatcher;0;0;0,005;0,004
com.google.common.util.concurrent.SmoothRateLimiter$SmoothBursty;0;0;0,003;0,003
com.google.common.collect.ForwardingSortedMap$StandardKeySet;0;0;0,0;0,003
com.google.common.util.concurrent.MoreExecutors$Application$1;0;0;0,023;0,005
com.google.common.util.concurrent.FluentFuture;0;0;0,021;0,008
com.google.common.escape.Escaper$1;0;0;0,004;0,01
com.google.common.io.FileBackedOutputStream$MemoryOutput;0;0;0,002;0,004
com.google.common.collect.MultimapBuilder;1;0;0,083;0,006
com.google.common.collect.ForwardingNavigableMap$StandardDescendingMap;0;0;0,002;0,004
com.google.common.util.concurrent.SimpleTimeLimiter$1;0;0;0,002;0,005
com.google.common.util.concurrent.CycleDetectingLockFactory$1;0;0;0,015;0,016
com.google.common.base.JdkPattern;1;0;0,079;0,006
com.google.common.collect.CartesianList$1;0;0;0,056;0,004
com.google.common.collect.Synchronized$SynchronizedRandomAccessList;0;0;0,053;0,003
com.google.common.base.FinalizableWeakReference;0;0;0,0;0,003
com.google.common.base.internal.Finalizer;0;0;0,0;0,003
com.google.common.base.Enums$StringConverter;0;0;0,064;0,003
com.google.common.util.concurrent.SequentialExecutor$QueueWorker;0;0;0,022;0,005
com.google.common.graph.Network;0;1;0,049;0,016
com.google.common.collect.RegularImmutableBiMap;0;1;0,061;0,005
com.google.common.graph.AbstractGraph;0;0;0,022;0,005
com.google.common.io.ByteSink;0;0;0,025;0,007
com.google.common.util.concurrent.CycleDetectingLockFactory$ExampleStackTrace;0;0;0,004;0,01
com.google.common.collect.ImmutableBiMap$Builder;0;1;0,056;0,006
com.google.common.hash.AbstractNonStreamingHashFunction$ExposedByteArrayOutputStream;0;0;0,007;0,003
com.google.common.collect.HashBiMap$KeySet;0;0;0,012;0,004
com.google.common.base.CharMatcher$None;0;0;0,034;0,006
com.google.common.collect.RegularImmutableTable$CellSet;0;0;0,008;0,003
com.google.common.collect.Maps$TransformedEntriesMap;0;1;0,042;0,006
com.google.common.collect.MapMakerInternalMap$WeakValueReferenceImpl;0;0;0,049;0,004
com.google.common.collect.TreeRangeSet$AsRanges;0;0;0,051;0,003
com.google.common.primitives.Chars;0;0;0,002;0,009
com.google.common.hash.MacHashFunction$MacHasher;0;0;0,008;0,003
com.google.common.cache.LongAdder;0;0;0,018;0,005
com.google.common.collect.WellBehavedMap$1;0;0;0,005;0,006
com.google.common.collect.RegularImmutableMultiset$NonTerminalEntry;0;0;0,064;0,003
com.google.common.util.concurrent.AbstractFuture$Cancellation;0;0;0,016;0,004
com.google.common.hash.MessageDigestHashFunction;0;0;0,019;0,01
com.google.common.collect.CompactHashSet$1;0;0;0,002;0,003
com.google.common.util.concurrent.ServiceManager$ServiceManagerState$AwaitHealthGuard;0;0;0,005;0,003
com.google.common.util.concurrent.Runnables;0;0;0,0;0,003
com.google.common.collect.DenseImmutableTable$1;0;0;0,01;0,004
com.google.common.cache.LocalCache$StrongAccessEntry;0;0;0,015;0,003
com.google.common.collect.Count;1;0;0,075;0,006
com.google.common.collect.StandardTable$ColumnMap$ColumnMapEntrySet;0;0;0,016;0,004
com.google.common.cache.LocalCache$LocalManualCache$1;0;0;0,015;0,003
com.google.common.util.concurrent.Callables;0;0;0,034;0,009
com.google.common.primitives.Shorts$ShortConverter;0;0;0,002;0,004
com.google.common.graph.Traverser$GraphTraverser$BreadthFirstIterator;0;0;0,007;0,004
com.google.common.collect.DiscreteDomain$1;0;1;0,047;0,011
com.google.common.io.ByteStreams$ByteArrayDataInputStream;0;0;0,015;0,003
com.google.common.net.HostAndPort;0;0;0,002;0,003
com.google.common.collect.TreeBasedTable;0;0;0,006;0,006
com.google.common.base.Equivalence$Wrapper;0;0;0,042;0,007
com.google.common.graph.Traverser;0;0;0,014;0,006
com.google.common.util.concurrent.Monitor;0;0;0,025;0,015
com.google.common.base.CharMatcher$FastMatcher;0;0;0,038;0,022
com.google.common.collect.AbstractMapBasedMultimap$Itr;0;0;0,048;0,006
com.google.common.hash.Funnels$StringCharsetFunnel;0;0;0,011;0,003
com.google.common.base.Converter$ConverterComposition;0;0;0,037;0,014
com.google.common.collect.EmptyImmutableSetMultimap;0;0;0,06;0,003
com.google.common.base.Predicates$IsEqualToPredicate;0;0;0,062;0,004
com.google.common.util.concurrent.AbstractFuture$TrustedFuture;0;0;0,047;0,015
com.google.common.collect.ImmutableCollection;1;0;0,175;0,077
com.google.common.collect.Maps$IteratorBasedAbstractMap$1;0;0;0,055;0,007
com.google.common.cache.LocalCache$ManualSerializationProxy;0;0;0,017;0,003
com.google.common.graph.EndpointPairIterator$1;0;0;0,017;0,004
com.google.common.hash.BloomFilterStrategies;0;0;0,006;0,004
com.google.common.io.BaseEncoding$5;0;0;0,012;0,003
com.google.common.io.BaseEncoding$3;0;0;0,012;0,003
com.google.common.io.BaseEncoding$4;0;0;0,012;0,003
com.google.common.collect.ImmutableCollection$Builder;1;0;0,091;0,014
com.google.common.graph.ConfigurableMutableNetwork;0;0;0,011;0,003
com.google.common.graph.MutableGraph;0;0;0,016;0,004
com.google.common.io.BaseEncoding$1;0;0;0,011;0,003
com.google.common.io.BaseEncoding$2;0;0;0,011;0,003
com.google.common.math.Quantiles$1;0;0;0,007;0,006
com.google.common.annotations.GwtIncompatible;0;0;0,0;0,003
com.google.common.collect.TreeRangeMap$1;0;0;0,007;0,003
com.google.common.collect.CartesianList;0;1;0,06;0,006
com.google.common.collect.Maps$FilteredKeyMap;0;0;0,04;0,004
com.google.common.util.concurrent.CycleDetectingLockFactory$PotentialDeadlockException;0;0;0,009;0,015
com.google.common.util.concurrent.AbstractService$HasReachedRunningGuard;0;0;0,01;0,003
com.google.common.collect.MapMakerInternalMap$AbstractStrongKeyEntry;0;0;0,05;0,005
com.google.common.collect.MapMakerInternalMap$StrongKeyWeakValueEntry$Helper;0;0;0,043;0,004
com.google.common.collect.ForwardingSortedMultiset$StandardDescendingMultiset;0;0;0,0;0,003
com.google.common.graph.Traverser$GraphTraverser$DepthFirstIterator;0;0;0,01;0,008
com.google.common.util.concurrent.AbstractScheduledService$Scheduler;0;0;0,011;0,007
com.google.common.util.concurrent.ListenerCallQueue$Event;0;0;0,034;0,015
com.google.common.util.concurrent.ListenableFuture;1;0;0,126;0,081
com.google.common.collect.ImmutableEnumSet$EnumSerializedForm;0;0;0,048;0,004
com.google.common.io.CharSource$ConcatenatedCharSource;0;0;0,013;0,003
com.google.common.util.concurrent.JdkFutureAdapters;0;0;0,0;0,003
com.google.common.hash.Striped64$Cell;0;0;0,007;0,009
com.google.common.collect.ImmutableList;1;0;0,296;0,128
com.google.common.collect.ImmutableRangeSet$AsSet;0;0;0,055;0,003
com.google.common.escape.Escapers;0;0;0,005;0,004
com.google.common.io.Flushables;0;0;0,0;0,003
com.google.common.collect.SortedMultisets$ElementSet;0;0;0,01;0,003
com.google.common.reflect.TypeResolver$TypeTable$1;0;0;0,008;0,003
com.google.common.hash.HashingOutputStream;0;0;0,0;0,003
com.google.common.math.PairedStatsAccumulator;0;0;0,0;0,003
com.google.common.hash.BloomFilter;0;0;0,002;0,003
com.google.common.reflect.MutableTypeToInstanceMap$UnmodifiableEntry;0;0;0,006;0,005
com.google.common.util.concurrent.Callables$4;0;0;0,023;0,004
com.google.common.util.concurrent.Callables$3;0;0;0,023;0,004
com.google.common.util.concurrent.Callables$2;0;0;0,023;0,004
com.google.common.cache.LongAddable;0;0;0,025;0,009
com.google.common.collect.CompactLinkedHashSet;0;0;0,0;0,003
com.google.common.primitives.ImmutableIntArray$AsList;0;0;0,002;0,003
com.google.common.util.concurrent.Callables$1;0;0;0,023;0,004
com.google.common.hash.Hashing$ConcatenatedHashFunction;0;0;0,008;0,003
com.google.common.collect.ImmutableRangeMap$Builder;0;0;0,054;0,004
com.google.common.io.LineProcessor;0;0;0,028;0,011
com.google.common.collect.MapMakerInternalMap;1;0;0,094;0,028
com.google.common.collect.ForwardingSortedMultiset;0;0;0,005;0,004
com.google.common.collect.Maps$UnmodifiableEntries;0;1;0,067;0,005
com.google.common.graph.ImmutableGraph;0;0;0,005;0,003
com.google.common.collect.ImmutableSortedMap$1EntrySet$1;0;0;0,052;0,003
com.google.common.io.Closer$Suppressor;0;0;0,015;0,009
com.google.common.collect.RegularImmutableSortedMultiset;0;0;0,004;0,003
com.google.common.collect.AbstractMapBasedMultimap$WrappedCollection;1;0;0,09;0,019
com.google.common.collect.Maps$DescendingMap$1EntrySetImpl;0;0;0,043;0,004
com.google.common.util.concurrent.AbstractFuture$SynchronizedHelper;0;0;0,016;0,004
com.google.common.reflect.ClassPath;0;0;0,007;0,004
com.google.common.collect.LinkedHashMultimap;0;0;0,005;0,004
com.google.common.base.CharMatcher$IsNot;0;0;0,034;0,006
com.google.common.collect.Synchronized$SynchronizedList;0;1;0,055;0,006
com.google.common.base.FinalizableReferenceQueue$FinalizerLoader;0;0;0,007;0,011
com.google.common.cache.AbstractCache;0;0;0,002;0,003
com.google.common.collect.Maps$SortedKeySet;0;0;0,055;0,007
com.google.common.collect.StandardTable$TableSet;0;0;0,019;0,004
com.google.common.util.concurrent.AbstractIdleService$DelegateService;0;0;0,005;0,006
com.google.common.collect.LexicographicalOrdering;0;1;0,046;0,007
com.google.common.collect.MapMakerInternalMap$AbstractWeakKeyEntry;0;0;0,05;0,005
com.google.common.util.concurrent.Futures$NonCancellationPropagatingFuture;0;0;0,029;0,003
com.google.common.collect.Multisets$5;0;0;0,043;0,004
com.google.common.collect.StandardTable$Row;0;0;0,021;0,008
com.google.common.hash.LittleEndianByteArray$LittleEndianBytes;0;0;0,012;0,006
com.google.common.collect.Multisets$3;0;1;0,045;0,005
com.google.common.collect.Multisets$4;0;1;0,047;0,006
com.google.common.collect.Multisets$1;0;1;0,052;0,008
com.google.common.cache.CacheStats;0;0;0,033;0,015
com.google.common.collect.Multisets$2;0;1;0,045;0,005
com.google.common.collect.LinkedHashMultimapGwtSerializationDependencies;0;0;0,004;0,003
com.google.common.collect.Iterables;1;0;0,163;0,052
com.google.common.collect.LinkedListMultimap$1;0;0;0,007;0,004
com.google.common.collect.Sets$Accumulator;0;0;0,047;0,005
com.google.common.graph.ConfigurableValueGraph;0;0;0,015;0,003
com.google.common.io.CountingOutputStream;0;0;0,0;0,003
com.google.common.cache.CacheLoader$SupplierToCacheLoader;0;0;0,017;0,004
com.google.common.util.concurrent.ThreadFactoryBuilder$1;0;0;0,023;0,007
com.google.common.collect.CompactLinkedHashMap$1EntrySetImpl;0;0;0,003;0,003
com.google.common.collect.ImmutableTable$MutableCell;0;0;0,008;0,003
com.google.common.collect.MapMakerInternalMap$StrongKeyDummyValueEntry$Helper;0;0;0,043;0,004
com.google.common.collect.HashBiMap$Itr;0;0;0,017;0,005
com.google.common.graph.PredecessorsFunction;0;0;0,02;0,009
com.google.common.collect.ObjectArrays;1;0;0,088;0,039
com.google.common.collect.Synchronized$SynchronizedDeque;0;0;0,053;0,003
com.google.common.util.concurrent.Monitor$Guard;0;0;0,025;0,013
com.google.common.collect.SortedIterable;1;0;0,077;0,008
com.google.common.io.MoreFiles;0;0;0,006;0,006
com.google.common.collect.RangeMap;0;0;0,064;0,005
com.google.common.collect.UnmodifiableIterator;1;0;0,28;0,203
com.google.common.io.ByteSource$AsCharSource;0;0;0,012;0,004
com.google.common.base.Functions$SupplierFunction;0;0;0,005;0,003
com.google.common.collect.ImmutableSortedMultiset;0;0;0,01;0,005
com.google.common.collect.Maps$EntryFunction$2;0;0;0,04;0,004
com.google.common.collect.Maps$EntryFunction$1;0;0;0,04;0,004
com.google.common.collect.Iterators$EmptyModifiableIterator;0;0;0,043;0,006
com.google.common.io.BaseEncoding$StandardBaseEncoding$2;0;0;0,01;0,003
com.google.common.collect.MultimapBuilder$SortedSetMultimapBuilder;0;1;0,061;0,004
com.google.common.io.BaseEncoding$StandardBaseEncoding$1;0;0;0,01;0,003
com.google.common.io.AppendableWriter;0;0;0,014;0,004
com.google.common.collect.HashMultiset;0;1;0,072;0,006
com.google.common.cache.CacheBuilderSpec$ValueParser;0;0;0,018;0,01
com.google.common.base.SmallCharMatcher;0;0;0,034;0,006
com.google.common.base.CharMatcher$RangesMatcher;0;0;0,036;0,017
com.google.common.collect.SingletonImmutableList;0;0;0,036;0,009
com.google.common.base.Predicates$AndPredicate;0;0;0,062;0,004
com.google.common.io.BaseEncoding$Base16Encoding;0;0;0,011;0,003
com.google.common.primitives.Floats;0;0;0,002;0,004
com.google.common.reflect.TypeToken$TypeCollector$1;0;0;0,01;0,003
com.google.common.collect.Maps$FilteredMapValues;0;0;0,044;0,004
com.google.common.graph.Traverser$TreeTraverser;0;0;0,017;0,012
com.google.common.collect.Streams;0;1;0,067;0,007
com.google.common.collect.LinkedListMultimap$1KeySetImpl;0;0;0,004;0,003
com.google.common.collect.MutableClassToInstanceMap$SerializedForm;0;0;0,002;0,004
com.google.common.collect.MinMaxPriorityQueue$QueueIterator;0;0;0,003;0,003
com.google.common.graph.GraphBuilder;0;0;0,014;0,003
com.google.common.primitives.ImmutableDoubleArray$1;0;0;0,005;0,006
com.google.common.util.concurrent.AbstractScheduledService$ServiceDelegate$Task;0;0;0,005;0,003
com.google.common.collect.ForwardingMap;1;0;0,08;0,019
com.google.common.collect.ForwardingListMultimap;0;0;0,0;0,003
com.google.common.collect.ExplicitOrdering;0;0;0,044;0,006
com.google.common.io.LittleEndianDataOutputStream;0;0;0,0;0,003
com.google.common.reflect.TypeToken$TypeCollector$3;0;0;0,01;0,003
com.google.common.reflect.TypeToken$TypeCollector$2;0;0;0,01;0,003
com.google.common.reflect.TypeToken$TypeCollector$4;0;0;0,011;0,003
com.google.common.math.PairedStats;0;0;0,002;0,003
com.google.common.cache.LocalCache$Strength;0;0;0,033;0,012
com.google.common.collect.Sets$4$1;0;0;0,046;0,004
com.google.common.collect.MapMakerInternalMap$CleanupMapTask;0;0;0,0;0,003
com.google.common.collect.MapMakerInternalMap$DummyInternalEntry;0;1;0,045;0,007
com.google.common.collect.MapMakerInternalMap$WeakKeyDummyValueSegment;0;0;0,043;0,003
com.google.common.hash.Murmur3_128HashFunction;0;0;0,007;0,003
com.google.common.util.concurrent.AtomicDoubleArray;0;0;0,0;0,003
com.google.common.collect.Synchronized$SynchronizedListMultimap;0;0;0,053;0,003
com.google.common.graph.ElementOrder$1;0;0;0,013;0,005
com.google.common.collect.ImmutableRangeSet$AsSetSerializedForm;0;0;0,052;0,003
com.google.common.hash.BloomFilterStrategies$LockFreeBitArray;0;0;0,01;0,006
com.google.common.hash.Funnels$SequentialFunnel;0;0;0,011;0,003
com.google.common.hash.AbstractByteHasher;0;0;0,019;0,006
com.google.common.reflect.MutableTypeToInstanceMap$UnmodifiableEntry$1;0;0;0,003;0,003
com.google.common.collect.Tables$AbstractCell;0;0;0,026;0,008
com.google.common.reflect.MutableTypeToInstanceMap$UnmodifiableEntry$2;0;0;0,003;0,003
com.google.common.base.CaseFormat;0;0;0,01;0,009
com.google.common.hash.MacHashFunction$1;0;0;0,01;0,004
com.google.common.collect.Interners;0;0;0,0;0,003
com.google.common.eventbus.Subscriber;0;0;0,016;0,013
com.google.common.primitives.Floats$LexicographicalComparator;0;0;0,002;0,003
com.google.common.cache.LocalCache$ValueIterator;0;0;0,012;0,004
com.google.common.collect.MapMaker$Dummy;0;1;0,057;0,007
com.google.common.primitives.Ints;1;0;0,145;0,052
com.google.common.annotations.Beta;0;0;0,0;0,003
com.google.common.primitives.Primitives;0;0;0,012;0,005
com.google.common.base.Utf8;0;0;0,0;0,003
com.google.common.base.Splitter$SplittingIterator;0;0;0,025;0,01
com.google.common.collect.Synchronized$SynchronizedAsMapValues;0;0;0,053;0,004
com.google.common.util.concurrent.AggregateFutureState$SafeAtomicHelper;0;0;0,022;0,004
com.google.common.base.Predicates$InPredicate;0;0;0,062;0,004
com.google.common.collect.MapMakerInternalMap$EntrySet;0;0;0,043;0,004
com.google.common.collect.Maps$MapDifferenceImpl;0;1;0,041;0,006
com.google.common.collect.Streams$1Splitr;0;0;0,06;0,003
com.google.common.collect.ImmutableSet$Indexed;1;0;0,086;0,007
com.google.common.util.concurrent.AbstractCatchingFuture$AsyncCatchingFuture;0;0;0,027;0,003
com.google.common.net.MediaType$2;0;0;0,002;0,003
com.google.common.collect.MapMakerInternalMap$InternalEntryHelper;0;1;0,053;0,008
com.google.common.collect.LinkedHashMultimap$ValueSetLink;0;0;0,008;0,005
com.google.common.collect.Multisets$1$1;0;0;0,043;0,004
com.google.common.primitives.UnsignedInteger;0;0;0,0;0,003
com.google.common.collect.Multisets$FilteredMultiset;0;1;0,045;0,005
com.google.common.base.Splitter$MapSplitter;0;0;0,016;0,004
com.google.common.cache.Weigher;0;0;0,025;0,008
com.google.common.collect.ImmutableSortedMap$1EntrySet;0;0;0,055;0,003
com.google.common.util.concurrent.MoreExecutors$DirectExecutorService;0;0;0,027;0,003
com.google.common.util.concurrent.TrustedListenableFutureTask$TrustedFutureInterruptibleAsyncTask;0;0;0,031;0,004
com.google.common.base.Converter$IdentityConverter;0;0;0,037;0,014
com.google.common.primitives.UnsignedBytes$LexicographicalComparatorHolder;0;0;0,01;0,008
com.google.common.collect.TreeRangeSet$RangesByUpperBound;0;0;0,057;0,004
com.google.common.collect.HashBiMap$Inverse;0;0;0,016;0,005
com.google.common.collect.ForwardingMap$StandardKeySet;0;0;0,0;0,003
com.google.common.collect.Iterators$10;0;0;0,043;0,006
com.google.common.cache.LocalCache$StrongAccessWriteEntry;0;0;0,015;0,003
com.google.common.collect.Iterators$11;0;0;0,043;0,006
com.google.common.base.Predicate;1;0;0,232;0,09
com.google.common.collect.Iterators$ConcatenatedIterator;0;0;0,043;0,006
com.google.common.collect.Lists$CharSequenceAsList;0;0;0,054;0,005
com.google.common.cache.LocalCache$KeyIterator;0;0;0,012;0,004
com.google.common.net.InetAddresses$TeredoInfo;0;0;0,003;0,003
com.google.common.cache.LocalCache;0;0;0,064;0,03
com.google.common.cache.LongAddables$PureJavaLongAddable;0;0;0,015;0,003
com.google.common.collect.ArrayTable$1;0;0;0,011;0,006
com.google.common.math.MathPreconditions;1;0;0,079;0,009
com.google.common.collect.ArrayTable$2;0;0;0,004;0,003
com.google.common.collect.ArrayTable$3;0;0;0,004;0,003
com.google.common.graph.ImmutableNetwork;0;0;0,0;0,003
com.google.common.collect.ImmutableMultimap;1;0;0,101;0,011
com.google.common.collect.HashBiMap$InverseSerializedForm;0;0;0,01;0,003
com.google.common.util.concurrent.WrappingScheduledExecutorService;0;0;0,026;0,004
com.google.common.collect.FilteredEntryMultimap$Keys$1;0;0;0,067;0,004
com.google.common.collect.ImmutableSortedSet;1;0;0,111;0,015
com.google.common.base.Charsets;0;0;0,012;0,003
com.google.common.util.concurrent.AbstractExecutionThreadService$1$2;0;0;0,002;0,003
com.google.common.util.concurrent.AbstractExecutionThreadService$1$1;0;0;0,002;0,003
com.google.common.collect.ImmutableRangeSet$Builder;0;0;0,052;0,003
com.google.common.hash.Hashing$LinearCongruentialGenerator;0;0;0,008;0,003
com.google.common.io.CharSource$StringCharSource;0;0;0,015;0,006
com.google.common.collect.ImmutableMap$MapViewOfValuesAsSingletonSets$1$1;0;0;0,04;0,004
com.google.common.collect.Multimaps$Keys;1;0;0,081;0,007
com.google.common.graph.EndpointPair$1;0;1;0,012;0,01
com.google.common.base.Joiner$MapJoiner;0;1;0,055;0,008
com.google.common.cache.ForwardingLoadingCache$SimpleForwardingLoadingCache;0;0;0,0;0,003
com.google.common.collect.AbstractMultiset$EntrySet;1;0;0,083;0,004
com.google.common.base.Predicates$OrPredicate;0;0;0,062;0,004
com.google.common.base.Optional$1;0;1;0,062;0,009
com.google.common.collect.Streams$DoubleFunctionWithIndex;0;0;0,064;0,007
com.google.common.collect.FilteredKeySetMultimap;1;0;0,075;0,003
com.google.common.base.Splitter$4$1;0;0;0,015;0,004
com.google.common.base.Objects;1;0;0,215;0,11
com.google.common.util.concurrent.Futures$CallbackListener;0;0;0,029;0,003
com.google.common.collect.SortedSetMultimap;1;0;0,086;0,007
com.google.common.collect.ImmutableSortedAsList;1;0;0,076;0,003
com.google.common.collect.TreeRangeSet$SubRangeSetRangesByLowerBound$2;0;0;0,048;0,003
com.google.common.collect.TreeRangeSet$SubRangeSetRangesByLowerBound$1;0;0;0,048;0,003
com.google.common.collect.DenseImmutableTable$ImmutableArrayMap;0;0;0,014;0,006
com.google.common.collect.AbstractBiMap$KeySet;0;0;0,004;0,003
com.google.common.collect.Maps$SortedMapDifferenceImpl;0;0;0,04;0,004
com.google.common.collect.Streams$3Splitr;0;0;0,06;0,003
com.google.common.collect.Maps$EntrySet;1;0;0,088;0,013
com.google.common.util.concurrent.AbstractFuture$AtomicHelper;0;0;0,022;0,011
com.google.common.hash.LongAdder;0;0;0,008;0,005
com.google.common.util.concurrent.MoreExecutors;0;0;0,068;0,02
com.google.common.util.concurrent.Futures$FutureCombiner;0;0;0,031;0,006
com.google.common.collect.Streams$LongFunctionWithIndex;0;0;0,064;0,007
com.google.common.io.CharSource$EmptyCharSource;0;0;0,013;0,003
com.google.common.cache.LocalCache$WeakAccessWriteEntry;0;0;0,015;0,003
com.google.common.util.concurrent.AbstractFuture$1;0;0;0,021;0,009
com.google.common.collect.AbstractMapBasedMultimap$SortedKeySet;0;1;0,049;0,007
com.google.common.collect.Sets$5$1$1;0;0;0,047;0,004
com.google.common.cache.LocalCache$2;0;0;0,011;0,003
com.google.common.collect.ForwardingMultiset$StandardElementSet;0;0;0,0;0,003
com.google.common.cache.LocalCache$1;0;0;0,039;0,011
com.google.common.collect.EmptyContiguousSet$1;0;0;0,052;0,004
com.google.common.base.CharMatcher$Ascii;0;0;0,034;0,006
com.google.common.cache.LongAddables;0;0;0,016;0,003
com.google.common.collect.ImmutableMap$Builder;1;0;0,1;0,02
com.google.common.base.Converter$FunctionBasedConverter;0;0;0,037;0,014
com.google.common.collect.Streams$3;0;0;0,06;0,003
com.google.common.collect.Streams$2;0;0;0,06;0,003
com.google.common.collect.Streams$1;0;0;0,06;0,003
com.google.common.collect.MutableClassToInstanceMap$1;0;0;0,002;0,004
com.google.common.collect.MutableClassToInstanceMap$2;0;0;0,003;0,005
com.google.common.collect.Streams$5;0;0;0,06;0,003
com.google.common.collect.Streams$4;0;0;0,06;0,003
com.google.common.collect.AbstractBiMap$EntrySet;0;0;0,004;0,003
com.google.common.reflect.TypeToken$TypeFilter$1;0;0;0,01;0,004
com.google.common.reflect.TypeToken$TypeFilter$2;0;0;0,01;0,004
com.google.common.collect.FilteredEntryMultimap$AsMap$1EntrySetImpl$1;0;0;0,063;0,003
com.google.common.util.concurrent.ForwardingCondition;0;0;0,003;0,005
com.google.common.collect.Multimaps$CustomMultimap;1;0;0,073;0,003
com.google.common.collect.RegularImmutableList;0;1;0,045;0,009
com.google.common.collect.Tables$TransposeTable$1;0;0;0,018;0,003
com.google.common.hash.BloomFilterStrategies$1;0;0;0,005;0,004
com.google.common.hash.BloomFilterStrategies$2;0;0;0,004;0,004
com.google.common.util.concurrent.ForwardingBlockingDeque;0;0;0,0;0,003
com.google.common.cache.CacheLoader$UnsupportedLoadingOperationException;0;0;0,017;0,004
com.google.common.collect.Interners$InternerBuilder;0;0;0,002;0,003
com.google.common.reflect.Types$ClassOwnership$2;0;0;0,01;0,004
com.google.common.cache.LocalCache$EntryFactory;0;0;0,029;0,008
com.google.common.collect.Streams$4Splitr;0;0;0,06;0,003
com.google.common.collect.Synchronized$SynchronizedAsMapEntries;0;0;0,055;0,005
com.google.common.reflect.Types$ClassOwnership$3;0;0;0,01;0,004
com.google.common.collect.RegularImmutableMap$KeySet;0;0;0,047;0,003
com.google.common.collect.SingletonImmutableTable;0;0;0,009;0,003
com.google.common.reflect.Types$ClassOwnership$1;0;0;0,01;0,004
com.google.common.graph.ForwardingNetwork;0;0;0,012;0,003
com.google.common.util.concurrent.SimpleTimeLimiter$1$1;0;0;0,002;0,005
com.google.common.collect.ImmutableMapKeySet;0;0;0,062;0,004
com.google.common.base.Verify;0;0;0,0;0,003
com.google.common.collect.MultimapBuilder$MultimapBuilderWithKeys$4;0;0;0,059;0,004
com.google.common.collect.MultimapBuilder$MultimapBuilderWithKeys$3;0;0;0,059;0,004
com.google.common.collect.MultimapBuilder$MultimapBuilderWithKeys$2;0;0;0,059;0,004
com.google.common.collect.MultimapBuilder$MultimapBuilderWithKeys$1;0;0;0,059;0,004
com.google.common.collect.MultimapBuilder$MultimapBuilderWithKeys$6;0;0;0,059;0,004
com.google.common.collect.MultimapBuilder$MultimapBuilderWithKeys$5;0;0;0,059;0,004
com.google.common.base.Ticker;0;0;0,032;0,016
com.google.common.math.StatsAccumulator;0;0;0,005;0,003
com.google.common.util.concurrent.AggregateFutureState;0;0;0,03;0,008
com.google.common.hash.Funnel;0;0;0,048;0,029
com.google.common.eventbus.SubscriberExceptionHandler;0;0;0,007;0,006
com.google.common.io.ByteStreams;0;0;0,023;0,006
com.google.common.collect.Maps$AbstractFilteredMap;0;1;0,044;0,007
com.google.common.collect.FilteredMultimap;1;0;0,085;0,005
com.google.common.collect.FilteredMultimapValues;1;0;0,073;0,003
com.google.common.io.ByteProcessor;0;0;0,019;0,005
com.google.common.collect.MapMakerInternalMap$SerializationProxy;0;0;0,043;0,004
com.google.common.collect.ImmutableSet$Builder;1;0;0,081;0,014
com.google.common.collect.Sets$SetView;1;0;0,08;0,015
com.google.common.collect.Synchronized$SynchronizedAsMapValues$1;0;0;0,05;0,004
com.google.common.collect.Synchronized$SynchronizedSortedSet;0;1;0,055;0,005
com.google.common.collect.Maps$SortedAsMapView;0;0;0,04;0,004
com.google.common.collect.Collections2$PermutationIterator;0;0;0,062;0,004
com.google.common.graph.MapIteratorCache$1;0;0;0,01;0,007
com.google.common.primitives.Shorts$ShortArrayAsList;0;0;0,001;0,004
com.google.common.util.concurrent.AggregateFuture;0;0;0,032;0,008
com.google.common.io.Closer;0;0;0,022;0,01
com.google.common.collect.Tables$ImmutableCell;0;0;0,022;0,003
com.google.common.collect.UsingToStringOrdering;0;0;0,044;0,006
com.google.common.collect.ArrayTable$ArrayMap;0;0;0,013;0,008
com.google.common.reflect.TypeToken$TypeSet;0;0;0,016;0,005
com.google.common.collect.AbstractMapBasedMultimap$AsMap;0;1;0,051;0,007
com.google.common.collect.ForwardingMap$StandardEntrySet;0;0;0,0;0,003
com.google.common.graph.AbstractNetwork$1$1;0;0;0,011;0,004
com.google.common.cache.LocalCache$WriteQueue;0;0;0,019;0,005
com.google.common.collect.MapDifference;0;1;0,043;0,008
com.google.common.primitives.Ints$LexicographicalComparator;0;0;0,055;0,01
com.google.common.primitives.Booleans$BooleanComparator;0;0;0,043;0,006
com.google.common.collect.LinkedListMultimap$1ValuesImpl;0;0;0,005;0,004
com.google.common.collect.StandardTable$ColumnKeyIterator;0;0;0,015;0,003
com.google.common.collect.MinMaxPriorityQueue$Heap;0;0;0,003;0,003
com.google.common.collect.Maps$FilteredEntryNavigableMap;0;1;0,042;0,005
com.google.common.collect.ImmutableTable$CollectorState;0;0;0,008;0,003
com.google.common.collect.MultimapBuilder$ListMultimapBuilder;1;0;0,077;0,005
com.google.common.reflect.ClassPath$Scanner;0;0;0,004;0,003
com.google.common.util.concurrent.AbstractScheduledService$ServiceDelegate$1;0;0;0,005;0,003
com.google.common.util.concurrent.AbstractScheduledService$ServiceDelegate$2;0;0;0,005;0,003
com.google.common.util.concurrent.AbstractScheduledService$ServiceDelegate$3;0;0;0,005;0,003
com.google.common.collect.MapMakerInternalMap$StrongKeyStrongValueEntry;0;0;0,045;0,004
com.google.common.math.LinearTransformation$VerticalLinearTransformation;0;0;0,003;0,009
com.google.common.util.concurrent.ImmediateFuture$ImmediateFailedCheckedFuture;0;0;0,029;0,003
com.google.common.collect.Sets$DescendingSet;0;0;0,002;0,004
com.google.common.collect.Sets;1;0;0,198;0,078
com.google.common.primitives.Ints$IntConverter;0;0;0,055;0,01
com.google.common.util.concurrent.FuturesGetChecked$GetCheckedTypeValidator;0;0;0,029;0,008
com.google.common.collect.Multisets$ElementSet;1;0;0,083;0,005
com.google.common.collect.ComparisonChain$1;0;0;0,041;0,009
com.google.common.graph.AbstractUndirectedNetworkConnections;0;0;0,013;0,004
com.google.common.cache.LocalCache$AccessQueue$1;0;0;0,015;0,003
com.google.common.cache.LocalCache$AccessQueue$2;0;0;0,015;0,003
com.google.common.collect.Iterables$2;0;0;0,055;0,004
com.google.common.collect.Lists$TransformingSequentialList$1;0;0;0,053;0,004
com.google.common.primitives.Booleans;0;1;0,054;0,015
com.google.common.collect.Iterables$3;0;0;0,055;0,004
com.google.common.collect.Iterables$4;0;0;0,055;0,004
com.google.common.collect.Iterables$5;0;0;0,055;0,004
com.google.common.collect.Iterables$6;0;1;0,057;0,006
com.google.common.collect.ForwardingObject;1;0;0,11;0,03
com.google.common.collect.Iterables$7;0;0;0,055;0,004
com.google.common.collect.Iterables$8;0;0;0,055;0,004
com.google.common.collect.Iterables$9;0;0;0,055;0,004
com.google.common.collect.MultimapBuilder$MultimapBuilderWithKeys;1;0;0,095;0,016
com.google.common.graph.ElementOrder$Type;0;0;0,014;0,01
com.google.common.base.MoreObjects$1;1;0;0,086;0,028
com.google.common.collect.ImmutableMapEntry$NonTerminalImmutableBiMapEntry;0;0;0,054;0,003
com.google.common.collect.ImmutableSortedSet$1;0;0;0,064;0,003
com.google.common.graph.Graphs$TransposedValueGraph;0;0;0,012;0,003
com.google.common.reflect.TypeToInstanceMap;0;0;0,005;0,003
com.google.common.collect.ImmutableBiMap;1;0;0,077;0,015
com.google.common.collect.Multisets$UnmodifiableMultiset;0;1;0,044;0,005
com.google.common.collect.Multimaps$Keys$1$1;0;0;0,064;0,004
com.google.common.util.concurrent.ServiceManager$NoOpService;0;0;0,009;0,003
com.google.common.io.Files$FileByteSource;0;0;0,005;0,003
com.google.common.graph.ImmutableValueGraph;0;0;0,0;0,003
com.google.common.collect.Iterables$1;0;1;0,056;0,005
com.google.common.reflect.Parameter;0;0;0,006;0,004
com.google.common.util.concurrent.AbstractFuture$Failure$1;0;0;0,017;0,004
com.google.common.base.Ascii;1;0;0,099;0,014
com.google.common.collect.ImmutableRangeSet$1;0;0;0,052;0,003
com.google.common.util.concurrent.AggregateFutureState$AtomicHelper;0;0;0,024;0,006
com.google.common.collect.LinkedHashMultimap$ValueSet$1;0;0;0,003;0,003
com.google.common.primitives.SignedBytes;0;0;0,005;0,007
com.google.common.cache.LocalCache$StrongWriteEntry;0;0;0,015;0,003
com.google.common.net.MediaType$1;0;0;0,002;0,003
com.google.common.reflect.ImmutableTypeToInstanceMap$1;0;0;0,004;0,004
com.google.common.cache.RemovalCause;0;0;0,019;0,061
com.google.common.collect.SortedIterables;0;0;0,072;0,004
com.google.common.util.concurrent.FuturesGetChecked;0;0;0,035;0,009
com.google.common.util.concurrent.ListenableScheduledFuture;0;0;0,03;0,005
com.google.common.collect.Maps$FilteredEntryMap$EntrySet$1;0;0;0,04;0,005
com.google.common.graph.DirectedMultiNetworkConnections$1;0;0;0,009;0,003
